Code of  Virginia  Section,altavista
1-13 et seq.,1-2
1-13—1-13.34,1-2
1-13.1:1,1-2
1-13.9,1-3
1-13.19,1-2
1-13.25,1-2
1-13.30,1-2
1-13.32,1-2
1-13.39:2,22-133
,74-3
1-13.42,1-2
1-15.1,1-11
"1-16, 1-17","1-12, 1-13"
1-17.1,1-6
2.2-703(A)(6),54-45
2.2-3100 et seq.,Ch. 2
,"2-411, 2-412"
2.2-3100—2.2-3127  2-95,2.2-3100—2.2-3127  2-95
2.2-3101,2-419
"2.2-3112(A)(2), (3)  2-413","2.2-3112(A)(2), (3)  2-413"
2.2-3700 et seq.,Ch. 2
,2-213
2.2-3704,86-731.1
2.2-3707(F),86-731.1
2.2-4300,"2-181, 2-182"
2.2-4300 et seq.,Ch. 2
"Ch. 2, Art. V","Ch. 2, Art. V"
Div. 2,Div. 2
2.2-4301,2-183
,2-216
,2-222
,2-224
,2-226
,2-261—2-265
,2-292
"2.2-4303  Ch. 2, Art. V,","2.2-4303  Ch. 2, Art. V,"
"Div. 2, Subdiv. II","Div. 2, Subdiv. II"
,2-234—2-236
,2-262
2.2-4304,2-185
2.2-4305,2-212
2.2-4308,2-262
2.2-4309,2-228
2.2-4310,"2-371, 2-372"
2.2-4311,2-215
2.2-4315  2-217,2.2-4315  2-217
2.2-4316  2-218,2.2-4316  2-218
2.2-4317,2-215
2.2-4319,2-221
2.2-4321,2-311—2-314
2.2-4324,2-225
2.2-4330,2-223
2.2-4331,2-227
2.2-4333,2-229
2.2-4336,2-219
2.2-4337,2-230
2.2-4338,2-233
2.2-4339,2-220
2.2-4340,2-231
2.2-4341,2-232
2.2-4342,2-213
,2-344
2.2-4342(D),2-215
2.2-4343,2-291
2.2-4343 et seq.,2-237
2.2-4346(A),"Ch. 2, Art. V,"
,"Div. 2, Subdiv. II"
2.2-4357,2-215
2.2-4357—  2.2-4363,2-341—2-347
2.2-4364,2-349
2.2-4365,2-348
2.2-4367,2-411
2.2-4367 et seq.,2-215
2.2-4368—  2.2-4371,2-412—2-415
2.2-4371—  2.2-4377,2-416—2-422
2.2-4400 et seq.,2-162
3.1-73.6,18-1
3.1-336,"App. B, § 9.30"
3.1-562.4,Ch. 22
3.1-723,18-1
3.1-723 et seq.,Ch. 18
3.1-796.66  18-1,3.1-796.66  18-1
,"18-157, 18-158"
3.1-796.66 et seq.  Ch. 18,3.1-796.66 et seq.  Ch. 18
,18-89
3.1-796.68,18-1
,"18-157, 18-158"
3.1-796.73,18-78
3.1-796.86,18-117
3.1-796.87,18-111
3.1-796.88,18-113
3.1-796.89,18-116
3.1-796.90—  3.1-796.92,18-118—  18-120
3.1-796.93,18-84
,18-87
3.1-796.93:1,18-76
,18-152
,18-157
3.1-796.94,18-191
3.1-796.94:1,Char. § 3
,"18-41, 18-42"
3.1-796.94:1(B),Ch. 18
3.1-796.97,18-115
3.1-796.98,18-1
3.1-796.100,"18-82, 18-83"
3.1-796.101,18-112
3.1-796.103,18-114
3.1-796.104,18-1
,18-77
3.1-796.104:1,18-77
3.1-796.105,18-71
,"18-76, 18-77"
3.1-796.106,18-1
3.1-796.112—  3.1-796.115,18-196—  18-199
3.1-796.116,18-75
3.1-796.118,18-79
3.1-796.119,18-76
,18-80
,18-166
3.1-796.121,18-81
3.1-796.122  18-1,3.1-796.122  18-1
,18-78
,18-191
,18-195
3.1-796.122 et seq.  Ch. 18,3.1-796.122 et seq.  Ch. 18
3.1-796.123,18-192
3.1-796.125,18-193
3.1-796.126,18-194
3.1-796.126:1 et seq.  18-1,3.1-796.126:1 et seq.  18-1
3.1-796.126:1(B)(2)  18-1,3.1-796.126:1(B)(2)  18-1
3.1-796.127,Ch. 18
,18-74
3.1-796.128,Ch. 18
3.1-796.128(A)(7)  18-86,3.1-796.128(A)(7)  18-86
3.1-796.128(A)(8)  18-85,3.1-796.128(A)(8)  18-85
tit. 4.1,Ch. 10
4.1-100,10-1
4.1-210,14-31
4.1-308,10-2
4.1-309,10-3
6.1-363.1,54-45
8.1-201,1-2
9-6.14:1 et seq.,54-49
"tit. 10, ch. 11  86-23","tit. 10, ch. 11  86-23"
10.1-560 et seq.,Ch. 34
10.1-603.3,Ch. 34
10.1-1321,Ch. 34
10.1-1400,62-2
10.1-1400 et seq.  Ch. 62,10.1-1400 et seq.  Ch. 62
10.1-1414,62-111
10.1-1418,62-120
10.1-1421,62-114
10.1-1424,62-112
,62-116
,74-7
13.1-501 et seq.,22-42
tit. 15.2,Ch. 2
"tit. 15.2, Ch. 25",70-21
"tit. 15.2, Ch. 26",Char. § 22
"tit. 15.2, Ch. 64",65-2
15.2-106,2-163
15.2-173,38-1
15.2-900,21-1
,Ch. 34
15.2-901,Ch. 62
,62-82
15.2-902,Ch. 62
15.2-904,74-231
15.2-913,Ch. 54
,54-81
15.2-923,83-9
15.2-926,46-321
15.2-927 et seq.,Ch. 62
15.2-930,Ch. 62
15.2-932,Ch. 62
15.2-933,Ch. 62
15.2-955,2-131
15.2-967,Ch. 74
15.2-972,Ch. 26
15.2-1100—  15.2-1131,Char. § 3
15.2-1104,Ch. 70
15.2-1110,62-118
,Ch. 78
15.2-1111,Ch. 26
15.2-1114,Ch. 54
15.2-1115,18-41
,Ch. 34
15.2-1121,Ch. 26
15.2-1300,78-375
15.2-1427,2-33
15.2-1429,1-7
15.2-1429 et seq.  Char. § 3,15.2-1429 et seq.  Char. § 3
15.2-1430,1-7
15.2-1432,1-7
15.2-1433,1-1
,1-10
,1-14
15.2-1510,Char. § 3
15.2-1542,86-731.1
15.2-1700 et seq.  Ch. 38,15.2-1700 et seq.  Ch. 38
15.2-1704,Ch. 38
15.2-1714,46-349
15.2-1717.1,46-81.1
15.2-1733,2-94
15.2-1806 et seq.  Ch. 50,15.2-1806 et seq.  Ch. 50
15.2-1807,50-41
15.2-1808,Char. § 3
15.2-2000 et seq.  Char. § 3,15.2-2000 et seq.  Char. § 3
15.2-2015,Ch. 82
15.2-2026,Ch. 74
15.2-2028,Ch. 74
15.2-2029,Ch. 74
15.2-2100 et seq.  App. A,15.2-2100 et seq.  App. A
15.2-2109 et seq.  Ch. 78,15.2-2109 et seq.  Ch. 78
15.2-2119,78-88
15.2-2122 et seq.  Ch. 78,15.2-2122 et seq.  Ch. 78
15.2-2134 et seq.  Ch. 78,15.2-2134 et seq.  Ch. 78
15.2-2143 et seq.  Char. § 3,15.2-2143 et seq.  Char. § 3
15.2-2200,86-2
15.2-2200 et seq.  Ch. 58,15.2-2200 et seq.  Ch. 58
,86-72
15.2-2200—  15.2-2327,58-36
,86-782
15.2-2201,1-2
,66-2
,86-22
,86-732
15.2-2204,86-404
,86-732
,86-733
,86-736
,86-781
,86-782
,86-796
15.2-2208,86-913
15.2-2210 et seq.  Ch. 58,15.2-2210 et seq.  Ch. 58
15.2-2217,58-35
15.2-2221,58-36
15.2-2222.1,86-403
15.2-2223,86-792
15.2-2240 et seq.  Ch. 58,15.2-2240 et seq.  Ch. 58
15.2-2241,86-792
15.2-2258,66-2
15.2-2261,86-616
15.2-2262,66-133
15.2-2264,66-134
15.2-2280,86-2
,86-22
,86-421
,86-732
15.2-2280 et seq.  Ch. 58,15.2-2280 et seq.  Ch. 58
,86-421
15.2-2281,Ch. 66
,66-92
,66-135
,86-2
15.2-2283,86-791
,Ch. 86
15.2-2286.A.4,86-732
,86-913
15.2-2286 A.16,86-915
15.2-2291,86-32
,86-132
,86-192
,86-292
15.2-2292.1,86-32
,86-460
15.2-2297,86-796
15.2-2306,21-2
,86-421
15.2-2307,86-701
,86-702
15.2-2309,86-731.1
,86-732
"15.2-2309, subd. 6  86-732","15.2-2309, subd. 6  86-732"
15.2-2312,86-731
,86-732
15.2-2314,86-731
,86-731.1
15.2-2404—  15.2-2413,78-163
15.2-2600 et seq.  Char. § 22,15.2-2600 et seq.  Char. § 22
15.2-4200 et seq.  Ch. 58,15.2-4200 et seq.  Ch. 58
15.2-5702,46-112
tit. 16.1,1-2
,Ch. 30
16.1-228,46-251
16.1-253,46-81
16.1-253.1  46-81,16.1-253.1  46-81
16.1-253.4,46-81
16.1-278.2—  16.1-278.6,46-81
16.1-278.4,46-321
16.1-278.5,46-321
16.1-278.8,46-81
16.1-278.14,46-81
16.1-278.15,46-81
16.1-279.1,46-81
tit. 18.2,Ch. 46
18.2-9,1-7
18.2-11,1-7
18.2-18,46-251
18.2-19,46-251
18.2-23,46-31
18.2-27,46-32
18.2-28,46-33
18.2-38,46-342
18.2-42,46-342
18.2-56.1,46-183
18.2-61,46-251
18.2-63,46-251
18.2-66,46-251
18.2-119,46-81
,46-81.1
18.2-121,46-82
18.2-125,46-83
18.2-125 et seq.,Ch. 26
18.2-128,46-84
18.2-132,46-85
18.2-132—18.2-136  46-81,18.2-132—18.2-136  46-81
18.2-133,46-86
18.2-135  18.2-136,46-87  46-88
18.2-138.1,46-111
18.2-140,46-112
18.2-146  18.2-147,46-131  46-132
18.2-223,Ch. 22
,22-4
18.2-224,Ch. 22
,22-4
18.2-266,38-1
18.2-266 et seq.,74-3
18.2-267 et seq.,Ch. 10
18.2-280,46-184
18.2-282,46-185
18.2-282(C),46-181
18.2-283—  18.2-286,46-187—  46-189
18.2-311,46-190
18.2-316  18.2-317,46-211  46-212
18.2-318  18.2-319,46-212  46-213
18.2-323,Ch. 18
,18-5
18.2-323.1,10-5
18.2-324,46-214
18.2-340.15 et seq.  Ch. 14,18.2-340.15 et seq.  Ch. 14
18.2-347,46-251
18.2-371,46-251
18.2-387,46-271
18.2-388,38-1
,46-272
18.2-389,Ch. 46
,46-273
18.2-390  18.2-391,46-291  46-292
18.2-391.1,46-293
18.2-403.1 et seq.  Ch. 18,18.2-403.1 et seq.  Ch. 18
18.2-404,46-341
18.2-405  18.2-406,46-343  46-344
18.2-407,38-1
,46-345
18.2-410,Ch. 38
18.2-411  18.2-412,46-346  46-347
18.2-414.1  18.2-414.2,46-348  46-349
18.2-415,46-323
18.2-432,Ch. 14
18.2-433,Ch. 14
18.2-433,14-31
,"App. B, § 9.26"
18.2-438 et seq.,2-411
18.2-446 et seq.,2-411
18.2-460,46-381
18.2-460.1,46-382
18.2-461,38-2
18.2-462,46-383
18.2-463,38-3
18.2-464,38-4
18.2-498.1 et seq.  2-215,18.2-498.1 et seq.  2-215
,2-411
18.2-510,Ch. 18
,18-6
,18-83
"tit. 19.2, ch. 2  38-1","tit. 19.2, ch. 2  38-1"
"tit. 19.2, ch. 23  38-1","tit. 19.2, ch. 23  38-1"
19.2-12 et seq.,38-1
19.2-54,86-915
19.2-61 et seq.,46-382
19.2-74,38-1
19.2-76.2,Ch. 62
19.2-82,38-1
19.2-128,38-1
19.2-152.1,Ch. 22
19.2-152.8—  19.2-152.10,46-81
19.2-260 et seq.,18-78
19.2-297.1,46-342
19.2-305.1,46-111
19.2-387 et seq.,38-1
19.2-390,38-1
20-103,46-81
24.2-101,54-31
tit. 27,14-51
,14-53
tit. 29.1,Ch. 18
29.1-527,Ch. 18
"tit. 32.1, art. 2",78-125
32.1-163 et seq.,Ch. 78
32.1-167 et seq.,Ch. 78
32.1-289 et seq.,54-31
33.1-346,62-112
33.1-346.1,62-113
33.1-351 et seq.,Ch. 6
33.1-369(1),Ch. 26
34-26,Ch. 26
34-28,Ch. 26
36-85.2 et seq.,Ch. 42
36-85.3,42-1
36-97 et seq.,86-642
36-97—36-119.1,14-51
36-99.11,Ch. 74
,"74-171, 74-172"
tit. 38.2,22-1
,54-82
40.1-100,Ch. 14
42.1-76 et seq.,Ch. 2
,Ch. 66
43-34,"App. B, § 9.30"
tit. 46.2,38-1
,74-3
46.2-100,46-84
,74-54
,74-55
,74-231
46.2-100 et seq.,Ch. 74
46.2-113,74-2
,74-9
46.2-300 et seq.,Ch. 74
46.2-310,Ch. 82
46.2-388,38-1
46.2-472,82-37
46.2-600 et seq.,74-173
46.2-711,Ch. 82
46.2-730,74-54
46.2-731,74-171
46.2-739,74-171
46.2-739(B),74-172
46.2-730,74-54
46.2-750,74-54
46.2-750(A),74-54
46.2-750.1,74-54
46.2-752,74-52
46.2-752 et seq.,Ch. 74
,"Ch. 74, Art. II"
46.2-800 et seq.,Ch. 74
46.2-828,"74-9, 74-10"
46.2-828.1,74-9
46.2-870 et seq.,74-91
46.2-873,74-92
,74-92.1
46.2-878,74-93
46.2-882.1,74-92.1
46.2-904—  46.2-906,74-303—  74-305
46.2-932,74-306
46.2-936,62-112
46.2-1015,74-302
46.2-1025,74-9
46.2-1047,34-1
46.2-1049,34-1
46.2-1050,34-1
46.2-1139,74-91
46.2-1149.2,74-91
46.2-1200,62-111
,74-201
46.2-1200 et seq.  Ch. 74,46.2-1200 et seq.  Ch. 74
46.2-1200—  46.2-1208,74-201
46.2-1212,Ch. 74
46.2-1212,74-203
46.2-1213,74-204
46.2-1215,74-204
46.2-1216,Ch. 74
46.2-1217,74-204
46.2-1219,Ch. 74
46.2-1220,Ch. 74
46.2-1220,74-161
,74-173
46.2-1241,"74-171, 74-172"
46.2-1242,"74-172, 74-173"
46.2-1244,74-172
46.2-1300,74-94
,74-131
46.2-1300 et seq.  Ch. 74,46.2-1300 et seq.  Ch. 74
46.2-1302,"Ch. 74, Art. VI"
46.2-1304,74-310
46.2-1313,Ch. 10
,74-3
"46.2-1500 et seq.  App. B, § 9.30","46.2-1500 et seq.  App. B, § 9.30"
46.2-1550,42-1
46.2-2059 et seq.  Ch. 82,46.2-2059 et seq.  Ch. 82
46.2-2062 et seq.  Ch. 82,46.2-2062 et seq.  Ch. 82
46.2-2064,82-31
46.2-2066,82-38
49-1,65-7
53.1-95.2 et seq.,74-54
tit. 54.1,Ch. 22
54.1-601,"App. B, § 9.30"
54.1-605,"App. B, § 9.26"
54.1-2310,26-1
54.1-2310 et seq.  Ch. 26,54.1-2310 et seq.  Ch. 26
54.1-4000—  54.1-4014,22-133
"54.1-4100 et seq.  Ch. 22, Art. IV","54.1-4100 et seq.  Ch. 22, Art. IV"
54.1-4101,22-124
54.1-4101.1,22-124
54.1-4102,22-125
54.1-4111,Ch. 22
54.1-4200 et seq.  Ch. 22,54.1-4200 et seq.  Ch. 22
55-79.39 et seq.  86-22,55-79.39 et seq.  86-22
,86-251
55-202 et seq.,Ch. 18
55-336 et seq.,Ch. 66
55-416 et seq.,"App. B, § 9.30"
55-424 et seq.,86-251
55-508 et seq.,86-792
56-594,70-171
57-22 et seq.,Ch. 26
57-26,26-2
57-48,54-31
57-49,54-33
,54-48
57-50,54-35
,54-48
57-51(a),54-36
57-51(b),54-35
57-52—57-54,54-37—54-39
57-55.2:1,54-34
57-55.3,54-40
57-56—57-59,54-41—54-44
57-60,54-35
,54-45
"57-60(A)(1), (4), (6)  54-48","57-60(A)(1), (4), (6)  54-48"
57-60(C),54-48
57-61,56-46
57-62,54-47
57-63,54-32
,54-48
57-63(A)—(C),54-48
57-63(D),54-45
57-67,54-49
tit. 58.1,22-42
58.1-1 et seq.,Ch. 70
58.1-6 et seq.,Ch. 70
58.1-15,70-214
58.1-321 et seq.,70-277(b)
58.1-520 et seq.,Ch. 70
58.1-605 et seq.,Ch. 70
"58.1-1200 et seq.  Ch. 70, Art. V","58.1-1200 et seq.  Ch. 70, Art. V"
,"70-212, 70-213"
58.1-1201,70-211
58.1-1204,70-212
58.1-1205,70-211
58.1-1207,70-213
58.1-1208 et seq.  Ch. 70,58.1-1208 et seq.  Ch. 70
58.1-1211,70-212
58.1-1821,22-48
58.1-1822,22-48
58.1-2401,"74-51, 74-54"
58.1-2402(A)(4),"74-51, 74-54"
58.1-2901,"70-172, 70-173"
58.1-3000 et seq.  Ch. 70,58.1-3000 et seq.  Ch. 70
58.1-3005,Ch. 70
"58.1-3210 et seq.  Ch. 70, Art. VI","58.1-3210 et seq.  Ch. 70, Art. VI"
,70-271
,70-274
58.1-3210,70-278
58.1-3211,70-274
58.1-3212,70-274
58.1-3213,70-275
58.1-3213.1,70-278
58.1-3214,70-276
58.1-3215,70-277
58.1-3217,70-272
,"70-274(b), (d)"
,70-275(b)
58.1-3520,42-1
58.1-3523,70-20
58.1-3606,70-145
,"70-172, 70-173"
58.1-3607,70-145
,"70-172, 70-173"
58.1-3700 et seq.  Ch. 22,58.1-3700 et seq.  Ch. 22
,"App. B, Art. I"
58.1-3700.1,22-42
,"App. B, § 9.25"
58.1-3701,22-42
,22-46
58.1-3703,22-2
,22-44
,82-31
"58.1-3703.1(A)(1), (2)  22-43","58.1-3703.1(A)(1), (2)  22-43"
58.1-3703.1(A)(3)—  58.1-3703.1(A)(6)  22-46—22-49,58.1-3703.1(A)(3)—  58.1-3703.1(A)(6)  22-46—22-49
58.1-3706,22-44
58.1-3714(D),22-42
,"App. B, § 9.14  App. B, § 9.15"
,"App. B, § 9.26"
58.1-3715,"22-42, 22-43"
,22-46
58.1-3716,22-44
58.1-3717,22-42—22-44
,"App. B, § 9.22"
58.1-3717 et seq.  Ch. 54,58.1-3717 et seq.  Ch. 54
58.1-3718,"22-43, 22-44"
58.1-3719.1,22-44
58.1-3720,22-44
58.1-3720—  58.1-3723,"Ch. 22, Art. III"
58.1-3721,22-44
58.1-3726,"22-3, 22-44"
58.1-3727,22-44
58.1-3728,22-2
,"22-43, 22-44"
58.1-3730,22-44
,"App. B, § 9.25"
58.1-3731,"22-43, 22-44"
,82-31
58.1-3732,22-45
58.1-3733,22-44
"58.1-3812 et seq.  Ch. 70, Art. IV","58.1-3812 et seq.  Ch. 70, Art. IV"
58.1-3814,"70-172, 70-173"
"58.1-3814(F), (G)  70-172","58.1-3814(F), (G)  70-172"
"58.1-3814(H), (I)",70-173
58.1-3814(J),70-173
58.1-3819,"Ch. 70, Art. III"
58.1-3840,"Ch. 70, Art. II,  Ch. 70, Art. III"
,70-44
58.1-3900 et seq.  Ch. 22,58.1-3900 et seq.  Ch. 22
,Ch. 70
58.1-3903,22-47
58.1-3906,70-51
58.1-3912,70-3
58.1-3916,22-43
58.1-3921,70-3
58.1-3924,70-4
58.1-3940,21-1
,22-47
"58.1-3940 et seq.  62-82, 62-151","58.1-3940 et seq.  62-82, 62-151"
"58.1-3965 et seq.  21-1, 62-82","58.1-3965 et seq.  21-1, 62-82"
,62-151
58.1-3984,"22-47, 22-48"
58.1-3986,22-46
58.1-3993,22-46
58.3701,"App. B, § 9.25"
"tit. 59.1, ch. 42.1  1-2","tit. 59.1, ch. 42.1  1-2"
59.1-9.10,54-44
59.1-68.6 et seq.,2-215
59.1-479 et seq.,1-2
62.1-44.2 et seq.,Ch. 78
62.1-44.3,78-3
62.1-194,62-118
63.1-164,70-43
63.2-2200,86-22
