,Code of Virginia  Section,Section this Code
0,1-210,1-2
1,1-216,1-2
2,1-217,1-8
3,1-222,1-2
4,1-223,1-2
5,1-227,1-2
6,1-228,1-2
7,1-230,1-2
8,—,12-16
9,—,26-872
10,1-233,1-2
11,1-239,1-6
12,1-243,1-7
13,1-250,1-2
14,2.2-614.1(A),12-22
15,2.2-614.1(B),12-22
16,2.2-1132,21-68
17,2.2-2006,21-67
18,2.2-3100 et seq.,21-107
19,—,"21-274, 21-275"
20,—,22-10
21,2.2-3101,21-282
22,2.2-3112(A)(2)—(4),21-276
23,2.2-3112(B)(1)—(3),21-276
24,2.2-3115,2-772
25,2.2-3118,2-772
26,2.2-3700—2.2-3714,12-16
27,2.2-3700 et seq.,"Ch. 2, Art. VII, Div. 4"
28,—,2-796
29,—,2-825
30,—,2-896
31,—,2-1004
32,—,2-1160
33,—,2-1176
34,—,2-1192
35,—,2-1210
36,—,2-1308
37,—,16-84
38,—,21-5
39,—,21-305
40,—,21-307
41,2.2-3705.1—2.2-3705.8,2-794
42,2.2-3711,Char. § 5.05
43,—,2-794
44,2.2-3801,2-1308
45,2.2-3900(B),17-1
46,2.2-4000 et seq.,13-252
47,2.2-4300 et seq.,"Ch. 2, Art. IV, Div. 15"
48,—,Ch. 21
49,—,22-11
50,2.2-4301,21-4
51,2.2-4302.2,21-68
52,2.2-4303(A),21-41
53,2.2-4303(C),21-67
54,2.2-4303(D),21-67
55,2.2-4303(E),21-38
56,2.2-4303(F),21-39
57,2.2-4303(G),21-37
58,2.2-4303.2,21-73
59,2.2-4304,21-40
60,2.2-4305,21-42
61,2.2-4309,21-59
62,2.2-4311,21-70
63,2.2-4315,21-48
64,2.2-4316,21-49
65,2.2-4317,"21-45, 21-46"
66,2.2-4321,"Ch. 21, Art. IV"
67,2.2-4326,21-8
68,2.2-4328(A),21-56
69,2.2-4330,21-53
70,2.2-4333,21-60
71,2.2-4334,21-61
72,2.2-4335,21-62
73,2.2-4336,21-50
74,2.2-4337,21-63
75,2.2-4338,21-66
76,2.2-4339,21-51
77,2.2-4340,21-64
78,2.2-4341,21-65
79,2.2-4342,21-5
80,2.2-4343—2.2-4346,21-3
81,2.2-4343.1,21-43
82,2.2-4352,21-9
83,2.2-4365,"Ch. 21, Art. V"
84,2.2-4367,21-274
85,2.2-4367 et seq.,"Ch. 21, Art. VIII"
86,2.2-4368,21-275
87,2.2-4369,21-276
88,2.2-4370,21-278
89,2.2-4371(A),21-277
90,2.2-4371(B),21-279
91,2.2-4372,21-280
92,2.2-4373,21-281
93,2.2-4374,21-282
94,2.2-4375,21-283
95,2.2-4376,21-284
96,2.2-4377,21-285
97,2.2-4382 et seq.,21-44
98,2.2-4401,12-2
99,2.2-4500 et seq.,12-3
100,2.2-4600 et seq.,12-3
101,2.2-4700 et seq.,12-3
102,2.2-5200 et seq.,21-3
103,3.1-796.94,4-187
104,3.2-3900 et seq.,"Ch. 15, Art. III"
105,3.2-5100 et seq.,"Ch. 6, Art. VII"
106,—,"Ch. 6, Art. VII, Div. 2"
107,3.2-5105 et seq.,"Ch. 6, Art. VII, Div. 2, Subd. IV"
108,3.2-5106(A),6-341
109,3.2-5106(B),6-342
110,3.2-5106(C),6-344
111,3.2-5107(B),6-349
112,3.2-5108,6-350
113,3.2-5109,6-354
114,3.2-5110,6-345
115,3.2-5111,6-343
116,3.2-5112,6-346
117,3.2-5113,6-352
118,3.2-5114,6-353
119,3.2-5115,6-351
120,3.2-5118,6-355
121,3.2-5200 et seq.,"Ch. 6, Art. VII"
122,—,"Ch. 6, Art. VII, Div. 2"
123,3.2-5400 et seq.,"Ch. 6, Art. VII"
124,—,"Ch. 6, Art. VII, Div. 2"
125,3.2-5401,6-244
126,3.2-5406 et seq.,6-243
127,3.2-6500,4-1
128,—,4-96
129,—,19-82
130,3.2-6503,4-241
131,3.2-6503.1,4-127
132,3.2-6508 et seq.,"Ch. 4, Art. III, Div. 6"
133,3.2-6521,26-820
134,3.2-6521(A),4-365
135,—,4-366
136,3.2-6521(B),4-338
137,3.2-6521 et seq.,4-185
138,—,"Ch. 4, Art. IV"
139,3.2-6522,4-371
140,3.2-6526,26-819
141,3.2-6526 et seq.,26-788
142,3.2-6528,26-817
143,3.2-6530,26-818
144,3.2-6531,4-186
145,3.2-6532,26-821
146,3.2-6534,26-822
147,3.2-6534 et seq.,"Ch. 4, Art. III, Div. 2"
148,3.2-6536,26-824
149,3.2-6538,4-243
150,3.2-6540,4-1
151,—,4-241
152,3.2-6540.1,4-242
153,3.2-6542,4-241
154,3.2-6543(B),4-93
155,3.2-6544,4-91
156,—,4-92
157,3.2-6544 et seq.,4-53
158,3.2-6545,4-278
159,3.2-6545 et seq.,"Ch. 4, Art. III, Div. 5"
160,3.2-6552,4-94
161,3.2-6553,4-95
162,—,26-822
163,3.2-6554,4-248
164,3.2-6555,4-1
165,—,4-52
166,—,19-30
167,3.2-6555 et seq.,4-52
168,3.2-6556,4-241
169,3.2-6557(B)—(D),4-54
170,3.2-6558,4-1
171,3.2-6562,4-242
172,3.2-6564 et seq.,4-53
173,—,"Ch. 4, Art. III, Div. 5"
174,3.2-6570,4-96
175,3.2-6574,4-56
176,3.2-6574 et seq.,4-53
177,—,"Ch. 4, Art. III, Div. 5"
178,—,4-278
179,3.2-6579,4-57
180,3.2-6581 et seq.,"Ch. 4, Art. III, Div. 3"
181,3.2-6582,4-216
182,3.2-6585,4-2
183,3.5-6522,4-374
184,4-368,26-788
185,4.1-1 et seq.,26-939
186,4.1-100,26-1
187,—,26-872
188,—,26-954
189,4.1-100 et seq.,26-872
190,—,26-934
191,4.1-205,26-934
192,—,26-938
193,4.1-210,3-70
194,4.1-233,26-935—26-937
195,4.1-308,"19-3, 19-4"
196,4.1-309,19-3
197,—,19-5
198,5.1-158,19-59
199,6.2-18,30-1220
200,6.2-22,30-1220
201,8.01-43,11-134
202,8.01-316,Char. § 18.03
203,8.01-317,Char. § 18.03
204,8.01-319,Char. § 18.03
205,8.01-391,2-1324
206,8.01-581.1,19-59
207,9.1-101,3-73
208,9.1-138,3-73
209,9.1-138 et seq.,"Ch. 10, Art. II"
210,—,19-33
211,9.1-139,3-73
212,—,10-50
213,9.1-141,10-50
214,9.1-165 et seq.,12-103
215,9.1-173 et seq.,2-958
216,9.1-175,2-959
217,10.1-100 et seq.,Ch. 11 (note)
218,10.1-115,19-59
219,10.1-600 et seq.,Ch. 14 (note)
220,—,"Ch. 14, Art. II"
221,—,14-19
222,10.1-1100 et seq.,14-148
223,—,14-323
224,10.1-1105,14-181
225,10.1-1163(B),14-148
226,—,14-323
227,10.1-1400 et seq.,Ch. 23 (note)
228,—,"Ch. 23, Art. II"
229,—,23-47
230,10.1-1408.1,23-6
231,10.1-1414 et seq.,Ch. 23 (note)
232,13.1-301 et seq.,26-967
233,13.1-312 et seq.,26-873
234,15.2-102,28-1
235,15.2-105,7-6
236,—,12-119
237,15.2-106,12-4
238,—,28-67
239,15.2-200 et seq.,Ch. 2
240,15.2-900,5-151
241,—,11-109
242,—,14-124
243,—,30-100
244,15.2-900 et seq.,"Ch. 11, Art. III"
245,—,Ch. 15 (note)
246,—,"Ch. 15, Art. II"
247,15.2-901,"Ch. 11, Art. IV"
248,—,Ch. 23 (note)
249,—,"Ch. 23, Art. II"
250,15.2-901(A)(3),11-105
251,15.2-902,"Ch. 11, Art. IV"
252,15.2-904,27-330
253,—,27-332
254,15.2-904(A),27-327
255,—,27-328
256,15.2-906,5-151
257,—,30-100
258,15.2-907,"Ch. 11, Art. VI"
259,—,11-156
260,15.2-907.1,5-14
261,—,5-145
262,—,"Ch. 5, Art. V"
263,15.2-907.2,5-151
264,15.2-908,Tit. 58
265,15.2-908.1,"Ch. 11, Art. VII"
266,—,11-174
267,15.2-911,"Ch. 10, Art. II"
268,—,"Ch. 10, Art. III"
269,15.2-912,"Ch. 6, Art. IV"
270,15.2-912(B),6-90
271,15.2-912(C),6-91
272,15.2-912.3,"Ch. 3, Art. III"
273,15.2-913,"Ch. 6, Art. VIII"
274,15.2-915,19-335
275,15.2-915(E),19-335
276,15.2-915.2,19-334
277,15.2-926,"Ch. 19, Art. VIII"
278,—,19-111
279,15.2-926.2,"Ch. 19, Art. VI, Div. 2"
280,—,19-227
281,15.2-927,Ch. 23 (note)
282,—,"Ch. 23, Art. II"
283,15.2-928,Ch. 23 (note)
284,—,"Ch. 23, Art. II"
285,15.2-937,Ch. 23 (note)
286,—,"Ch. 23, Art. II"
287,15.2-943.1,"Ch. 6, Art. X"
288,—,6-509
289,15.2-955,10-78
290,15.2-956,2-305
291,15.2-958.1,8-68
292,15.2-958.1(A),8-68
293,15.2-958.2,2-1209
294,15.2-958.3,11-190
295,15.2-958.5,16-51
296,—,16-52
297,15.2-965,Char. § 2.04.1
298,—,2-1171
299,15.2-968.1,27-131
300,15.2-968.1(H),27-131
301,15.2-968.1(I),27-131
302,15.2-969,19-2
303,15.2-973,27-105
304,15.2-974,Ch. 13 (note)
305,15.2-1100 et seq.,Ch. 2
306,15.2-1104,Ch. 26 (note)
307,15.2-1109,"Ch. 6, Art. VII"
308,—,"Ch. 6, Art. VII, Div. 2"
309,15.2-1111,Ch. 7 (note)
310,15.2-1113,19-327
311,15.2-1115,"Ch. 15, Art. II"
312,—,30-100
313,15.2-1121,Char. § 5.05.1
314,—,Ch. 7 (note)
315,15.2-1124,Ch. 8 (note)
316,15.2-1127,5-14
317,15.2-1129,8-95
318,—,"8-148, 8-149"
319,15.2-1131,2-328
320,—,2-926
321,—,"2-1264, 2-1265"
322,15.2-1412,2-1324
323,15.2-1414.5,2-1224
324,15.2-1414.6,2-1224
325,15.2-1429,1-16
326,15.2-1430,1-16
327,15.2-1432,1-16
328,—,12-11
329,15.2-1433,Char. § 4.13
330,—,1-1
331,—,"1-14, 1-15"
332,15.2-1500 et seq.,"Ch. 2, Art. III"
333,15.2-1502,1-2
334,15.2-1503.1,2-330
335,15.2-1505,2-1204
336,15.2-1505.1,2-330
337,15.2-1507,2-927
338,15.2-1508.1,2-1226
339,15.2-1509,2-1294
340,15.2-1510,Ch. 22 (note)
341,15.2-1512,2-1205
342,15.2-1517 et seq.,2-57
343,15.2-1522 et seq.,Ch. 2
344,15.2-1527,2-1206
345,15.2-1530,2-1206
346,15.2-1532,2-1206
347,15.2-1603,19-59
348,15.2-1606,2-57
349,15.2-1613.1,12-114
350,15.2-1638 et seq.,Ch. 8 (note)
351,15.2-1705 et seq.,"Ch. 2, Art. IV, Div. 2"
352,15.2-1712,2-1208
353,15.2-1716,27-9
354,15.2-1717.1,19-83
355,15.2-1719,19-294
356,15.2-1720,19-294
357,15.2-1721,19-331
358,15.2-1722,1-18
359,15.2-1731,19-59
360,15.2-1731 et seq.,2-274
361,15.2-1733,19-59
362,15.2-1800 et seq.,Ch. 8 (note)
363,15.2-1806 et seq.,"Ch. 2, Art. IV, Div. 11"
364,15.2-1812,19-78
365,15.2-1812.1,19-78
366,15.2-1901 et seq.,Ch. 8 (note)
367,15.2-2000 et seq.,Ch. 24 (note)
368,15.2-2009 et seq.,"Ch. 24, Art. II"
369,15.2-2015,Ch. 29
370,15.2-2017,"Ch. 28, Art. VII, Div. 2"
371,15.2-2024,24-35
372,15.2-2100 et seq.,Ch. 8 (note)
373,15.2-2109 et seq.,"Ch. 28, Art. V"
374,—,28-54
375,15.2-2114,"Ch. 28, Art. VIII"
376,—,28-908
377,15.2-2119,"Ch. 28, Art. V, Div. 4"
378,—,"Ch. 28, Art. VI, Div. 2"
379,15.2-2119.2,"Ch. 28, Art. V, Div. 2"
380,—,28-271
381,15.2-2119.3,"Ch. 28, Art. V, Div. 3"
382,—,28-299
383,15.2-2119.4,28-54
384,15.2-2200 et seq.,Char. Ch. 17
385,—,"Ch. 2, Art. IV, Div. 10"
386,—,Ch. 30 (note)
387,15.2-2204,14-292
388,15.2-2223 et seq.,"Char. §§ 17.06, 17.07"
389,—,Char. § 17.09
390,15.2-2240 et seq.,Ch. 25 (note)
391,—,25-1
392,15.2-2241,30-691
393,15.2-2241(A)(1),"Ch. 25, Art. IV"
394,15.2-2241(A)(4),"Ch. 25, Art. III"
395,—,"Ch. 25, Art. IV, Div. 2"
396,15.2-2241(A)(7),25-253
397,15.2-2241(A)(8),25-294
398,15.2-2242,25-9
399,15.2-2260,25-8
400,—,25-293
401,15.2-2262,25-288
402,15.2-2270 et seq.,Ch. 8 (note)
403,15.2-2280 et seq.,Char. §§ 17.10—17.15
404,—,Ch. 30 (note)
405,—,30-100
406,15.2-2286,30-691
407,15.2-2286(a)(5),Char. § 17.26
408,15.2-2286(A)(8),14-262
409,15.2-2296,30-691
410,15.2-2298,30-691
411,15.2-2301,30-691
412,15.2-2303,30-691
413,15.2-2305,"Ch. 16, Art. II"
414,—,16-19
415,—,16-23
416,—,16-26
417,—,30-691
418,15.2-2306,5-150
419,15.2-2308 et seq.,Char. § 17.16
420,—,Char. §§ 17.19—17.24
421,15.2-2309,30-691
422,15.2-2400,26-1066
423,—,26-1089
424,—,26-1120
425,—,26-1152
426,—,26-1186
427,—,26-1209
428,—,26-1240
429,15.2-2400 et seq.,Char. § 2.03
430,—,"Ch. 26, Art. XVI"
431,15.2-2403,26-1067
432,—,26-1090
433,—,26-1121
434,—,26-1153
435,—,26-1187
436,—,26-1210
437,—,26-1241
438,15.2-2503 et seq.,Ch. 12 (note)
439,15.2-2505,Char. §6.16
440,15.2-2510,12-17
441,15.2-2511,12-17
442,15.2-2511.2,Char. § 4.19
443,—,2-214
444,15.2-2600 et seq.,Ch. 12 (note)
445,—,"Ch. 12, Art. III"
446,15.2-4900 et seq.,2-771
447,15.2-4904,2-771
448,15.2-4904(D),2-771
449,16.1-69.48(B),1-17
450,16.1-228,17-26
451,16.1-278.4,19-389
452,16.1-278.5,19-389
453,16.1-278 et seq.,19-408
454,—,19-437
455,—,27-2
456,16.1-309.2 et seq.,21-3
457,16.1-330.1(C),2-979
458,17.1-279.1,12-121
459,17.1-281,8-234
460,18.2-1 et seq.,Ch. 19 (note)
461,18.2-9,1-16
462,18.2-10,10-53
463,18.2-11,1-16
464,—,10-53
465,18.2-30 et seq.,"Ch. 19, Art. III"
466,18.2-46.1 et seq.,3-99
467,18.2-51.4,27-9
468,18.2-57,19-59
469,18.2-77 et seq.,"Ch. 19, Art. IV"
470,18.2-119,19-83
471,18.2-121,19-77
472,18.2-127,Ch. 7 (note)
473,18.2-137,"Ch. 11, Art. V"
474,—,"18-3, 18-4"
475,18.2-137 et seq.,19-78
476,18.2-138,19-79
477,18.2-146,19-80
478,18.2-147,19-81
479,18.2-160.3,29-189
480,18.2-175,19-31
481,—,19-33
482,18.2-212,"Ch. 10, Art. II"
483,—,"Ch. 10, Art. III"
484,—,19-32
485,18.2-216,6-149
486,18.2-216.1,6-150
487,18.2-217,6-151
488,18.2-218,6-152
489,18.2-220,6-154
490,18.2-223,"Ch. 6, Art. VI"
491,—,6-180
492,18.2-224,"Ch. 6, Art. VI"
493,—,6-177
494,18.2-247 et seq.,"Ch. 19, Art. VII"
495,—,19-408
496,18.2-255.2,"Ch. 19, Art. IX"
497,18.2-264,19-290
498,18.2-266,27-9
499,18.2-266 et seq.,27-2
500,—,29-46
501,18.2-279 et seq.,"Ch. 19, Art. VII, Div. 2"
502,18.2-280,19-327
503,18.2-286,19-328
504,18.2-288 et seq.,"Ch. 19, Art. VII, Div. 2"
505,18.2-299 et seq.,"Ch. 19, Art. VII, Div. 2"
506,18.2-307.1,19-332
507,18.2-307.1 et seq.,"Ch. 19, Art. VII, Div. 2"
508,18.2-308,19-34
509,—,19-332
510,18.2-308.03,19-332
511,18.2-308.1,19-59
512,18.2-308.2:2,19-336
513,18.2-309,19-333
514,18.2-319,19-291
515,18.2-322,19-1
516,18.2-325 et seq.,"Ch. 19, Art. VI"
517,18.2-340.15 et seq.,Char. § 2.05
518,18.2-346,19-206
519,—,19-437
520,18.2-347,"Ch. 11, Art. VII"
521,18.2-361,19-206
522,18.2-371.2(C),19-262
523,18.2-371.3,6-90
524,—,6-97
525,—,"Ch. 6, Art. IV"
526,18.2-372,19-228
527,18.2-372 et seq.,"Ch. 19, Art. VI, Div. 2"
528,18.2-373,19-229
529,18.2-374,19-230
530,18.2-375,19-231
531,18.2-376,19-232
532,18.2-377,19-233
533,18.2-378,19-234
534,18.2-379,19-235
535,18.2-380,19-241
536,18.2-382,19-236
537,18.2-383,19-240
538,18.2-386,19-237
539,18.2-387,19-238
540,18.2-388,19-3
541,18.2-390,19-261
542,18.2-390 et seq.,"Ch. 19, Art. VI, Div. 3"
543,18.2-391,19-262
544,18.2-391.1,19-263
545,18.2-404,19-110
546,18.2-404 et seq.,"Ch. 19, Art. V"
547,18.2-415,19-113
548,18.2-416,19-112
549,18.2-432,3-47
550,18.2-434 et seq.,"Ch. 19, Art. II"
551,18.2-438 et seq.,21-274
552,18.2-446 et seq.,21-274
553,18.2-460,19-30
554,18.2-460(C),19-30
555,18.2-462.1,19-35
556,18.2-463,19-29
557,18.2-498.1 et seq.,21-46
558,—,21-274
559,19.2-78,19-31
560,19.2-152.1,26-952
561,19.2-260 et seq.,4-241
562,—,4-242
563,19.2-303.3,2-959
564,19.2-387,1-18
565,19.2-389,2-330
566,19.2-392.1—19.2-392.4,1-18
567,21.1-111.1 et seq.,"Ch. 10, Art. IV"
568,22.1-28 et seq.,Char. § 20.01
569,22.1-94,Char. § 6.03
570,—,Char. § 6.14
571,22.1-129,8-56
572,—,12-42
573,—,12-45
574,23.1-100,26-518
575,23.1-105,26-518
576,24.2-100 et seq.,Ch. 9 (note)
577,24.2-222,9-3
578,24.2-222.1,Char. § 3.01
579,—,Char. § 20.01
580,—,9-3
581,24.2-233,Char. § 3.04.1
582,24.2-304.1 et seq.,"Ch. 9, Art. II"
583,24.2-305 et seq.,"Ch. 9, Art. III"
584,24.2-310,9-58
585,24.2-310.1,9-58
586,24.2-400 et seq.,Char. § 3.01.1
587,—,Char. § 3.04
588,24.2-405,9-1
589,24.2-444,9-1
590,24.2-451 et seq.,Char. § 3.01.1
591,—,Char. § 3.04
592,24.2-500 et seq.,Char. § 3.01.1
593,24.2-659,Char. § 3.04
594,24.2-681 et seq.,Char. § 3.06.1
595,24.2-700 et seq.,Char. § 3.01.1
596,—,Char. § 3.04
597,24.2-712,9-2
598,25.1-200—25.1-251,5-86
599,25.1-200 et seq.,Char. § 18.03
600,25.1-220,Char. § 18.03
601,25.1-226—25.1-230,Char. § 18.03
602,25.1-226,Char. § 18.03
603,25.1-227,Char. § 18.03
604,25.1-227.1,Char. § 18.03
605,25.1-227.2,Char. § 18.03
606,26-408.1—26-408.11,12-46
607,—,26-104
608,26-579—26-589,12-46
609,—,26-104
610,26-590—26-599,12-46
611,—,26-104
612,27-1 et seq.,Ch. 13 (note)
613,27-30,19-59
614,27-34.2,19-59
615,27-34.2:1,19-59
616,27-94 et seq.,13-138
617,—,20-39
618,27-97,"Ch. 13, Art. V, Div. 3"
619,28.2-1300,14-181
620,29.1-200,19-59
621,29.1-529,19-327
622,29.1-738,27-9
623,29.1-744,"Ch. 20, Art. II"
624,32.1-1 et seq.,Ch. 15 (note)
625,33.1-12,21-63
626,32.1-31,2-348
627,—,15-1
628,32.1-35 et seq.,15-4
629,32.1-247,"Ch. 15, Art. III"
630,32.1-249 et seq.,15-5
631,32.1-277 et seq.,Ch. 7 (note)
632,32.1-283,Ch. 7 (note)
633,33.2-208,21-63
634,33.2-208 et seq.,21-50
635,—,21-63
636,33.2-802,19-82
637,33.2-804,27-105
638,33.2-1216(1),7-28
639,33.2-1800,21-304
640,33.2-1800 et seq.,21-304
641,—,21-307
642,—,21-309—21-311
643,—,26-764
644,—,26-873
645,33.2-1803(C),21-310
646,35.1-1,26-671
647,35.1-1 et seq.,"Ch. 6, Art. II"
648,35.1-13,"Ch. 6, Art. II"
649,—,12-117
650,35.1-14,"Ch. 6, Art. VII, Div. 2"
651,—,12-117
652,35.1-16,12-117
653,35.1-17,12-117
654,36-1 et seq.,Ch. 16 (note)
655,—,23-46
656,36-3,5-87
657,36-11.1:1,2-770
658,36-27(B),5-86
659,36-49.1:1,"Ch. 5, Art. IV, Div. 2"
660,—,5-85
661,—,5-87
662,—,5-122
663,36-49.1:1(G),5-121
664,36-85.3,26-458
665,—,30-1220
666,36-96.1,17-19
667,36-96.1 et seq.,"Ch. 17, Art. II"
668,36-96.1:1,17-20
669,36-96.2,17-26
670,36-96.3,17-21
671,36-96.4,17-22
672,36-96.5,17-23
673,36-96.6,17-24
674,36-96.7,17-25
675,36-97 et seq.,Ch. 5
676,—,5-1
677,36-99.11,27-200
678,36-105,"5-4, 5-5"
679,—,"Ch. 5, Art. II"
680,36-106,5-3
681,37.2-100,21-3
682,38.2-1913(D),21-47
683,—,21-67
684,38.2-2400 et seq.,26-952
685,42.1-1 et seq.,Ch. 18 (note)
686,42.1-33 et seq.,Ch. 18 (note)
687,42.1-35,"Ch. 18, Art. II"
688,—,18-30
689,—,18-33
690,—,18-36
691,42.1-58,18-38
692,42.1-70,8-235
693,42.1-72,18-3
694,42.1-73,18-4
695,42.1-74,18-5
696,42.1-76—42.1-90.1,12-16
697,42.1-76 et seq.,"Ch. 2, Art. VII"
698,—,2-1319
699,42.1-77,2-1306
700,42.1-78,2-1307
701,—,2-1321
702,42.1-85,"Ch. 2, Art. VII, Div. 2"
703,42.1-86.1,2-1321
704,44-146.13 et seq.,2-376
705,—,Ch. 10 (note)
706,44-146.16,12-19
707,44-146.19,2-376
708,44-146.21,2-377
709,45.1-161.1 et seq.,14-323
710,46.2-100,24-125
711,—,"26-366, 26-367"
712,—,"27-127, 27-128"
713,—,27-197
714,46.2-100 et seq.,Ch. 27
715,—,27-2
716,46.2-113,27-42
717,—,27-220
718,46.2-217,19-59
719,46.2-341.20:5,27-41
720,46.2-371 et seq.,12-93
721,46.2-381,12-93
722,46.2-489 et seq.,27-40
723,46.2-600 et seq.,"Ch. 27, Art. IV"
724,—,27-196
725,46.2-617,27-332
726,46.2-653,27-357
727,46.2-662 et seq.,27-105
728,46.2-694,26-977
729,—,26-978
730,46.2-697,26-979
731,46.2-739(B),27-200
732,46.2-750 et seq.,26-976
733,46.2-752,26-977—26-979
734,46.2-755,26-977
735,—,26-978
736,—,26-979
737,46.2-801,27-7
738,46.2-818.2,27-41
739,46.2-827,27-126
740,46.2-828,27-126
741,46.2-831,27-73
742,46.2-844,27-10
743,46.2-844(A),27-10
744,46.2-852 et seq.,27-9
745,46.2-855,27-38
746,46.2-878.2,27-163
747,46.2-881,27-162
748,46.2-888 et seq.,"Ch. 27, Art. VI"
749,46.2-889,27-218
750,—,27-221
751,46.2-894,27-9
752,46.2-903 et seq.,"Ch. 27, Art. IX"
753,46.2-904,27-128
754,46.2-906.1,27-127
755,46.2-920(C),11-24
756,46.2-920.1(B),27-41
757,46.2-927,27-37
758,46.2-932,19-292
759,—,19-293
760,46.2-935,27-71
761,46.2-936,19-82
762,46.2-1029.2,27-41
763,46.2-1101 et seq.,"Ch. 27, Art. VIII"
764,46.2-1104,27-355
765,46.2-1122 et seq.,27-355
766,—,27-356
767,46.2-1123—46.2-1127,27-358
768,46.2-1135,27-359
769,46.2-1138.1,27-358
770,46.2-1139 et seq.,27-356
771,46.2-1156,23-2
772,46.2-1157,"Ch. 27, Art. IV"
773,46.2-1200,27-327
774,—,27-330
775,46.2-1200 et seq.,"Ch. 27, Art. VII"
776,46.2-1200.1,27-328
777,46.2-1202,27-327
778,—,27-331
779,46.2-1203,27-332
780,46.2-1205,27-333
781,46.2-1207,27-333
782,46.2-1209,27-330
783,46.2-1211,27-330
784,46.2-1213,27-327
785,—,27-330—27-332
786,46.2-1214,27-332
787,46.2-1215,27-198
788,—,"27-327, 27-328"
789,—,27-330
790,—,27-332
791,46.2-1216,27-330—27-332
792,46.2-1219.1,27-40
793,46.2-1220,27-196
794,—,"Ch. 27, Art. VI"
795,—,"Ch. 27, Art. VI, Div. 2"
796,46.2-1225,27-219
797,46.2-1239,27-197
798,46.2-1240 et seq.,27-200
799,46.2-1241,27-200
800,46.2-1245,27-201
801,46.2-1245(C),27-201
802,46.2-1300(A)(1),27-161
803,46.2-1313,27-2
804,46.2-1508 et seq.,26-980
805,46.2-1554,27-105
806,46.2-1555,27-105
807,46.2-1581,6-153
808,46.2-2000,26-460
809,46.2-2000.1,29-24
810,46.2-2000.1(2),29-24
811,46.2-2011.33,29-116
812,—,29-117
813,48-1 et seq.,"Ch. 11, Art. III"
814,48-5,11-109
815,49-1 et seq.,2-1205
816,49.1:1(C),5-119
817,49-12 et seq.,2-1206
818,51.1-143.1,22-178
819,51.1-800 et seq.,Ch. 22 (note)
820,51.1-801,Char. § 5B.02
821,51.1-801.1,22-178
822,51.1-803,21-3
823,51.1-803(B),22-11
824,51.1-803(c),22-266
825,51.5-40.1,26-817
826,51.5-44,4-245
827,—,7-26
828,—,8-346
829,—,8-477
830,51.5-98,26-671
831,—,26-873
832,53.1-120,12-113
833,53.1-128,8-13
834,54.1-100 et seq.,Ch. 6
835,54.1-400,21-73
836,54.1-400 et seq.,14-148
837,—,14-327
838,54.1-1100 et seq.,"Ch. 5, Art. III"
839,54.1-1117,5-63
840,54.1-2200,14-148
841,54.1-2300 et seq.,14-262
842,54.1-2967,19-34
843,54.1-3000,6-60
844,54.1-3007,6-66
845,54.1-3029,"Ch. 6, Art. III"
846,—,6-60
847,54.1-3401,11-155
848,—,19-290
849,—,30-100
850,—,30-1220
851,54.1-4000,30-1220
852,54.1-4000 et seq.,26-983
853,54.1-4100 et seq.,26-965
854,54.1-4300 et seq.,"Ch. 6, Art. VIII"
855,55-248.4,15-107
856,55-248.31,16-28
857,55-248.33,16-28
858,55-508 et seq.,30-691
859,55.1-1203(D),17-26
860,55.1-1900,26-873
861,55.1-1900 et seq.,27-330
862,55.1-2000,11-193
863,55.1-2000 et seq.,27-330
864,55.1-2500 et seq.,19-294
865,—,19-331
866,56-231.15 et seq.,26-764
867,56-265.14 et seq.,21-40
868,56-468.1,"Ch. 24, Art. II, Div. 3"
869,—,24-91
870,56-468.1(A),24-66
871,—,24-91
872,56-484.12,26-637
873,56-484.29,"Ch. 28, Art. VII, Div. 3"
874,56-575.1,21-304
875,56-575.1 et seq.,21-304
876,—,21-307
877,—,21-309
878,—,21-311
879,56-575.4(G),21-307
880,56-594,26-635
881,57-8,26-764
882,57-16,26-764
883,57-16.1,26-764
884,57-22 et seq.,Ch. 7 (note)
885,—,26-953
886,57-27,Ch. 7 (note)
887,58.1-1 et seq.,Ch. 26 (note)
888,—,26-28
889,—,26-29
890,—,26-872
891,58.1-3,12-21
892,—,2-1308
893,59.1-279 et seq.,26-394
894,58.1-400.2,26-871
895,58.1-439.7,26-1
896,58.1-600 et seq.,"Ch. 26, Art. XIV"
897,—,26-844
898,—,26-1256
899,—,26-1260
900,58.1-605,26-844
901,—,26-1257
902,58.1-609.10(10),26-1260
903,58.1-609.11,26-696
904,58.1-622,26-844
905,58.1-628,26-844
906,58.1-800 et seq.,26-758
907,58.1-801,26-758
908,58.1-801 et seq.,"Ch. 26, Art. XI"
909,58.1-803,26-759
910,58.1-804,26-760
911,58.1-807,26-761
912,58.1-808,26-762
913,58.1-809,26-765
914,58.1-810,26-763
915,58.1-811,26-764
916,58.1-812,26-766
917,—,26-767
918,58.1-814,"Ch. 26, Art. XI"
919,58.1-1100,26-1
920,58.1-1201,26-621
921,58.1-1204,26-622
922,58.1-1205,26-621
923,—,26-623
924,58.1-1207,26-623
925,58.1-1208,"Ch. 26, Art. VI"
926,—,26-622
927,58.1-1211,"26-622, 26-623"
928,58.1-1212,26-623
929,58.1-1216,26-624
930,58.1-1711 et seq.,"Ch. 26, Art. XII"
931,58.1-1712,26-788
932,58.1-1718,"Ch. 26, Art. XII"
933,—,26-788
934,58.1-1730,26-637
935,58.1-1821,26-904
936,58.1-1822,26-904
937,58.1-2201,26-437
938,—,26-872
939,58.1-2500 et seq.,26-873
940,58.1-2600 et seq.,26-637
941,—,26-959
942,58.1-2604,26-356
943,58.1-2652 et seq.,26-460
944,58.1-2900,26-959
945,58.1-3005 et seq.,Ch. 26 (note)
946,58.1-3200,26-264
947,58.1-3200 et seq.,"Ch. 26, Art. V, Div. 2"
948,58.1-3201,26-356
949,58.1-3203,26-393—26-395
950,—,26-604—26-606
951,58.1-3210 et seq.,26-364
952,—,26-365
953,58.1-3211.1,26-364
954,—,26-365
955,58.1-3217,2-1104
956,58.1-3219.4,"Ch. 26, Art. V, Div. 10"
957,58.1-3219.5,26-366
958,58.1-3220,26-388
959,58.1-3220 et seq.,"Ch. 26, Art. V, Div. 3"
960,58.1-3221,26-388
961,—,26-602
962,58.1-3222,26-105
963,58.1-3230,14-181
964,58.1-3250 et seq.,"Ch. 26, Art. III"
965,58.1-3280,26-123
966,58.1-3281,26-203
967,58.1-3300,26-147
968,58.1-3308,26-123
969,58.1-3321,Char. § 6.01
970,58.1-3330,26-122
971,58.1-3331,2-1129
972,58.1-3331(A),2-1129
973,58.1-3331(B),2-1129
974,58.1-3331(C),2-1129
975,58.1-3331(E),2-1129
976,58.1-3353,26-124
977,58.1-3360,26-367
978,58.1-3370 et seq.,"Ch. 2, Art. V, Div. 14"
979,58.1-3373,2-1126
980,—,2-1127
981,58.1-3373.1,2-1126
982,58.1-3374,2-1127
983,58.1-3375,2-1130
984,58.1-3376,2-1127
985,58.1-3378,2-1130
986,58.1-3379,2-1127
987,—,2-1129
988,58.1-3380,2-1128
989,58.1-3383,2-1127
990,58.1-3384,2-1127
991,58.1-3400,"12-103, 12-104"
992,58.1-3403,"12-103, 12-104"
993,58.1-3500 et seq.,"Ch. 26, Art. V, Div. 6"
994,58.1-3503,27-327
995,58.1-3503(A)(3),26-460
996,58.1-3503(A)(14),"26-366, 26-367"
997,58.1-3503(A)(18),26-458
998,58.1-3504,"26-366, 26-367"
999,—,26-458
1000,58.1-3506,26-458
1001,58.1-3507(A),26-1
1002,58.1-3507(D),26-1
1003,58.1-3510,26-1
1004,—,26-1258
1005,58.1-3510.4,26-1256
1006,—,26-1261
1007,58.1-3510.4 et seq.,"Ch. 26, Art. XVII"
1008,58.1-3510.4(A),26-1256
1009,58.1-3510.4(B),26-1256
1010,—,26-1261
1011,58.1-3510.4(B)(1),26-1257
1012,58.1-3510.4(B)(2),26-1257
1013,58.1-3510.5(C),26-1260
1014,58.1-3510.6(A),26-1257
1015,58.1-3510.6(B),26-1257
1016,58.1-3510.6(C),26-1259
1017,58.1-3510.6(E),26-1258
1018,58.1-3511,26-1
1019,58.1-3522,26-458
1020,58.1-3523,26-495
1021,58.1-3523 et seq.,"Ch. 26, Art. V, Div. 7"
1022,—,"26-495, 26-496"
1023,58.1-3606,26-550
1024,58.1-3606.1,26-873
1025,58.1-3606(A)(1),26-546
1026,58.1-3606(A)(2),26-546
1027,58.1-3610—58.1-3622,26-550
1028,58.1-3650,26-550
1029,58.1-3651,26-547
1030,58.1-3651(B),"26-547, 26-548"
1031,58.1-3660,26-518
1032,58.1-3695 et seq.,11-156
1033,—,11-174
1034,58.1-3700 et seq.,Ch. 26 (note)
1035,—,26-870
1036,58.1-3700.1,26-872
1037,—,26-874
1038,58.1-3700 et seq.,"Ch. 26, Art. XV"
1039,58.1-3701,26-870
1040,—,26-872
1041,58.1-3703,"Ch. 26, Art. XV"
1042,—,26-873
1043,58.1-3703(A),26-872
1044,58.1-3703(D),26-874
1045,58.1-3703.1(A)(5)—(A)(8),26-904
1046,58.1-3706,26-871
1047,—,"Ch. 26, Art. XV, Div. 2"
1048,—,26-933
1049,—,26-956
1050,—,26-965
1051,—,26-967
1052,—,"26-969, 26-970"
1053,—,"26-991, 26-992"
1054,—,26-1000
1055,58.1-3709,26-870
1056,58.1-3710,26-878
1057,58.1-3712,26-873
1058,58.1-3713,26-873
1059,58.1-3714(D),26-872
1060,58.1-3714 et seq.,26-956
1061,58.1-3715,"26-869, 26-870"
1062,—,"26-872, 26-873"
1063,—,26-956
1064,58.1-3715(B),26-874
1065,58.1-3716,26-967
1066,—,26-971—26-974
1067,58.1-3717,26-966
1068,—,26-984—26-987
1069,58.1-3719.1,26-871
1070,—,26-971
1071,58.1-3724,26-952
1072,58.1-3728,"26-943, 26-944"
1073,58.1-3730.1,26-962
1074,58.1-3731,26-873
1075,—,26-959
1076,58.1-3732 et seq.,26-883
1077,58.1-3732.2,26-933
1078,58.1-3732.5,26-1000
1079,58.1-3733,26-955
1080,58.1-3800 et seq.,"Ch. 26, Art. XI"
1081,58.1-3814,"Ch. 26, Art. VII"
1082,58.1-3816.1,26-2
1083,58.1-3830,"Ch. 26, Art. XVIII"
1084,58.1-3832,"Ch. 26, Art. XVIII"
1085,58.1-3849,"Ch. 26, Art. XVIII"
1086,58.1-3840,"Ch. 26, Art. VIII"
1087,—,26-669
1088,—,"26-671, 26-672"
1089,—,"Ch. 26, Art. IX"
1090,—,"Ch. 26, Art. X"
1091,58.1-3851,"Ch. 6, Art. XI"
1092,—,6-581
1093,58.1-3852,5-15
1094,58.1-3903,26-433
1095,—,26-900
1096,58.1-3906,26-674
1097,58.1-3910 et seq.,"Ch. 26, Art. V"
1098,58.1-3911,26-361
1099,58.1-3916,26-331
1100,—,"26-361, 26-362"
1101,—,"26-364, 26-365"
1102,—,26-431
1103,—,26-891
1104,58.1-3919,26-332
1105,—,26-437
1106,58.1-3920.1,26-363
1107,58.1-3940,26-357
1108,58.1-3940 et seq.,"Ch. 26, Art. V"
1109,58.1-3941,26-437
1110,58.1-3958,26-332
1111,58.1-3965 et seq.,26-369
1112,58.1-3965.1,11-196
1113,58.1-3980,26-48
1114,—,26-332
1115,—,26-901
1116,58.1-3981,26-48
1117,—,26-901
1118,58.1-3983.1,26-1261
1119,58.1-3984,26-904
1120,58.1-3986,26-870
1121,58.1-3990,26-48
1122,—,26-298
1123,—,26-901
1124,58.1-3993,26-870
1125,59.1-21.1 et seq.,"Ch. 6, Art. VIII"
1126,59.1-68.6 et seq.,21-46
1127,59.1-137 et seq.,20-39
1128,59.1-140,20-39
1129,59.1-196 et seq.,"Ch. 6, Art. IV, Div. 2"
1130,59.1-198,6-153
1131,59.1-206,6-153
1132,59.1-207.40 et seq.,6-153
1133,59.1-279 et seq.,26-601
1134,59.1-364 et seq.,"Ch. 19, Art. XI"
1135,59.1-365,19-466
1136,59.1-403,19-467
1137,59.1-493(a),2-1128
1138,62.1-6 et seq.,Ch. 20 (note)
1139,62.1-44.2 et seq.,14-323
1140,—,28-773
1141,—,28-780
1142,62.1-44.15:24 et seq.,14-149
1143,—,14-181
1144,—,14-292
1145,—,"Ch. 14, Art. V"
1146,—,"14-322, 14-323"
1147,62.1-44.15:27,14-325
1148,62.1-44.15:44,14-333
1149,62.1-44.15:45,14-333
1150,62.1-44.15:48,14-335
1151,62.1-44.15:51,14-148
1152,—,14-262
1153,62.1-44.15:51 et seq.,"Ch. 14, Art. III"
1154,—,"14-147, 14-148"
1155,—,14-181
1156,—,14-292
1157,62.1-44.15:52,14-149
1158,62.1-44.15:54(G),14-154
1159,62.1-44.15:55,14-150
1160,62.1-44.15:56,14-150
1161,62.1-44.15:62,14-155
1162,62.1-44.15:63,14-154
1163,62.1-44.15:67 et seq.,"Ch. 14, Art. IV"
1164,—,14-179
1165,—,14-181
1166,—,14-323
1167,62.1-44.15:68,14-181
1168,62.1-44.15:73,14-180
1169,62.1-44.15:74,"Ch. 14, Art. IV"
1170,—,14-181
1171,—,14-262
1172,62.1-44.15:74(E),14-295
1173,62.1-44.15:76,14-180
1174,62.1-163,20-23
1175,63.2-304,2-570
1176,63.2-305,2-571
1177,63.2-305(B),2-571
1178,63.2-315,2-570
1179,64.2-621 et seq.,26-764
1180,64.2-779.1 et seq.,26-764
1181,65.2-100 et seq.,22-202
1182,—,22-239—22-241
1183,—,22-299
1184,—,22-317
1185,—,26-956
1186,5931,Char. § 21.01
