0,1,2,3
Ordinance  Number,Date,Section,Section  this Code
3414,11-18-89,"1, 2","5-7-47, 5-7-48"
,,3,5-7-52
3415,11-18-89,,App. C
3416,12-16-89,1,9-1-75(a)(79)
3417,12-16-89,1,10-3-13
3418,12-16-89,1,"13-1-13(e), (f)"
,,2,13-1-13(m)
3419,12-16-89,,App. D
3420,12-16-89,,App. J
3421,12-16-89,1,7-6-286
3422,12-16-89,1,7-6-301(a)
,,2,7-6-302(a)
,,3,"7-6-303(a), (b)"
,,4,"7-6-303(d), (e)"
3423,12-16-89,1,7-6-283
3424,12-16-89,,App. A
3425,12-16-89,,App. A
3426,12-16-89,,App. A
3427,12-16-89,,App. A
3428,12-16-89,,App. A
3429,12-16-89,,App. A
3430,12-16-89,1,2-2-11
3431,1-20-90,,App. F
3432,1-20-90,1,13-2-6
3433,1-20-90,1,4-2-22(2)
3434,1-20-90,1,7-6-287
,,2,7-6-289
3435,2-13-90,1—5,"Adopting Ordi-  nance,  p. xiv.xlvii"
3436,2-24-90,,App. J
3437,2-24-90,,App. C
3738,2-24-90,,App. A
3439,2-24-90,1,7-6-28(a)(2.1)
3440,2-24-90,,App. C
3441,2-24-90,,App. C
3442,3-24-90,,App. D
3443,3-24-90,1,8-1-71
3444,3-24-90,,App. A
3445,3-24-90,1,2-5-2(a)
,,2,2-5-3(a)
3446,4-21-90,1,12-4-12
,,2,12-4-16
3447,4-21-90,,App. I
3448,4-21-90,1,13-1-37(a)(14)
3449,4-21-90,1,9-12-54
3450,4-24-90,1,13-1-24.1
3451,5- 7-90,1—3,3-2-61—3-2-63
,,4,6-2-66
,,5,6-2-68
3452,5- 7-90,1,3-2-181
,,"2, 3","3-2-221, 3-2-221.1"
,,4—7,3-2-222—3-2-224.1
3453,5-12-90,,App. J
3454,5-12-90,,App. A
3455,5-12-90,,App. C
3456,6-16-90,1—5,7-6-284—7-6-288
,,6  Rpld,7-6-289
3457,6-16-90,1,7-6-44(m)
3458,6-16-90,1,3-2-102
3459,6-16-90,1,3-2-355(a)
3460,6-16-90,1,10-1-1(a)(note)
3461,6-16-90,,App. F
3462,6-16-90,1,1-2-1
,,2,1-2-3
,,3,1-2-5
3463,6-16-90,1,6-1-1
3464,6-16-90,1,9-12-132(a)(10)
3465,6-16-90,1,"13-3-1, 13-3-2"
3466,6-16-90,,App. D
3467,6-16-90,,App. D
3468,6-16-90,1,2-2-10(g)
3469,6-26-90,1—5,"Adopting Ordinance,  p. xiv.xlix"
3470,6-26-90,,App. J
3471,6-26-90,1,13-1-24.1
3472,9-15-90,,App. I
3473,10-13-90,,App. F
3474,10-13-90,,App. J
3475,10-13-90,1  Rpld,7-6-190.4
,,2  Rpld,7-6-214
,,3  Added,7-6-214—7-6-219
3476,10-13-90,,App. C
3477,10-13-90,,App. C
3478,10-13-90,,App. A
3479,10-13-90,1,10-3-3
3480,10-13-90,1,6-1-1
3481,10-13-90,1,2-5-11
3482,11-13-90,1—5,"Adopting Ordi-  nance,  p. xiv.li"
3483,11-17-90,1,3-3-72
3484,11-17-90,1,1-1-5(3)
3485,11-17-90,1,3-2-163
,,2,3-2-166
3486,11-17-90,1,9-12-132
3487,11-17-90,1,13-1-37(a)(6)
3488,12-15-90,,App. D
3489,12-15-90,1  Rpld,2-2-1—2-2-9
,,2,2-2-10
,,3,2-2-13
3490,12-15-90,1,3-2-131
3491,12-15-90,,App. C
3492,12-15-90,,App. C
3493,1-12-91,1  Rpld,12-3-1—12-3-3
,,2  Added,12-3-1—12-3-4
,,3  Rpld,"12-3-61—12-3-70,"
,,,12-3-81—12-3-91
,,4  Added,12-3-61—12-3-71
3494,1-12-91,1,3-2-335
3495,1-12-91,1,4-1-16
3496,1-30-91,,App. C
3497,2-23-91,,App. A
3498,2-23-91,1—9,12-4-2—12-4-10
,,10,12-4-13
,,"11, 12","12-4-15, 12-4-16"
3499,2-23-91,1,"7-6-1(49.1), (65.1)"
,,2,7-6-23(a)(17.1)
,,3,7-6-30(b)(4)g
,,4,"7-6-31(b)(1)t, u"
3500,2-23-91,1  Rpld,13-1-24.1
,,2  Added,13-1-24.1
3501,2-26-91,1,7-6-36(c)(11)e
3502,3-16-91,1,5-8-73(e)
3503,3-16-91,,App. D
3504,3-16-91,1  Rpld,"5-6-71—5-6-77,"
,,,"5-6-80—5-6-83,"
,,,5-6-90—5-6-99
,,2  Added,"5-6-71—5-6-78,"
,,,"5-6-80—5-6-82,"
,,,5-6-90—5-6-104
3505,4- 9-91,1—5,"Adopting Ordinance,  p. xiv.liii"
3506,4-13-91,,App. I
3507,4-13-91,3,7-6-268
3508,4-13-91,"1, 2","1-1-7, 1-1-8"
3509,4-13-91,1,"3-2-354(a)(38), (39)"
3510,4-13-91,,App. A
3511,4-13-91,,App. C
3512,4-13-91,,App. C
3513,5- 9-91,1,3-2-181
,,"2, 3","3-2-221, 3-2-221.1"
,,4—7,3-2-222—3-2-224.1
3514,5-18-91,1,9-12-132(a)
3515,5-18-91,1,2-2-10(c)
3516,5-18-91,,App. C
3517,5-28-91,1—3,7-6-51—7-6-53
,,4,7-6-55
,,5—9,7-6-57—7-6-61
,,10,7-6-64
,,11,7-6-63(6)
3518,6-15-91,1  Rnbd,5-4-1
,,as,5-4-1.1
,,2,5-4-1
,,3,5-4-5
,,4,5-4-7(n)(11)
,,5,5-4-11
,,6,5-4-13
,,7,5-4-14(b)
,,8  Rpld,5-4-20
,,9,5-4-20.1
3519,6-15-91,1,3-2-51—3-2-53
,,2,App. F
3520,6-15-91,1,10-1-1(a)(note)
3521,6-15-91,1,10-3-2
3522,6-15-91,1,10-1-15.1
3523,6-15-91,1,9-1-25
3524,6-15-91,,App. C
3525,6-15-91,,App. C
3526,6-15-91,,App. C
3527,6-15-91,,App. D
3528,6-15-91,,App. D
3529,6-25-91,"1, 2",2-2-10
3530,6-25-91,1,"7-6-236.1, 7-6-236.2"
,,2,"7-6-249, 7-6-250"
,,3,"7-6-269, 7-6-270"
3531,6-25-91,,App. I
3532,9-10-91,1—5,"Adopting Ordinance, p. xiv.lv"
3533,9-14-91,1,12-10-2(a)
3534,9-14-91,1,12-11-1—12-11-5
3535,9-14-91,1,10-3-2(a)
,,"2, 3","10-3-300, 10-3-301"
3536,9-14-91,,App. C
3537,9-14-91,,App. C
3538,10-12-91,,App. C
3539,10-12-91,1,7-6-30(b)(7)
3540,10-12-91,1,7-6-229(c)
3541,10-12-91,,App. C
3542,11-16-91,1,9-1-2
,,2,9-1-7
,,3  Rpld,9-1-11
,,Added,9-1-11
,,4,9-1-17
,,5,9-1-21(d)
,,6,9-1-23
,,7  Rpld,9-1-35
,,Added,9-1-35
,,8—12,9-1-71—9-1-75
,,"13, 14","9-1-78, 9-1-79"
,,15  Rpld,"9-1-36, 9-1-37,  9-1-72(1)(n), (2)(e),  9-1-73(5), (50),  9-1-75(a)(41), (46),  9-1-80"
3543,11-16-91,,App. I
3544,11-26-91,1,7-6-77
3545,1-25-92,,App. E
3546,12-14-91,,App. D
3547,12-14-91,2,7-6-354
3548,12-14-91,1  Rpld,4-2-11—4-2-25
,,Added,4-2-11—4-2-24
3549,12-14-91,1,3-3-6(22)
3550,12-14-91,1,2-5-11
3551,12-14-91,1,13-1-5.1
3552,1-25-92,,App. F
3553,1-25-92,,App. F
3554,1-25-92,,App. F
3555,1-25-92,,App. F
3556,1-25-92,1,"2-4-61, 2-4-62"
3557,1-28-92,1—5,"Adopting Ordinance, p. xiv.lvii"
3558,1-28-92,,App. F
3559,2-22-92,,App. F
3560,2-22-92,,App. F
3561,3-21-92,,App. F
3562,3-21-92,1,9-1-75(a)(61)
3563,4-25-92,,App. A
3564,4-25-92,,App. D
3565,4-25-92,,App. F
3566,4-28-92,1—5,"Adopting Ordinance, p. xiv.lix"
3567,4-28-92,,App. H
3568,5-11-92,1,3-2-181
,,"2, 3","3-2-221, 3-2-221.1"
,,4—7,3-2-222—3-2-224.1
3569,5-11-92,1,3-2-366—3-2-371
,,2,"Tit. 3, Ch. 2, Art. U(note)"
3570,5-11-92,1,5-1-2(12)—(12b)
,,2,5-1-31
,,"3, 4","5-1-33, 5-1-34"
,,5,5-1-41(g)
,,6,5-1-83
3571,5-16-92,,App. F
3572,5-16-92,1,10-1-15.1
,,2,3-2-351
,,3,3-2-354
3573,5-16-92,1,"3-2-336(d)(1), (7)"
3574,5-16-92,1,3-2-354(a)(27A)
,,2,5-8-72(b)(1)
,,3,5-8-73(d)
,,4,5-8-93(a)
,,5,10-4-34
,,6,10-4-43
,,7,10-4-43(note)
3575,5-16-92,1,5-3-4
3576,6-13-92,,App. F
3577,6-13-92,,App. D
3578,6-13-92,,App. D
3579,6-13-92,1,3-2-102
3580,6-13-92,,App. H
3581,6-13-92,1,5-4-5
,,2,5-4-7
,,3,5-4-11
,,4  Rpld,5-4-20.1
3582,6-13-92,,Title 10(note)
3583,6-13-92,1,1-1-9
3584,6-13-92,1,5-8-24
3585,6-13-92,,App. C
3586,6-13-92,,App. C
3587,6-13-92,1,5-3-4
3588,6-13-92,1,10-7-4
3589,6-24-92,,App. J.
3591,6-24-92,2  Rpld,5-5-1—5-5-23
,,,"7-6-1—7-6-5,"
,,,"7-6-11—7-6-37,"
,,,"7-6-41—7-6-45,"
,,,"7-6-51—7-6-64,"
,,,"7-6-71—7-6-76,"
,,,"7-6-81, 7-6-82,"
,,,"7-6-91, 7-6-92,"
,,,"7-6-101—7-6-112,"
,,,"7-6-121—7-6-124,"
,,,"7-6-131—7-6-141,"
,,,"7-6-151—7-6-161,"
,,,"7-6-170—7-6-176,"
,,,"7-6-180—7-6-182,"
,,,"7-6-185, 7-6-186,"
,,,"7-6-190.1—7-6-190.5,"
,,,"7-6-191—7-6-195,"
,,,"7-6-201—7-6-206,"
,,,"7-6-211—7-6-219,"
,,,"7-6-221—7-6-270,"
,,,"7-6-281—7-6-292,"
,,,"7-6-301—7-6-305,"
,,,"7-6-311, 7-6-312,"
,,,"7-6-320—7-6-329,"
,,,7-6-350—7-6-360
3591A,6-23-92,,App. F
3592,6-24-92,1,3-2-54
3593,9-12-92,,App. A
3594,9-12-92,1,12-9-12
3595,10-14-92,1—5,"Adopting  Ordinance,  p. xiv.lxi"
3596,10-17-92,,App. C
3597,10-17-92,,App. C
3598,10-17-92,,App. C
3599,10-17-92,1,13-1-5
3600,11-14-92,1  Rpld,3-2-354(a)(27A)
,,2,5-8-93(a)
,,3,10-4-34
,,4  Rpld,10-4-43
3601,11-14-92,1,12-12-1—12-12-5
3602,11-14-92,1,5-8-74
,,2,5-8-79
,,3,5-8-80
,,4,10-4-32(b)(3)
3603,11-24-92,,App. F
3605,12-12-92,,App. A
3607,12-12-92,1,12-11-1
,,2,12-11-2(a)(2)
,,3,12-11-4(f)—(h)
,,4,12-11-5
3608,12-12-92,,App. D
3609,12-12-92,2  Rpld,7-1-1—7-1-4
3611,1-12-93,,App. I
3613,1-23-93,,App. J
3615,2-20-93,1,"2-4-71, 2-4-72"
3617,3- 3-93,1—5,"Adopting Ordinance, p.xiv.lxii"
3618,3-20-93,,App. C
3619,3-20-93,1  Rpld,11-11-1—11-11-54
,,2  Added,11-11-1—11-11-3
3624,4-17-93,,App. F
3625,4-17-93,,App. F
3626,4-17-93,,App. F
3627,5- 5-93,1,3-2-181
,,2,3-2-221
,,3  Rpld,3-2-221.1
,,4—7,3-2-222—3-2-224.1
3628,5- 5-93,1,3-2-241
3630,5-15-93,,App. F
3631,5-15-93,,App. D
3632,5-15-93,,App. I
3634,6-12-93,,App. D
3635,6-12-93,,App. D
3636,6-12-93,1,"11-4.1-1(4.1), (11)"
,,2,11-4.1-23(e)
,,3,11-4.1-33
3637,6-12-93,1,3-2-108
3638,6-12-93,1,3-3-74(e)
3639,6-12-93,1,5-1-53(a)
,,2,8-1-111(b)
3640,6-12-93,1,2-5-11(a)(11)
3641,6-12-93,1,9-13-1—9-13-11
3644,6-12-93,,App. C
3645,6-12-93,,App. A
3646,6-12-93,1,4-2-21(2)
3649,6-22-93,,App. C
3651,6-22-93,1,2-2-10(h)
,,2,2-2-10(n)
3652,6-22-93,1,9-12-5
3655,9-14-93,1—5,"Adopting Ordinance,"
,,,p. xiv.lxv
3656,9-18-93,1  Rpld,"5-8-21—5-8-26,"
,,,"5-8-41—5-8-47,"
,,,5-8-61—5-8-64
,,2  Added,5-8-21—5-8-30
,,,5-8-61—5-8-84
3657,9-18-93,1,8-1-110—8-1-121
3658,9-18-93,1,5-8-71(12)
,,2,5-8-72(b)(2)
,,3,5-8-74(3)
3659,9-18-93,1,10-3-371
3660,9-18-93,1,1-1-10
3661,9-18-93,1,"5-6-71—5-6-79A,"
,,,5-6-80
,,,5-6-90—5-6-99
3662,9-18-93,,App. A
3667,9-18-93,,App. I
3668,9-18-93,,App. D
3669,9-18-93,,App. I
3670,10-16-93,"1, 2","12-3-1, 12-3-2"
,,3  Rpld,"12-3-11—12-3-20,"
,,,12-3-31—12-3-48
,,4  Rnbd,"Tit. 12, Ch. 3, Art. C"
,,as,"Titl. 12, Ch. 3, Art. B"
3671,10-16-93,,App. C
3672,10-16-93,1,2-4-63—2-4-66
,,2,2-5-11(a)(9)m.
3676,10-16-93,,App. A
3678,11- 9-93,1—5,"Adopting Ordinance,"
,,,p.xiv.lxvii
3679,11-13-93,1,10-4-37
3680,11-13-93,1,13-1-13(m)
3681,11-13-93,1,3-3-24
3682,11-13-93,,App. C
3683,11-13-93,,App. A
3684,11-13-93,,App. I
3685,12-11-93,,App. E
3687,12-11-93,,App. A
3688,12-11-93,1  Rpld,3-1-2
3693,12-16-93,1,12-1-1—12-1-5
3694,1-22-94,,App. D
3695,1-22-94,,App. A
3696,1-22-94,1  Rpld,5-7-79
,,,5-7-80
,,,5-7-98
,,2  Added,5-7-80
,,3  Added,5-7-98
,,4  Rpld,8-4-10
,,,8-4-11
,,5  Added,8-4-10
,,6  Rpld,12-7-13
,,7  Added,12-7-13
3700,2- 8-94,1—5,"Adopting ordinance, p."
,,,xiv.lxix
3701,2-12-94,1,12-6-1
3702,2-12-94,,App. C
3703,2-12-94,,App. A
3704,2-12-94,,App. A
3705,2-12-94,,App. F
3707,2-12-94,1,5-6-93
,,2,5-6-95(a)(4)
3709,3-19-94,1,10-4-19(a)
,,2  Rpld,10-4-19(b)
,,Rnbd,"10-4-19(c), (d)"
,,as,"10-4-19(b), (c)"
3710,3-19-94,,App. C
3714,3-19-94,,App. C
3715,4-12-94,1—5,"Adopting Ordinance,"
,,,p. xiv.lxxi
3716,4-16-94,1,13-1-41
3718,4-16-94,,App. I
3719,4-28-94,1,3-2-181
,,2—6,3-2-221—3-2-224.1
3721,5-14-94,1,3-2-336
,,2,10-4-37
3722,5-14-94,1,App. C
3723,5-14-94,1  Rpld,9-3-121—9-3-127
,,2  Added,9-3-121—9-3-135
3724,5-14-94,1,App. D
3725,5-14-94,"1, 2","12-10-1, 12-10-2"
3726,6-14-94,1,11-5-4.1
,,2,11-5-12
3727,6-18-94,1  Rpld,"9-3-1, 9-3-2"
,,,9-3-11—9-3-13
,,,9-3-21—9-3-31
,,,9-3-41—9-3-44
,,,9-3-51—9-3-59
,,,9-3-71—9-3-73
,,,9-3-81—9-3-86
,,,9-3-91—9-3-100
,,,9-3-111—9-3-114
,,,9-3-121—9-3-135
,,,9-3-141—9-3-145
,,,9-3-151—9-3-153
,,,9-3-161—9-3-164
,,,"9-3-171, 9-3-172"
,,,9-3-181—9-3-186
,,,9-3-191—9-3-196
,,,9-3-201—9-3-210
,,,9-3-221
,,2  Added,"9-3-1, 9-3-2"
,,,9-3-11—9-3-37
,,,9-3-51—9-3-66
,,,9-3-71—9-3-73
,,,9-3-81—9-3-87
,,,9-3-91—9-3-93
,,,9-3-101—9-3-111
,,,9-3-121—9-3-126
,,,9-3-151—9-3-157
,,,9-3-171—9-3-181
,,,9-3-201—9-3-215
,,,9-3-231—9-3-236
,,,9-3-251—9-3-266
,,,9-3-281—9-3-283
,,,9-3-291—9-3-283
,,,9-3-291—9-3-294
,,,9-3-301
,,,9-3-311—9-3-315
,,,9-3-330—9-3-336
,,,9-3-351—9-3-364
3728,6-18-94,1,App. H
3729,6-18-94,1,12-4-3
,,2,12-4-5
,,3—5,12-4-15—12-4-17
3730,6-18-94,1,10-7-12
3731,6-18-94,1,3-2-354
3732,6-18-94,1,9-12-132
3733,6-18-94,"1, 2","11-2-383, 11-2-384"
3734,6-18-94,1,9-8-23
3735,6-18-94,1,5-10-4
3736,6-18-94,1,App. A
3737,6-18-94,1,App. A
3738,6-18-94,1,App. A
3739,6-18-94,1,App. F
3742,6-18-94,1,App. D
3743,6-18-94,1,App. D
3744,6-18-94,1,App. F
3747,6-28-94,1,2-2-10(v)
3748,9-13-94,1—5,"Adopting ordinance, p.xiv.lxxiii"
3750,9-17-94,,App. C
3751,9-17-94,,App. A
3752,9-27-94,1,2-2-10(k)
3754,10-15-94,,App. F
3755,10-15-94,,App. C
3756,10-15-94,,App. D
3757,10-25-94,1—5,"Adopting ordinance, p.xiv.lxxv"
3758,11-12-94,1,1-2-1
,,2,1-2-3
,,3,1-2-5
3759,11-12-94,,App. A
3760,11-12-94,,App. A
3761,12-17-94,1,10-1-19
3762,12-17-94,,App. A
3763,12-17-94,,App. A
3764,12-17-94,1,10-3-266.1
,,2,10-3-267
,,3—6,10-3-268.1—10-3-268.4
,,7,10-3-271
,,8,10-3-301.1
3765,12-17-94,1,10-4-13
3766,12-17-94,1,5-2-62(10)
3767,12-17-94,,App. F
3772,1-21-95,1,10-8-1—10-8-3
3773,1-21-95,1,"2-4-80, 2-4-81"
3775,1-21-95,1,App. F
3776,1-24-95,1—5,"Adopting ordinance, p.xiv.lxxvii"
3777,2-25-95,,App. F
3778,2-25-95,,App. A
3779,2-25-95,,App. C
3782,2-25-95,1,"2-4-90, 2-4-91"
3783,2-25-95,,App. D
3784,3-18-95,1,4-3-5
3786,3-18-95,,App. A
3787,4-22-95,1,4-1-31—4-1-37
3788,4-22-95,,App. C
3789,4-22-95,,App. F
3791,4-25-95,1—5,"Adopting ordinance, p.xiv.lxxix"
3792,5- 3-95,1,3-2-181
,,2—6,3-2-221—3-2-224.1
3793,5- 3-95,1,5-6-26
3795,5-13-95,1,2-2-10(k)
,,2,2-2-10(q)
,,3,2-2-10(r)
,,4,2-2-10(s)
,,5,2-2-10(s.1)
3796,5-13-95,1,12-1-4(c)(iii)
3797,5-13-95,,App. C
3798,5-13-95,1,13-1-5.1
3799,5-13-95,1,"2-4-85, 2-4-86"
3801,5-23-95,,App. I
3803,6-17-95,1,5-7-31
,,2,5-7-42(5)
,,3—14,5-7-46—5-7-57
3804,6-17-95,1,3-2-102
3805,6-17-95,,App. F
3808,6-17-95,,App. D
3809,6-17-95,,App. D
3810,6-27-95,1,2-2-10(s)
3812,6-27-95,,App. C
3813,6-27-95,,App. C
3814,6-27-95,,App. I
3815,6-27-95,1—5,"Adopting Ordinance,  p. xiv.lxxxi"
3816,9-12-95,1—5,Adopting Ordinance  p. xiv.lxxxi
3818,9-16-95,1,5-2-62(11)
3819,9-16-95,1,5-1-2(12b)
3820,9-16-95,"1, 2","1-1-11, 1-1-12"
3821,9-16-95,1,"2-4-100, 2-4-101"
3823,10-14-95,1,11-12-1—11-12-7
3826,10-14-95,,App. D
3827,10-14-95,,App. C
3828,10-14-95,,App. C
3829,10-14-95,,App. C
3830,10-14-95,,App. C
3831,10-14-95,,App. C
3832,10-14-95,,App. I
3833,11-14-95,1—5,"Adopting ordinance, p. xiv.lxxxv"
3834,11-18-95,1  Rpld,"9-1-17, 9-1-30,"
,,,"9-1-35, 9-1-41"
,,2,"9-1-2—9-1-15,"
,,,"9-1-18—9-1-25,"
,,,"9-1-27—9-1-29,"
,,,"9-1-31, 9-1-32,"
,,,"9-1-34, 9-1-39,"
,,,"9-1-40, 9-1-42,"
,,,9-1-43—9-1-45
,,3  Rpld,"9-1-55, 9-1-57"
,,4,"Tit. 9, Ch.1, Art. B (tit.),"
,,,9-1-56
,,5  Rpld,"9-1-73, 9-1-74,"
,,,"9-1-76, 9-1-81,"
,,,"9-1-85, 9-1-86"
,,6,"9-1-71, 9-1-71.1,"
,,,"9-1-72, 9-1-78,"
,,,"9-1-79, 9-1-82,"
,,,"9-1-87, 9-1-88,"
,,7  Rpld,"9-1-101, 9-1-103"
3835,11-18-95,,App. C
3836,11-18-95,,App. F
3839,1-20-96,,App. C
3842,2-24-96,,App. C
3845,2-24-96,3  Rpld,"7-5-1—7-5-12,"
,,,7-5-21—7-5-31
3846,2-24-96,,App. D
3848,2-27-96,1,2-2-10(k)
3849,3-23-96,1,5-8-65
,,2,5-9-4—5-9-6
,,3,8-1-6
,,4,8-1-30
,,5,8-1-56
,,6,"Tit. 8, Ch. 1, Art. D (tit.)"
,,7,"8-1-71, 8-1-74, 8-1-75"
,,8  Rpld,8-1-73
,,9,8-1-86
,,10,8-1-98
3850,3-23-96,1,12-4-2
,,2—4,12-4-3—12-4-4.1
,,5,12-4-5
,,6,12-4-12
,,7—11,12-4-14—12-4-18
,,12,12-4-21
,,13—15,12-4-23—12-4-24.1
,,"16, 17","12-4-29, 12-4-30"
3851,3-23-96,1,2-4-2
,,2,2-4-8
,,3,2-4-10
3852,3-23-96,,App. C
3853,3-23-96,,App. I
3848,2-27-96,1,2-2-10(k)
3855,4-13-96,,App. C
3856,4-13-96,,App. C
3857,4-13-96,,App. C
3858,4-13-96,,App. A
3862,5- 7-96,1,3-2-181
,,2,3-2-221
,,3,3-2-222
,,4,3-2-223
,,5,3-2-224
,,6,3-2-224.1
3863,5-18-96,,App. C
3864,5-18-96,1,5-2-29
,,2  Rpld,8-1-16
3867,5-18-96,,App. C
3868,5-28-96,1,"2-4-110, 2-4-111"
3869,6-15-96,1,3-2-102
3870,6-15-96,1,"9-1-11, 9-1-20,"
,,,"9-1-21, 9-1-23,"
,,,9-1-24
,,2,9-1-46
,,3,"9-1-71, 9-1-71.1,"
,,,"9-1-72, 9-1-75,"
,,,"9-1-75, 9-1-78,"
,,,"9-1-79, 9-1-82,"
,,,"9-1-87, 9-1-88"
3871,6-15-96,1  Rpld,3-2-228
,,2,"3-2-226, 3-2-229"
,,3  Rpld,"3-2-328, 3-2-335"
,,4,"3-2-321—3-2-324,"
,,,3-2-327
,,,3-2-329—3-2-331
,,,"3-2-333, 3-2-334,"
,,,3-2-336
,,5,3-2-354
,,6,5-8-74
,,7,10-4-37.1
3872,6-15-96,1,5-1-34(a)
3873,6-15-96,1,3-2-163
,,2,3-2-165
3874,6-15-96,,App. D
3875,6-15-96,,App. D
3876,6-15-96,"1, 2","7-2-3, 7-2-4"
3877,6-25-96,,App. I
3878,6-25-96,,App. I
3881,6-25-96,,App. A
3882,6-25-96,1—3,9-3-208—9-3-210
3883,6-25-96,1—5,"Adopting ordinance,  p. xvii"
3885,9-21-96,1,3-3-62
3886,9-21-96,,App. A
3887,9-21-96,1,2-4-100
3888,10-19-96,1,12-3-1
3890,10-23-96,1—5,"Adopting ordinance,  p. xix"
3891,11-16-96,1,3-2-163
,,2—4,3-2-165—3-2-167
3892,11-16-96,1  Rpld,3-2-261—3-2-270
,,2,13-1-12
,,3  Rpld,13-1-13
3894,11-16-96,,App. C
3895,11-16-96,,App. D
3896,12-14-96,,App. A
3897,12-14-96,1,2-2-10(v)
3902,12-14-96,,App. C
3903,12-14-96,,App. A
3906,1-14-97,1—5,"Adopting ordinance,  p. xxi"
3908,1-25-97,1  Rpld,13-1-37
,,2  Added,13-1-37
3909,1-25-97,1,10-3-2(d)
,,2,10-3-268.5
,,3,10-3-268.6
,,4,10-3-268.7
,,5,10-3-268.8
,,6,10-3-268.9
,,7,10-3-268.10
,,8,10-3-268.11
,,9,10-3-269
,,10,10-3-270.1
,,11,10-3-270.2
,,12,10-3-272
,,13,10-3-341.4
,,14,10-3-341.24
,,15—25,10-3-341.26:1—10-3-341.26:11
,,26—28,10-3-341.27—10-3-341.29
,,29,10-3-341.31
3913,1-25-97,,App. C
3914,1-25-97,,App. I
3915,3-15-97,1,9-12-28
3916,3-15-97,1,12-3-1
3919,3-15-97,,App. D
3920,3-25-98,1,9-12-132
3921,4-12-97,,App. C
3922,4-12-97,1,2-4-52
3924,5- 1-97,1,3-2-181
,,2—6,3-2-221—3-2-224.1
3925,5-13-97,1—5,"Adopting ordinance,  p. xxiii"
3927,5-17-97,,App. C
3928,5-17-97,1,3-2-224.2
3929,6-14-97,1,"4-2-12, 4-2-14,"
,,,"4-2-19, 4-2-22,"
,,,"4-2-23, 4-2-24"
,,2  Rpld,"4-2-20, 4-2-21"
,,3  Added,4-2-21
,,4,"8-1-2, 8-1-6"
,,5  Rpld,8-1-5
3930,6-14-97,1,9-7-3
,,2,9-7-20
,,3  Rpld,"9-7-5—9-7-12,"
,,,"9-7-14, 9-7-15,"
,,,9-7-17—9-7-19
,,4  Rnbd,9-7-13
,,as,9-7-5
,,Rnbd,9-7-16
,,as,9-7-6
,,Rnbd,9-7-20
,,as,9-7-7
,,Rnbd,9-7-21
,,as,9-7-8
,,Rnbd,9-7-22
,,as,9-7-9
3931,6-14-97,1,11-6-1
,,,"11-6-3—11-6-6,"
,,,"11-6-8—11-6-10,"
,,,11-6-14—11-6-17
3932,6-14-97,1,10-3-833.01
3933,6-14-97,1,10-3-1240
,,2,10-3-1242
,,3—9,10-3-1247—10-3-1253
,,10  Rpld,10-4-19
,,11,3-2-354(a)(19)
3934,6-14-97,1,3-2-224
,,Rpld,3-2-224.1
3935,6-14-97,1,11-12-3
,,2,11-12-5
,,3,11-12-6
,,4,13-1-19
,,5,13-1-19.1
3936,6-14-97,1,13-2-1
3938,6-14-97,,App. C
3939,6-14-97,,App. I
3940,6-14-97,,App. I
3941,6-14-97,,App. D
3942,6-14-97,,App. D
3943,6-24-97,,App. E
3944,6-24-97,,App. A
3945,6-24-97,,App. C
3947,9- 9-97,1—5,"Adopting ordinance, p. xxv"
3978,3-10-98,1—5,"Adopting ordinance, p. xxvii"
3949,9-13-97,1  Rpld,"11-2-1—11-2-5,"
,,,"11-2-11, 11-2-12,"
,,,"11-2-21, 11-2-22,"
,,,"11-2-31—11-2-33,"
,,,"11-2-41—11-2-49,"
,,,"11-2-61—11-2-69,"
,,,11-2-81
,,,"11-2-91—11-2-94,"
,,,"11-2-101—11-2-106,"
,,,"11-2-121—11-2-129,"
,,,"11-2-141—11-2-144,"
,,,"11-2-151—11-2-155,"
,,,"11-2-161—11-2-164,"
,,,"11-2-171—11-2-175,"
,,,11-2-181
,,,"11-2-191—11-2-196,"
,,,"11-2-211—11-2-214,"
,,,"11-2-221—11-2-224,"
,,,"11-2-231—11-2-233,"
,,,"11-2-241, 11-2-242,"
,,,"11-2-251—11-2-257,"
,,,"11-2-271—11-2-276,"
,,,"11-2-281, 11-2-282,"
,,,"11-2-291, 11-2-292,"
,,,"11-2-301, 11-2-302,"
,,,"11-2-311, 11-2-312,"
,,,"11-2-321—11-2-326,"
,,,"11-2-331—11-2-336,"
,,,"11-2-341—11-2-349,"
,,,"11-2-361—11-2-371,"
,,,"11-2-381—11-2-390,"
,,,"11-2-401—11-2-405,"
,,,"11-2-411—11-2-413,"
,,,"11-2-421, 11-2-422,"
,,,"11-2-426, 11-2-431,"
,,,11-2-436
,,,11-2-441—11-2-444
,,2  Added,"11-2-1—11-2-5,"
,,,"11-2-11—11-2-14,"
,,,"11-2-21—11-2-31,"
,,,"11-2-41, 11-2-42,"
,,,11-2-51
3952,9-23-97,1,12-13-1—12-13-6
3953,10-25-97,1  Rpld,9-3-291—9-3-294
,,3  Added,"2-4-112, 2-4-113"
,,4,"9-3-282(i), (m)"
3958,10-25-97,,App. A
3959,10-25-97,,App. C
3960,10-25-97,,App. C
3961,10-25-97,,App. H
3962,10-25-97,1,12-13-2
3963,10-25-97,,App. D
3964,11-15-97,1,5-8-137
3965,11-15-97,1,"10-3-14, 10-3-15"
3966,11-15-97,,App. C
3967,12-13-97,1,5-2-62(12)
3975,1-24-98,,App. A
3976,1-24-98,,App. D
3981,3-14-98,1,12-2-1
3984,3-14-98,,App. A
3985,3-14-98,,App. A
3986,3-14-98,,App. C
3989,4-18-98,1,"2-4-114, 2-4-115"
3992,4-18-98,,App. C
3993,5- 6-98,1,3-2-181
,,2,3-2-221
,,3,3-2-222
,,4,3-2-223
,,5,3-2-224
,,6,3-2-231
3994,5- 6-98,1,3-2-142
3995,5-16-98,1,5-2-29
3996,5-16-98,1,12-13-1
,,2,12-13-2
3997,5-16-98,1,12-12-2
3998,5-16-98,1,5-6-40
4002,5-16-98,,App. C
4003,5-16-98,,App. C
4004,6-13-98,1,3-3-2(a)
,,2,3-3-6
,,3,3-3-21
,,4,3-3-24
,,5,3-3-32
,,6,3-3-35
,,7,3-3-41
,,8,3-3-42
,,9,3-3-43
,,10,3-3-51
,,11,3-3-55(b)
,,12,3-3-56
,,13,3-3-62
,,14,3-3-69
,,15,3-3-70
,,16,3-3-71
,,17,3-3-72
,,18,3-3-74(b)
,,19,"3-3-76, 3-3-77"
,,20,3-3-81
,,21,3-3-101(a)
,,22,3-3-103
,,23,3-3-104(a)
,,24,3-3-106
,,25,3-3-108(a)
,,26,3-3-121
,,27,3-3-122(c)
,,28,3-3-128
,,29,3-3-131—3-3-133
4005,6-13-98,1,3-2-230
,,2,3-2-301
,,3,3-2-336
,,4,9-1-11(a)(1)
,,5,9-1-79
4006,6-13-98,1,"3-2-354(a)(19), (36), (37)"
,,2  Rpld,10-4-19
4008,6-13-98,1  Rpld,11-4.1-1—11-4.1-34
,,2  Added,11-4.2-1—11-4.2-12
4009,6-13-98,1,9-3-207
,,2,9-3-208
,,3,9-3-209
,,4,9-3-210
,,5,9-3-211
,,6,9-3-212
,,7  Rpld,9-3-215
,,8,9-3-216
4010,6-13-98,1,12-2-1
,,2,12-2-3
4011,6-13-98,1,"5-2-160, 5-2-161"
4012,6-13-98,,App. F
4013,6-13-98,,App. C
4014,6-13-98,,App. C
4015,6-13-98,,App. D
4016,6-13-98,,App. D
4017,6-24-98,,App. E
4020,9-12-98,1,9-2-5
,,2,9-2-7
4021,10-17-98,,App. C
4023,10-17-98,,App. D
4024,10-27-98,1—5,"Adopting ordinance, p. xxix"
4026,11-14-98,1,6-1-2.1
4028,11-14-98,,App. A
4029,11-14-98,,App. C
4030,12-12-98,,App. F
4032,1-23-99,,App. F
4033,2-20-99,1,12-13-1—12-13-6
4034,2-23-99,,App. E
4035,3-23-99,1  Rpld,"5-6-71—5-6-80,"
,,,5-6-90—5-6-99
,,2  Added,"5-6-101—5-6-104,"
,,,"5-6-111—5-6-114,"
,,,"5-6-121—5-6-130,"
,,,"5-6-141—5-6-151,"
,,,"5-6-161—5-6-174,"
,,,"5-6-181, 5-6-182,"
,,,"5-6-191—5-6-197,"
,,,"5-6-200—5-6-204,"
,,,"5-6-211, 5-6-212,"
,,,5-6-221—5-6-223
4036,4-13-99,1—5,"Adopting ordinance, p. xxxi"
4038,4-17-99,,App. F
4039,4-17-99,,App. H
4043,5- 5-99,1,3-2-181
,,2,3-2-221
,,3,3-2-222
,,4,3-2-223
,,5,3-2-224
4044,5- 5-99,1,3-2-142
4045,5- 5-99,1,3-2-131
4050,6-12-99,,App. F
4054,6-12-99,1,10-3-833.01
4055,6-12-99,1,3-2-245
4056,6-12-99,1,9-1-79(b)
4057,6-12-99,1,13-1-33
4058,6-12-99,1,3-2-9
,,2,3-2-146
,,3,3-2-183
,,4,3-2-230
,,5,3-2-248
,,6,3-2-363
,,7,3-2-369
,,8,9-1-46
4059,6-12-99,1,5-8-61
,,2,5-6-62
,,3,5-6-63
,,4,5-6-64
,,5,5-6-65
4060,6-12-99,1,12-12-2
4063,6-12-99,,App. C
4064,6-12-99,,App. C
4065,6-12-99,,App. A
4066,6-12-99,,App. D
4067,6-12-99,,App. D
4068,9-18-99,1,"8-1-130, 8-1-131"
4069,9-18-99,1,1-1-13
,,2,3-2-230
4070,9-18-99,,App. F
4072,9- 9-99,,App. A
4074,10-16-99,1,8-1-141—8-1-149
4075,10-16-99,1,2-2-10(i)
,,2,2-2-10(s)
4076,10-16-99,,App. F
4079,10-16-99,,App. C
4080,10-16-99,,App. D
4081,11-13-99,1,6-1-8
4082,11-13-99,1,2-2-11
4083,11-13-99,1,5-2-62(13)
4084,11-13-99,,App. A
4085,11-13-99,,App. A
4086,11-13-99,,App. F
4089,11-13-99,,App. F
4090,11-13-99,,App. C
4091,11-13-99,,App. C
4092,11-13-99,,App. A
4093,11-13-99,1,11-2-3
,,2,11-2-5
4094,11-23-99,1,3-2-161
,,2,3-2-163
,,3,3-2-165
,,4,3-2-166
,,5,3-2-167
4096,12-18-99,1,5-8-74
4097,12-18-99,1,2-4-52
4098,12-18-99,,App. F
4100,1-11-00,1—5,"Adopting ordinance, p. xxxiii"
4101,1-22-00,1,5-7-31
,,2,5-7-32
,,3,5-7-33
,,4,5-7-34(a)
,,5,5-7-36.2(d)
,,6,5-7-37
,,7,5-7-50
4102,1-22-0,1,5-8-81
4103,2-12-00,1,12-13-1
,,2,12-13-2
,,3,12-13-7
4105,2-12-00,,App. C
4106,2-12-00,,App. D
4107,2-12-00,,App. I
4108,3-14-00,1—5,"Adopting ordinance, p. xxxv"
4110,3-18-00,1,9-12-132(a)(11)
4111,3-18-00,1,"5-4-1, 5-4-1.1,"
,,,"5-4-2, 5-4-3,"
,,,5-4-3.1
,,,5-4-4—5-4-19
4112,3-18-00,,App. C
4113,3-18-00,,App. A
4114,3-18-00,,App. C
4115,3-18-00,,App. F
4116,3-28-00,1,11-5-4(b)(19)
4117,4-15-00,1,9-12-132
4118,4-15-00,1,5-2-62(14)
4125,4-15-00,,App. I
4126,4-15-00,,App. H
4130,4-15-00,,App. A
4131,4-27-00,1,3-2-181
,,2,3-2-221
,,3,3-2-222
,,4,3-2-223
,,5,3-2-224
4132,5-13-00,1,3-2-367
4133,5-13-00,1,3-2-241
,,2,3-2-242
,,3,3-2-243
,,4,3-2-246
,,5,3-2-250
4134,5-13-00,1,"2-4-116, 2-4-117"
4135,5-13-00,1,4-1-16
4136,5-13-00,,App. I
4137,6-17-00,1,2-2-10(t)
4138,6-17-00,1,3-3-6
,,2,3-3-31.1
,,3,3-3-44
,,4,3-3-45
,,5,3-3-50
,,6,3-3-63.1
,,7,3-3-66
,,8,3-3-68
,,9,3-3-72
,,10,3-3-78
,,11,3-3-104(a)
,,12,12-4-6(a)
4139,6-17-00,,App. E
4140,6-17-00,1,8-1-6
4141,6-17-00,1,10-3-833.01
4142,6-17-00,1,2-4-41
,,2,2-4-42
4143,6-17-00,1,10-3-30
4144,6-17-00,1,3-2-184
4145,6-17-00,1,3-2-8
,,2,3-2-9(c)
4146,6-17-00,,App. D
4147,6-17-00,,App. D
4148,6-27-00,,App. F
4149,9-12-00,1—5,"Adopting ordinance, p. xxxvii"
4151,9-16-00,1,2-4-31
4152,9-16-00,1,2-4-111
,,2,11-1-2
,,3,11-5-2
4153,9-16-00,1,10-3-924
4154,9-16-00,1,13-1-21
,,2,13-1-22
4158,9-16-00,,App. A
4159,9-16-00,,App. C
4160,9-21-00,,App. C
4161,9-16-00,,App. C
4162,9-27-00,1,6-1-2.2
4163,9-27-00,1,5-7-31
,,2,5-7-35
,,3,5-7-42
,,4,5-7-44
,,5,5-7-48
4164,10-14-00,1,"3-2-61—3-2-67,"
,,,"3-2-69, 3-2-70"
,,2,3-2-372—3-2-379
,,3,9-1-84
4165,10-14-00,1,5-7-36.1
,,2,5-7-37(a)
4166,10-14-00,1,7-3-1
4167,10-14-00,1,9-1-10
,,2,"9-1-10.1(tit.), (a)"
4168,10-14-00,,App. C
4169,10-14-00,,App. D
4170,11-18-00,1,"2-4-100, 2-4-101"
4171,11-18-00,1,3-2-186
,,2,3-2-187
4173,11-18-00,,App. C
4174,11-18-00,,App. A
4176,12-16-00,1,4-2-25
,,2,11-5-8
4177,12-16-00,1,10-4-6
4179,12-16-00,,App. F
4180,12-16-00,,App. I
4182,1-13-01,,App. A
4183,1-13-01,1,3-2-161
,,2,3-2-163
,,3,3-2-165
,,4,3-2-166
4184,1-13-01,,App. A
4185,1-23-01,1—5,"Adopting ordinance, p. xxxix"
4187,2-24-01,,App. C
4188,2-24-01,1,2-4-71
4189,2-24-01,1,12-13-2
4190,2-28-01,1—5,"Adopting ordinance, p. xl.i"
4191,3-17-01,,App. D
4192,3-17-01,,App. F
4194,4-10-01,1,12-6-2
,,2,12-6-3
4196,5- 7-01,1,3-2-181
,,2,3-2-221
,,3,3-2-222
,,4,3-2-223
,,5,3-2-224
4197,5- 8-01,1—5,"Adopting ordinance, p. xli"
4198,5-12-01,,App. E
4199,5-12-01,1,5-8-117
4200,5-12-01,1,10-2-7
4201,5-12-01,1,10-4-44
4202,5-12-01,,App. H
4203,5-22-01,1,9-12-132
4204,6-12-01,1—5,"Adopting ordinance, p. xliii"
4206,6-16-01,1,2-2-10
,,2,2-2-13
4207,6-16-01,1,3-2-230
4208,6-16-01,1,3-3-46
,,2,3-3-54
,,3,3-3-69
,,4,3-3-73.1
,,5,3-3-107
4209,6-16-01,1,8-1-141
4210,6-16-01,1,13-1-33
4211,6-16-01,1,11-13-01—11-13-8
4212,6-16-01,,App. D
4213,6-16-01,,App. D
4214,6-16-01,,App. C
4215,6-16-01,,App. C
4216,6-26-01,,App. C
4217,6-26-01,,App. C
4218,6-26-01,,App. A
4219,9-25-01,1,12-12-2
4219,9-25-01,1,12-12-2
4220,10-13-01,1,"2-4-120, 2-4-121"
4221,10-13-01,,App. D
4222,10-13-01,,App. C
4223,10-13-01,,App. C
4224,10-13-01,1,5-2-27
4227,11-17-01,,App. A
4228,12-11-01,1,5-7-33.1
,,2,5-7-42.1
,,3,5-7-46
,,4,1-1-11(c)
4229,12-15-01,1,1-2-3
4230,12-15-01,1,3-2-52
4231,1- 8-02,1—5,"Adopting ordinance, p. xlv"
4232,1-26-02,1,3-3-51.1
,,2,3-3-62
,,3,3-3-70(b)
,,4,3-3-79
,,5,3-3-123
,,6,3-3-128
,,7,12-4-6
4233,1-26-02,1,5-8-81
4234,1-26-02,,App. F
4237,2-23-02,1,2-4-100
4238,2-23-02,,App. D
4239,2-23-02,,App. F
4240,2-23-02,,App. C
4241,2-26-02,1—5,"Adopting ordinance, p. xlvii"
4242,3-16-02,1,3-2-163
,,2,3-2-166
4243,3-16-02,1,"4-2-11—4-2-19,"
,,,4-2-21—4-2-24
4245,4-13-02,1,2-2-10(a)
4246,4-13-02,1,3-2-229(d)
,,2,3-2-230
4248,5- 6-02,1,3-2-181
,,2,3-2-221
,,3,3-2-222
,,4,3-2-223
,,5,3-2-224
4249,5-18-02,,App. H
4250,5-18-02,1,5-8-25
4251,5-18-02,1,3-2-52.1
,,2,3-2-53
4252,5-18-02,1,5-1-50
,,2,5-1-50(note)
4253,5-18-02,,App. F
4255,5-28-02,1—5,"Adopting ordinance, p. xlix"
4256,6-15-02,1,3-2-82
4257,6-15-02,1,5-6-25.1
,,2,5-6-25.1(note)
,,3  Rpld,5-6-25
4258,6-15-02,1,9-12-95
,,2,9-12-132(a)(2)
4259,6-15-02,,App. D
4260,6-15-02,,App. D.
4261,6-25-02,,App. F
4263,6-25-02,1,12-1-4
4264,9-10-02,1—5,"Adopting ordinance, p. l"
4266,9-14-02,1,2-2-10(h)
,,2,2-2-13
4267,10- 8-02,1—5,"Adopting ordinance, p. liii"
4268,10-19-02,,App. C
4269,10-19-02,,App. C
4270,10-19-02,,App. C
4275,11-16-02,,App. D
4276,11-16-02,1,2-1-4
4277,11-16-02,,App. F
4278,11-16-02,,App. A
4279,11-16-02,,App. A
4283,12-14-02,1,3-2-102
4284,12-14-02,1,"2-5-51—2-5-60,"
,,,2-5-63—2-5-65
4285,12-14-02,,App. A
4286,1-14-03,1—5,"Adopting ordinance, p. lv"
4289,12-14-02,,App. A
4291,2-22-03,1,"2-4-130, 2-4-131"
4292,3-15-03,,App. I
4295,4-12-03,1,4-2-21(16)
4296,4-29-03,1,3-2-181
,,2—5,3-2-221—3-2-224
,,6,3-1-2
4297,4-29-03,1,3-2-160—3-2-168
4298,5-13-03,1—5,"Adopting ordinance, p. lvii"
4299,5-17-03,1,"2-4-116, 2-4-117"
4300,5-17-03,,App. C
4301,5-17-03,1,5-6-26
4303,6-14-03,,App. E
4304,6-14-03,,App. D
4305,6-14-03,,App. D
4306,6-14-03,1,3-2-187
4307,6-14-03,1,2-2-10(n)
4308,6-14-03,,App. H
4309,6-14-03,,App. F
4312,9-13-03,,App. C
4313,9-13-03,,App. I
4314,9-13-03,1,2-1-41
,,2,2-1-47
4315,10-14-03,1—5,"Adopting ordinance, p. lix"
4317,10-18-03,,App. C
4318,10-18-03,,App. C
4319,11-15-03,,App. D
4320,12-16-03,,App. C
4329,1-24-04,1,3-2-185
4330,1-24-04,,App. C
4331,1-24-04,1,2-4-100
4332,1-24-04,1,3-2-323
,,2,3-2-324
,,3,3-2-325
,,4,3-2-333
,,5,3-2-334
4333,3- 9-04,1—5,Adopting ord. p. lxi
4334,2-21-04,1,2-2-10(h)
,,2,2-2-10(o)
,,3,2-2-10(s)
4335,2-21-04,,App. C
4336,2-21-04,1,2-5-51
,,2,2-5-65
4338,3-13-04,,App. F
4340,3-13-04,,App. A
4341,3-13-04,,App. A
4343,4-17-04,,App. C
4344,4-17-04,,App. C
4345,4-17-04,,App. C
4346,4-27-04,1,2-4-110
4347,5- 3-04,1,3-2-181
,,2,3-2-221
,,3,3-2-222
,,4,3-2-223
,,5,3-2-224
4348,5- 3-04,1,5-6-26
4349,5-15-04,1,2-4-114
4350,5-15-04,1,3-2-171—3-2-179
4351,6-12-04,,App. D
4352,6-12-04,,App. D
4353,6-12-04,1,2-5-31—2-5-38
4359,9-14-04,1—5,Adopting ord. p. lxiii
4360,9-28-04,,App. F
4361,10-16-04,1,10-1-15.1
4363,10-16-04,,App. D
4364,10-16-04,,App. E
4365,11-13-04,1,1-2-3
4367,12-18-04,1,3-2-161(6)
4368,12-18-04,1,5-2-21
4369,12-18-04,1,5-7-47
,,2,5-7-48
,,3,5-7-49
4372,1-25-05,,App. I
4374,1-25-05,,App. F
4376,1-25-05,,App. C
4377,1-25-05,,App. C
4378,1-25-05,,App. A
4379,1-11-05,1—5,Adopting ord. p. lxv
4380,2-12-05,,App. C
4381,3-12-05,,App. D
4382,3-12-05,1  Added,"2-4-150, 2-4-151"
4383,3-12-05,1  Added,"2-4-140, 2-4-141"
4384,3-12-05,1,12-13-2
4385,3-12-05,1,7-4-1
,,,7-4-3—7-4-6
4386,3-12-05,1,2-2-10(d)
4387,3-12-05,1,10-1-15.1
4388,4-16-05,1,2-4-64
4389,4-16-05,1  Added,5-8-82
4390,5- 2-05,1,"3-2-160—3-2-168,"
,,,3-2-171—3-2-179
4391,5- 2-05,1  Added,3-2-71
4392,5- 2-05,1,3-2-102(a)
4393,5- 2-05,1,5-6-26
4394,5- 2-05,1,5-6-25.1
4395,5- 2-05,1  Added,3-2-382—3-2-394
4396,5- 2-05,1,3-2-181
,,2—5,3-2-221—3-2-224
4397,5-14-05,1  Added,3-1-5
4402,6-14-05,1  Rpld,"Tit. 9, Ch. 12, Art. A,"
,,,"§§ 9-12-1—9-12-8,"
,,,"9-12-21—9-12-33,"
,,,"9-12-41—9-12-60,"
,,,"9-12-71—9-12-101,"
,,,"9-12-111—9-12-115,"
,,,9-12-131—9-12-138
,,Added,"Tit. 9, Ch. 12, Art. A.1,"
,,,"§§ 9-12-1—9-12-6,"
,,,"9-12-21—9-12-35,"
,,,"9-12-41—9-12-60,"
,,,"9-12-71—9-12-81,"
,,,"9-12-111—9-12-115,"
,,,"9-12-131—9-12-138,"
,,,9-12-141—9-12-144
4404,6-21-05,1,5-8-61
,,2,5-8-63
,,3,5-8-64
,,4,5-8-65
4405,6-21-05,1  Added,3-2-230.1
4406,6-21-05,1  Rpld,"Tit. 8, Ch. 1, Art. G,"
,,,§§ 8-1-110—8-1-121
,,Added,"Tit. 8, Ch. 1, Art. G.1,"
,,,§§ 8-1-110—8-1-121
4407,6-21-05,1,5-8-74
4408,6-21-05,1,9-1-4
,,,9-1-6
,,,9-1-12
,,,9-1-18
,,,9-1-42
,,,9-1-43
,,Added,"9-1-43.1, 9-1-43.2"
,,,9-1-44
,,2,9-1-78
,,3,9-1-116
4409,6-21-05,1,11-12-1—11-12-7
4410,6-21-05,1,10-3-7
,,2,10-3-13
,,3  Added,10-3-16
4411,6-21-05,1,"4-2-11—4-2-17.1,"
,,,"4-2-18, 4-2-19,"
,,,4-2-21
4415,6-21-05,1,5-8-92
,,2,5-8-93
4416,6-21-05,,App. C
4417,6-21-05,,App. D
4418,6-21-05,,App. D
4420,6-28-05,1—5,Adopting ord. p. lxvii
4421,9-20-05,1,5-1-34
4422,10-11-05,1—5,"Adopting ord., p. lxix"
4424,10-15-05,1,3-2-230
4423,10-15-05,,App. E
4425,10-15-05,,App. A
4427,10-15-05,,App. F
4429,11-12-05,,App. D
4430,11-12-05,,App. F
4431,11-12-05,,App. F
4432,12-13-05,1—5,"Adopting ord., p. lxxi"
4433,12-17-05,1,8-1-30
4434,12-17-05,1,9-12-132
4435,1-21-06,1,3-3-70
4437,2-14-06,1—5,Adopting ord. p. lxxiii
4438,2-25-06,1  Added,5-1-90—5-1-99
4439,4-11-06,1—5,Adopting ord. p. lxxiv
4440,4-22-06,,App. D
4444,4-25-06,1,3-2-173
,,,3-2-176
,,,"3-2-176.1, 3-2-176.2"
,,,3-2-179
,,2,3-2-171(9)
4445,4-24-06,1,3-2-181
,,2,3-2-221
,,3,3-2-222
,,4,3-2-223
,,5,3-2-224
4446,4-24-06,1,"3-2-163, 3-2-166"
4447,5-20-06,,App. H
4448,5-20-06,1,3-2-131
4449,5-20-06,1,12-7-12
4450,5-20-06,,App. F
4451,5-20-06,,App. F
4453,6-17-06,,App. D
4454,6-17-06,,App. D
4455,6-17-06,1,"4-2-11—4-2-15.1,"
,,,"4-2-16—4-2-17.1,"
,,,"4-2-18, 4-2-19,"
,,,4-2-21
4456,6-17-06,1,2-2-10(y)
,,2,2-2-10(z)
4458,9-12-06,1—5,Adopting ord. lxxvii
4460,9-16-06,1,2-4-71
4461,9-16-06,1,2-4-85
4462,9-16-06,,App. F
4463,9-16-06,,App. C
4464,10-14-06,,App. F
4465,10-14-06,,App. C
4466,10-14-06,,App. A
4467,11-18-06,,App. D
4470,12-16-06,1,3-3-24
,,2,"3-3-39, 3-3-52,"
,,,3-3-55
,,3,"3-3-62, 3-3-69,"
,,,3-3-70
,,4,3-3-111
4471,1- 9-07,1—5,Adopting ord. lxxix
4473,1-20-07,1,"3-2-101—3-2-110,"
,,,3-2-112—3-2-115
,,Added,3-2-116
4474,1-20-07,1,3-2-354
4475,2-24-07,1,5-1-91(6)
4476,4-14-07,1,11-2-3
,,2,11-2-5
,,3,11-2-11
,,4,11-2-21
,,5,11-2-25
4477,5- 7-07,1,3-2-181
,,2,3-2-221
,,3,3-2-222
,,4,3-2-223
,,5,3-2-224
4479,5-12-07,1,3-2-323
,,2,3-2-325
4480,5-12-07,1,3-2-230
4481,5-12-07,1,"2-4-140, 2-4-141"
4482,5-12-07,1,"2-4-90, 2-4-91"
4484,6-12-07,1—5,Adopting ord. p. lxxxi
4485,6-16-07,,App. D
4486,6-16-07,,App. D
4487,6-16-07,1,3-2-143
4488,6-16-07,1,3-2-327
,,,3-2-329
,,,3-2-330
,,,3-2-331
4489,6-16-07,1,"5-4-1, 5-4-1.1,"
,,,"5-4-2—5-4-3.2,"
,,,"5-4-4—5-4-14.1,"
,,,5-4-15—5-4-18
4490,6-16-07,1,"3-2-185, 3-2-187"
4491,6-16-07,1,3-2-52.1
4492,6-16-07,1,10-3-833.01
4495,6-26-07,1,3-1-2
4496,9-11-07,1—5,"Adopting ord., p. lxxxiii"
4497,9-15-07,1,3-2-110
,,2,3-2-147
,,3,3-2-249
4498,9-15-07,1,3-2-179
4499,10-13-07,1,2-4-114
4500,10-13-07,1  Rpld,2-4-63—2-4-66
,,2  Added,2-4-63—2-4-70
,,3,2-5-11(a)(9)m.
4501,10-13-07,1,"5-6-101—5-6-104,"
,,,5-6-111-5-6-114
,,,"5-6-121—5-6-130,"
,,,"5-6-141—5-6-151,"
,,,"5-6-161—5-6-176,"
,,,"5-6-181, 5-6-182,"
,,,"5-6-191—5-6-197,"
,,,"5-6-201—5-6-204,"
,,,"5-6-211, 5-6-212,"
,,,5-6-221—5-6-223
4502,10-13-07,1  Added,10-3-878.11
4503,11-19-07,,App. C
4504,11-19-07,1—5,"Adopting ord., p. lxxxv"
4506,11-27-07,1  Added,2-4-7(k)
4507,11-27-07,,App. C
4508,11-27-07,,App. D
4509,12-15-07,1,9-12-132
4510,12-15-07,1,10-1-15.1
4512,12-15-07,1  Added,3-2-188
4513,1-12-08,1  Added,5-2-62(15)
4515,1-12-08,,App. C
4516,1-12-08,1,11-4.2-1—11-4.2-13
4517,2-12-08,1,8-1-22
,,2,8-1-30
4518,2-23-08,,App. C
4519,2-23-08,,App. C
4520,2-23-08,1,"5-7-31—5-7-33.1,"
,,,"5-7-34—5-7-36,"
,,,"5-7-37—5-7-38.1,"
,,,"5-7-39—5-7-42.1,"
,,,5-7-43—5-7-57
,,2,6-1-2.2
4523,3-15-08,,App. A
4524,4-12-08,,App. F
4525,4-12-08,,App. F
4526,4-12-08,1  Added,2-4-160—2-4-163
4528,4-12-08,,App. F
4529,4-12-08,,App. D
4530,5- 5-08,1,3-2-181
,,2—5,3-2-221—3-2-224
4531,5- 5-08,1,3-2-142
4532,5- 5-08,1,3-2-242
4533,5- 5-08,1,3-2-173
,,,3-2-179
,,2,3-2-173(note)
,,,3-2-179(note)
,,3  Rpld,3-2-176.1(d)
,,Rpld,3-2-176.2(d)
4534,5- 5-08,1,3-2-131
4535,5- 5-08,1,5-8-93
4536,5- 5-08,1,5-6-25.1
4537,5-13-08,1—5,"Adopting ord., p. lxxxvii"
4539,5-20-08,1,5-8-152
4540,5-20-08,1,3-2-301
4541,5-20-08,,App. E
4542,5-20-08,1,12-7-12
4543,5-20-08,,App. A
,,,App. C
4544,5-20-08,,App. C
4545,6-14-08,1  Added,3-1-8
4546,6-14-08,1,5-8-25
4547,6-14-08,1,5-2-146
4548,6-14-08,1,3-2-354
4549,6-14-08,1—3,12-4-2—12-4-4
,,4—6,12-4-5—12-4-7
,,7,12-4-10
,,8—20,12-4-12—12-4-24
,,21,12-4-24.1
,,22—25,12-4-27—12-4-30
4550,6-14-08,1  Added,3-2-134
4551,6-14-08,1,2-5-57
,,2  Added,3-1-7
4552,6-14-08,,App. F
4553,6-14-08,,App. D
4554,6-14-08,,App. D
4555,6-14-08,1,5-2-27
4557,6-24-08,1  Added,"2-4-170, 2-4-171"
4558,9- 9-08,1—5,"Adopting ord., p. lxxxix"
4559,9-13-08,1,12-3-1—12-3-4
,,2,"Tit. 12, Ch. 3, Art. B(title)"
,,,12-3-61—12-3-71
4561,10-18-08,,App. C
4562,10-18-08,,App. C
4563,11-15-08,,App. D
4564,11-19-08,1—5,"Adopting ord., p. xci"
4567,12-13-08,1,3-3-62
,,2,3-3-69
4568,12-13-08,1,3-1-2
4569,12-13-08,1  Rpld,"13-1-21, 13-1-22"
,,2  Added,13-1-21.1
4570,12-13-08,1,5-8-24
4571,12-13-08,,App. F
4574,12-13-08,,App. F
4577,2-10-09,1—5,"Adopt. ord, p. xciii"
4578,2-21-09,,App. F
4582,3-14-09,1  Added,9-14-1—9-14-5
4584,3-24-09,,App. E
4585,4-18-09,,App. D
4586,4-18-09,,App. H
4587,4-27-09,1,3-1-2
,,2,3-2-181
,,3,3-2-188
,,4—7,3-2-221—3-2-224
4590,5-16-09,1,3-2-253
,,2,3-2-354
4591,5-16-09,1,11-2-23
,,2,11-2-51
4592,5-16-09,1,3-1-5
4593,5-16-09,1,5-8-93
4594,5-16-09,1,3-2-102
4595,6-13-09,1,2-4-4
4596,6-13-09,4  Added,2-2-1
4597,6-13-09,1,10-3-2
,,2,10-3-1242
,,3,10-4-44
4598,6-13-09,,App. F
4599,6-13-09,,App. H
4600,6-13-09,,App. D
4601,6-13-09,,App. D
4602,6-13-09,,App. I
4603,6-13-09,1,2-5-33
,,,2-5-35—2-5-37
4604,6-13-09,1,2-4-140(b)(1)
4605,6-13-09,,App. E
4606,6-13-09,1,4-2-21
4607,6-13-09,1,2-2-10
4608,6-23-09,1,5-2-29
,,2,5-2-19
,,3,5-2-16
4610,6-23-09,1—5,"Adopting ord., p. xcv"
4613,9-12-09,2  Added,13-2-7
4614,9-12-09,1,12-9-12
4615,9-12-09,1,6-1-1.1
4616,9-12-09,2  Rpld,13-2-4
4617,9-12-09,,App. F
4618,9-12-09,,App. F
4619,9-12-09,,App. C
4620,9-12-09,,App. C
4621,9-12-09,,App. C
4622,9-12-09,1  Added,2-5-39
4623,9-12-09,1,3-3-36
,,2,3-3-64
4624,9-12-09,"1, 2","3-2-61, 3-2-62"
,,3  Rpld,3-2-63
,,4  Rpld,3-2-67
,,5,3-2-69
,,6  Rpld,3-2-71
,,7  Rpld,3-2-366—3-2-371
,,8,9-1-84
4625,9-12-09,,App. F
4627,10-17-09,1,11-2-21(b)
,,2,11-2-23(b)
4628,10-17-09,1,3-2-52
4629,10-17-09,1  Rpld,"9-4-1—9-4-11,"
,,,"9-4-21—9-4-37,"
,,,9-4-51—9-4-57
,,2  Rpld,9-5-1—9-5-9
4630,10-27-09,,App. F
4631,11-21-09,1,3-2-246
4632,11-21-09,1  Added,3-2-395—3-2-402
4633,11-21-09,1  Rpld,3-2-356—3-2-365
,,2  Added,3-2-356—3-2-368
4635,11-21-09,,App. D
4636,12- 8-09,,"Adopting ord., p. xcvii"
4637,12-12-09,"1, 2","5-8-21, 5-8-22"
,,"3, 4","5-8-24, 5-8-25"
,,5—8,5-8-27—5-8-30
4638,12-12-09,1,2-4-110
4640,12-12-09,,App. F
4642,1-23-10,"1, 2","3-2-321, 3-2-322"
4643,1-23-10,,App. F
4644,1-23-10,1  Rpld,"2-4-120, 2-4-121"
4645,1-23-10,1  Added,"2-4-180, 2-4-181"
4646,1-23-10,1  Added,"2-4-190, 2-4-191"
4647,1-23-10,1  Added,"2-4-200, 2-4-201"
4648,2-23-10,,"Adopting ord., p. xcix"
4649,3-13-10,1  Rpld,11-11-1—11-11-3
,,Added,11-11-1—11-11-142
4651,4-17-10,,App. D
4654,4-17-10,1,9-12-162
,,,9-12-164
4655,4-17-10,1,2-4-116
4656,5- 3-10,2,3-2-181
,,3,3-2-188
,,4—7,3-2-221—3-2-224
4658,5-11-10,1—5,"Adopting ord., p. ci"
4659,5-15-10,1  Rpld,"8-1-1—8-1-6,"
,,,"8-1-11—8-1-30,"
,,,"8-1-41—8-1-56,"
,,,"8-1-71—8-1-75,"
,,,"8-1-81—8-1-86,"
,,,"8-1-90—8-1-100,"
,,,"8-1-110—8-1-121,"
,,,"8-1-130, 8-1-131,"
,,,"8-1-141—8-1-149,"
,,,"8-2-1—8-2-8,"
,,,8-4-1—8-4-15
,,Added,"8-1-1—8-1-6,"
,,,"8-1-11—8-1-24,"
,,,"8-1-36, 8-1-37,"
,,,"8-1-53—8-1-55,"
,,,"8-1-110—8-1-121,"
,,,"8-1-130, 8-1-131,"
,,,8-1-141—8-1-155
,,2  Added,4-6-1—4-6-8
,,3  Added,5-2-30
,,4  Added,5-2-128
,,5,5-2-141
,,6  Added,5-3-44
,,7  Added,5-6-25
,,8  Added,"5-6-224, 5-6-225"
4660,5-15-10,,App. A
4662,6-12-10,1,5-7-31
,,Added,5-7-36.1
4663,6-12-10,,App. F
4664,6-12-10,,App. F
4665,6-12-10,,App. D
4666,6-12-10,,App. D
4667,6-12-10,1,4-2-12
,,2  Added,4-2-12.1
4668,6-12-10,1,11-2-3(a)
,,2,11-2-4(g)
,,3,11-2-5
,,4,11-2-51(a)
4669,6-12-10,1,8-1-6
4670,6-12-10,1  Added,3-1-9
4671,6-12-10,1,3-1-5
4672,6-12-10,1,5-8-25
4673,6-12-10,,App. F
4674,6-12-10,,App. F
4675,6-12-10,1,5-8-93
4676,6-22-10,1,5-8-74
4679,9-14-10,1—5,"Adopting ord., p. ciii"
4681,9-25-10,1,5-8-92(a)
4682,10-16-10,1,5-6-25.1(c)(3)
4683,10-16-10,1,9-12-1
,,,9-12-30(a)
,,,"9-12-31, 9-12-32"
,,,"9-12-58, 9-12-59"
,,,9-12-81
4684,11-13-10,1,5-8-93
4685,11-13-10,1,3-2-357
4687,11-13-10,,App. F
4689,11-13-10,1,5-2-21
4690,11-13-10,1,5-8-131—5-8-135
4691,11-13-10,1,9-12-132
4692,12-18-10,1—5,"Adopting ord., p. cv"
4693,12-18-10,,App. F
4694,12-18-10,,App. C
4695,12-18-10,,App. C
4696,12-18-10,,App. C
4697,12-18-10,1,2-4-180
4698,12-18-10,1,2-4-64
4699,12-18-10,1,3-3-24
,,2,3-3-32
,,3,3-3-62
4700,12-18-10,,App. A
4701,12-18-10,,App. D
4702,12-18-10,1,5-4-14.1(a)
4703,1-22-11,1,12-5-3
4705,2- 8-11,1—5,"Adopting ord., p. cvii"
4706,2-12-11,1,13-1-17
4707,3-12-11,,App. E
4708,3-12-11,,App. C
4710,3-12-11,,App. F
4713,4-12-11,1—5,"Adopting Ord., p. cix"
4714,4-16-11,,App. D
4716,5- 2-11,1,3-2-181
,,2,3-2-188
,,3—6,3-2-221—3-2-224
4717,5- 2-11,1  Added,3-2-189
4718,5-14-11,1  Added,5-8-83
4719,5-14-11,,App. F
4720,5-14-11,1,3-2-189(g)
4721,6-24-11,,App. I
4722,6-25-11,Added,3-2-190
4725,6-25-11,1,4-2-11—4-2-21
4726,6-25-11,,App. F
4727,6-25-11,1  Rpld,12-10-1—12-10-5
,,Rpld,12-13-1—12-13-7
,,2  Added,12-10-1—12-10-6
4728,6-25-11,,App. D
4729,6-25-11,,App. D
4730,6-25-11,1,5-6-25.1
4733,6-28-11,,App. F
4735,9-13-11,1—5,"Adopting Ord., p. cxi"
4736,9-17-11,,App. F
4738,10-15-11,1,9-3-1—9-3-3
,,,9-3-13—9-3-39
,,,9-3-52—9-3-66
,,,9-3-71—9-3-73
,,,9-3-91—9-3-85
,,,9-3-89—9-3-91
,,,9-3-99—9-3-107
,,,9-3-116—9-3-121
,,,9-3-146—9-3-152
,,,9-3-166—9-3-176
,,,9-3-196—9-3-210
,,,9-3-225—9-3-230
,,,9-3-245—9-3-259
,,,9-3-274—9-3-276
,,,9-3-294
,,,9-3-304—9-3-308
,,,9-3-323—9-3-329
,,,9-3-334—9-3-357
4739,10-15-11,"1, 2","3-2-353, 3-2-354"
4740,10-15-11,,App. C
4741,11-12-11,1  Added,5-7-58
4742,11-12-11,1,5-7-31
,,,5-7-33.1
,,,5-7-35
4743,11-12-11,1,3-2-185
,,,3-2-187
4744,11-12-11,,App. D
4745,11-22-11,1—5,"Adopting Ord., p. cxiii"
4746,1-21-12,,App. I
4747,1-21-12,1  Rpld,5-6-1
,,Rnbd,5-6-2—5-6-4
,,as,5-6-1—5-6-3
,,Added,5-6-4—5-6-10
4748,2-14-12,1—5,"Adopting ord., p. cxv"
4749,2-25-12,,App. F
4750,2-25-12,1,3-3-35
,,2,3-3-39
,,3,3-3-43
,,4,3-3-52
,,5,3-3-54
,,6,3-3-62
,,7  Added,3-3-63.2
,,8,3-3-69
,,9,3-3-70
,,10,3-3-81
,,11,3-3-121
,,12,3-3-122
,,13,3-3-127
,,14,3-3-128
4751,2-25-12,,App. C
4752,2-25-12,,App. F
4753,2-25-12,,App. F
4755,3-17-12,,App. E
4756,3-17-12,3,2-2-11
4757,4-14-12,1,"Tit. 2, Ch. 4, Art. E(title)"
,,,2-4-51—2-4-55
4758,4-14-12,,App. F
4760,4-14-12,,App. D
4761,5- 7-12,1,3-2-181
,,2,3-2-188
,,3,3-2-189
,,4—7,3-2-221—3-2-224
4762,5-12-12,,3-1-7
4763,6-13-12,1—5,"Adopting ord, p. cxvii"
4764,6-16-12,1,5-7-31
,,,5-7-33.1
,,,5-7-35
4765,6-16-12,,App. F
4766,6-16-12,,App. D
4767,6-16-12,,App. D
4768,6-16-12,1  Added,2-5-6
4770,6-26-12,,App. F
4771,6-26-12,,App. F
4772,6-26-12,1,3-2-354
,,2  Added,5-8-97
,,3—8,10-4-22—10-4-27
,,9,10-4-29
4773,9-11-12,1—5,"Adopting ord, p. cxix"
4775,10-13-12,,App. C
4776,10-13-12,,App. C
4777,11-17-12,1,2-5-11
4778,11-17-12,1,5-6-26
4779,12-11-12,1—5,"Adopting ord., p. cxxi"
4780,12-15-12,,App. D
4784,1-22-13,1,9-12-132
4785,2-23-13,4,2-2-10
4786,2-23-13,,App. F
4788,2-23-13,,App. F
4790,2-23-13,,App. C
4792,2-23-13,,App. F
4794,3-12-13,1—5,"Adopting ord, p. cxxiii"
4796,4-13-13,,App. E
4799,4-13-13,,App. D
4800,4-13-13,1,5-6-224
4801,5- 6-13,1,3-2-181
,,2,3-2-188
,,3,3-2-189
,,4—7,3-2-221—3-2-224
4802,5- 6-13,1,5-8-25
4803,5-14-13,1—5,"Adopting ord, p. cxxv"
4805,5-18-13,,App. F
4806,5-18-13,3,2-2-11
4807,5-18-13,1,3-2-102
4808,5-18-13,1,5-6-25.1
4809,5-18-13,1  Added,2-4-210—2-4-212
4810,5-28-13,1,9-12-32
4811,6-15-13,1,3-1-2
4812,6-15-13,,App. C
4816,6-15-13,,App. F
4817,6-15-13,1,3-2-224
4818,6-15-13,,App. D
4819,6-15-13,,App. D
4820,6-15-13,1,9-13-1—9-13-4
,,,9-13-6—9-13-10
,,Rnbd,9-13-11
,,as,9-13-12
,,Added,9-13-11
4822,6-25-13,,App. A
4823,6-25-13,1  Rpld,"10-7-1, 10-7-2"
,,,10-7-3—10-7-7
,,,10-7-9—10-7-12
4824,9-10-13,1—5,"Adopting ord, p. cxxvii"
4826,9-21-13,,App. I
4827,9-21-13,1,3-2-373
,,2,3-2-374
4828,9-21-13,1  Rpld,11-7-1—11-7-25
4829,9-21-13,1,"5-8-92(a), (b)"
4830,9-21-13,1,3-2-353
4831,10-19-13,1  Added,3-2-190
4833,10-19-13,,App. F
4834,10-19-13,1,5-2-29
4835,10-19-13,1  Rpld,10-7-3
4836,10-19-13,1,3-3-14
,,2,3-3-36
,,3,3-3-72
4837,10-19-13,1,"11-4.2-1, 11-4.2-2,"
,,Rpld,11-4.2-3—11-4.2-10
,,Rnbd,"11-4.2-11, 11-4.2-12"
,,as,"11-4.2-3, 11-4.2-4"
,,Rpld,11-4.2-13
,,2  Rpld,13-1-35
,,3  Rpld,9-1-59
4838,11-12-13,1—5,"Adopting ord, p. cxxix"
4840,11-16-13,1,"2-4-112(b), (e)"
,,,"2-4-113(a), (e)"
4845,12-14-13,,App. C
4846,12-14-13,,App. A
4847,12-14-13,,App. D
4848,1-14-14,1—5,"Adopting ord, p. cxxxi"
4850,1-25-14,,App. F
4853,1-25-14,,App. F
4854,1-25-14,,App. F
4855,1-25-14,,App. F
4856,1-25-14,1,5-2-64
,,2  Rpld,13-1-23
,,3  Rpld,5-2-25
,,4  Rpld,5-8-11—5-8-13
,,5  Rpld,9-9-1—9-9-10
4859,2-22-14,1,5-8-74
,,2,5-8-92(c)
,,3,5-8-93(c)
,,Added,5-8-96(e)
,,Added,5-8-97(d)
,,4  Added,10-4-25(c)
,,5  Rpld,10-4-32
4860,3-15-14,1,9-12-35
4862,3-15-14,,App. F
4863,3-15-14,,App. F
4867,4-12-14,,App. D
4868,4-12-14,,App. E
4869,4-12-14,1,3-2-190
4870,4-12-14,,App. I
4871,5- 1-14,1,3-2-181
,,"2, 3","3-2-188, 3-2-189"
,,4—7,3-2-221—3-2-224
4872,5- 1-14,1,5-8-93
4873,5- 1-14,1  Added,"3-2-403, 3-2-404"
4875,5-17-14,1  Added,"9-15-1—9-15-14,"
,,,9-15-16—9-15-18
4876,5-17-14,1,2-1-41
4877,5-27-14,1,3-2-373
4878,5-17-14,"1, 2","3-2-163, 3-2-164"
4879,5-17-14,1,3-2-62
4880,5-17-14,1,3-2-102
4881,5-17-14,1,10-1-15.1
4882,5-17-14,,App. C
4883,5-17-14,,App. C
4884,5-27-14,1—5,"Adopting ord, p. cxxxiii"
4885,6-14-14,,App. I
4886,6-14-14,1,10-1-15
4887,6-14-14,1,13-1-37
4888,6-14-14,1  Added,10-3-17
4889,6-14-14,1  Rpld,"11-2-1—11-2-5,"
,,,"11-2-11—11-2-14,"
,,,"11-2-21—11-2-31,"
,,,"11-2-41, 11-2-42,"
,,,11-2-51
,,Added,"11-2-1—11-2-5,"
,,,"11-2-11—11-2-14,"
,,,"11-2-21—11-2-31,"
,,,"11-2-41, 11-2-42,"
,,,11-2-51
4890,6-14-14,,App. D
4891,6-14-14,,App. D
4893,6-14-14,,App. F
4896,6-24-14,,App. F
4899,9- 9-14,1—5,"Adopting ord, p. cxxxv"
4900,9-13-14,1—3,App. I
4901,9-13-14,"1, 2","9-12-30, 9-12-31"
4902,9-14-14,1,2-4-31
4905,10-18-14,1,2-4-9
4906,10-18-14,,App. D
4907,11-11-14,1—5,"Adopting ord, p. cxxxvii"
4908,11-15-14,1,9-15-18
4909,11-15-14,,App. C
4912,11-15-14,,App. F
4913,11-15-14,1,2-4-161
4916,12-13-14,,App. C
4917,12-13-14,,App. F
4918,12-13-14,1,2-5-11
4920,1-24-15,1,"2-4-90, 2-4-91"
4921,1-24-15,1—7,App. D
4922,1-24-15,1,9-12-32(b)
,,Added,"9-12-57(q), (r)"
,,,9-12-81(k)
4923,2-10-15,1—5,"Adopting ord, p. cxxxix"
4926,2-21-15,"1, 2","8-1-130, 81-131"
4928,2-21-15,,App. F
4931,3-14-15,1,10-4-13
4932,3-14-15,,App. E
4933,3-14-15,"4, 5",2-2-10
4934,4-18-15,,App. D
4935,4-18-15,,App. C
4937,4-18-15,,App. A
4938,4-18-15,,App. F
4944,5- 7-15,1,3-2-181
,,"2, 3","3-2-188, 3-2-189"
,,4,3-2-221
,,5—7,3-2-222—3-2-224
4945,5-12-15,1—5,"Adopting ord, p. cxli"
4947,5-16-15,1,3-2-131(b)
4949,5-16-15,,App. C
4950,5-16-15,1,9-12-1
,,,9-12-6
,,,"9-12-32(b), (g)"
,,,9-12-42(a)
,,Added,9-12-42(e)
,,,9-12-46
,,Dltd,"9-12-47, 9-12-48"
,,,"9-12-49(f), (h)"
,,,9-12-56(d)
,,,9-12-75(6)
,,,9-12-76
,,,9-12-81(k)
,,,9-12-131(a)
4951,6-13-15,1,2-4-170
4952,6-13-15,1,"Tit. 2, Ch. 4, Art. H(title)"
,,2,2-4-71
4953,6-13-15,1,3-3-6
,,2,3-3-52
,,3,3-3-55
,,4,3-3-64
,,5,3-3-69
,,6  Added,3-3-80
4954,6-13-15,,App. D
4955,6-13-15,,App. D
4956,6-13-15,1,11-11-5
,,2  Added,11-11-143
4957,6-13-15,1,5-4-1
,,,"5-4-3.1, 5-4-3.2"
,,,5-4-5(l)
,,,5-4-6(a)
,,,5-4-7
,,,5-4-8(a)
4958,6-13-15,1,"5-8-92, 5-8-93"
4959,6-13-15,1,9-13-3(a)(1)
,,,9-13-10(b)
4960,6-13-15,1,4-2-12
,,,"4-2-14, 4-2-15"
,,,4-2-15.1
,,,"4-2-16, 4-2-17"
,,,4-2-18
,,,4-2-21
4961,6-13-15,,App. C
4964,9- 9-15,1—5,"Adopting ord, p. cxliii"
4966,9-12-15,1  Added,3-2-192
4967,10-17-15,,App. C
4968,10-17-15,,App. C
4969,10-17-15,,App. D
4970,10-17-15,1,"5-8-92, 5-8-93"
4972,11-10-15,1—5,"Adopting ord, p. cxlv"
4973,11-14-15,,App. E
4975,11-14-15,,App. F
4976,11-14-15,,App. F
4977,12-12-15,,App. C
4978,12-12-15,,App. F
4980,12-12-15,,App. F
4981,12-12-15,1,9-15-8
,,,"9-15-13, 9-15-14"
,,Rpld,9-15-18
4982,12-12-15,1,5-1-2(17)
,,,5-1-34(a)
4983,1-30-16,1  Added,10-1-15.1(a)(22)
4984,1-30-16,,App. D
4985,2- 9-16,1—5,"Adopting ord, p. cxlvii"
4987,2-20-16,1,5-2-29
,,2  Added,5-2-170—5-2-174
4989,3-12-16,,App. C
4990,3-12-16,,App. C
4991,4-16-16,1,9-15-4
,,,9-15-6
,,,9-15-12—9-15-14
,,Added,9-15-15
4992,4-16-16,,App. D
4993,4-16-16,1,12-12-1
4994,4-16-16,1,5-7-37(a)
4995,4-16-16,1,5-2-27
4997,4-16-16,,App. A
4998,4-16-16,,App. F
5000,5-16-16,,App. A
5001,5- 5-16,1,3-2-181
,,"2, 3",3-2-1883-2-189
,,4—7,3-2-221—3-2-224
5002,5-10-16,1—5,"Adopting ord, p. cxlix"
5004,5-14-16,1,"5-2-173, 5-2-174"
5005,5-14-16,1,5-6-26(a)
5006,5-14-16,1,3-2-52
5007,5-14-16,1,3-2-183(b)
5008,5-14-16,1,3-2-102
5009,5-14-16,,App. E
5010,5-14-16,1,11-11-5—11-11-7
,,,11-11-9
,,,11-11-11
,,,11-11-16
,,,11-11-24
,,,11-11-26(c)(4)
,,,11-11-29
,,,11-11-36
,,,11-11-42
,,,11-11-47—11-11-50
,,,11-11-53
,,,"11-11-63, 11-11-64"
,,,11-11-69
,,,11-11-84
,,,11-11-90
,,,11-11-97
,,,"11-11-99, 11-11-100"
,,,11-11-103—11-11-105
,,,11-11-109
,,,11-11-114(g)
,,,11-11-119
,,,11-11-121
,,Added,"11-11-122, 11-11-123"
,,Rnbd,11-11-122—11-11-130
,,as,11-11-124—11-11-132
,,Added,11-11-133—11-11-135
,,Rpld,11-11-131—11-11-140
,,Added,11-11-136—11-11-146
,,Rnbd,11-11-141—11-11-143
,,as,11-11-147—11-11-149
5011,5-14-16,,App. F
5013,5-14-16,,App. F
5016,5-14-16,,App. F
5017,5-14-16,,App. C
5018,5-14-16,,App. C
5019,6-18-16,4,2-2-10(o)
5020,6-18-16,1,5-8-92
,,,5-8-93(b)
,,,"5-8-96, 5-8-97"
5021,6-18-16,1,5-8-112
,,Rpld,5-8-113—5-8-116
5022,6-18-16,1,12-3-1
,,2,12-3-4
,,3—8,12-3-62—12-3-67
,,9,12-3-69
5023,6-18-16,,App. D
5024,6-18-16,,App. D
5025,6-18-16,,App. F
5026,6-18-16,,App. C
5028,6-18-16,,App. A
5030,6-18-16,1,9-7-7(a)
5031,6-28-16,,App. F
5038,9-17-16,,App. C
5039,10- 5-16,,"Adopting ord, p. cli"
5041,11- 9-16,,"Adopting ord, p. cliii"
5042,11-12-16,,App. D
5043,11-12-16,,App. C
5044,11-12-16,1  Added,5-8-84
5045,12-17-16,1,10-3-924
5046,12-17-16,,App. C
5047,12-17-16,1  Added,10-1-15.1(a)(23)
5048,1-28-17,,App. C
5050,1-28-17,1,9-12-34(a)
5051,1-28-17,1,9-12-81(l)
5052,2-25-17,,App. C
5053,2-25-17,,App. D
5056,3-18-17,,App. D
5058,3-18-17,1,2-4-116(b)
5059,5- 4-17,1,3-2-181
,,2,3-2-188(f)
,,3,3-2-189(f)
,,4,3-2-221
,,5,3-2-222
,,6,3-2-223
,,7,3-2-224(a)—(d)
5060,5- 4-17,1  Added,5-6-230—5-6-238
5061,5- 4-17,1,5-6-26
5062,5-13-17,,App. E
5063,5-13-17,1,10-4-8
5066,6-24-17,5,2-2-10(aa)
,,Added,2-2-10(bb)
5068,6-24-17,1  Added,2-4-114(b)(16)
5069,6-24-17,1,"2-4-210(b), (c), (f)"
,,,2-4-211(b)
5070,6-24-17,1,3-2-353
5071,6-24-17,,App. D
5072,6-24-17,,App. D
5075,9-12-17,,"Adopting ord, p. clv"
5076,9-12-17,,"Adopting ord, p. clvii"
5078,9-16-17,1,2-5-11(a)
5079,9-16-17,1,"2-4-7(a), (h)"
5080,9-16-17,1  Rpld,13-1-25
5081,9-16-17,,App. F
5082,9-16-17,,App. F
5083,9-16-17,,App. A
5084,10-14-17,1  Rpld,2-4-63—2-4-70
,,2  Rpld,2-5-11(a)(9)k.
5086,10-14-17,1,8-1-37
5087,10-14-17,1,2-4-80(b)(4)
5088,10-14-17,1  Added,5-6-25.1(a)(7)(iii)—(v)
5089,10-14-17,,App. F
5090,11-14-17,,"Adopting ord, p. clix"
5091,11-18-17,1,"3-2-141(1), (5)"
,,2  Added,3-2-152
5093,11-18-17,,App. D
5094,11-18-17,,App. F
5100,1-20-18,1  Rpld,3-3-5
,,2,3-3-39(b)
,,3,3-3-40(a)
,,4,3-3-52(b)
,,5,3-3-62(b)
,,6,3-3-70
5101,1-20-18,1,"5-6-233(f)(2), (3)"
,,Added,5-6-233(f)(4)
5096,12-16-17,,App. F
5098,12-16-17,,App. A
5099,12-16-17,,App. A
5102,1-20-18,,"Adopting ord, p. clxi"
5104,2-24-18,1,9-10-1
,,Rpld,9-10-2—9-10-4
,,Rpld,"9-10-5(1), (9), (10)"
,,Rnbd,9-10-5(2)—(8)
,,as,9-10-5(1)—(7)
,,,9-10-6
,,,9-10-9
5105,2-24-18,1,11-13-1(e)
,,Added,11-13-1(k)
,,Rnbd,11-13-1(k)—(o)
,,as,11-13-1(l)—(p)
,,,11-13-1(n)
,,Added,"11-13-2(c), (d)"
,,,"11-13-7, 11-13-8"
5106,2-24-18,1,3-2-227
5107,2-24-18,1,"2-5-11(a), (a)(9)h."
5108,2-24-18,,App. F
5111,2-24-18,1,8-1-111
,,,8-1-113
,,,8-1-120(tit.)
5112,2-24-18,1  Rpld,13-1-28
5114,2-24-18,,App. F
5116,3-17-18,,App. A
5117,3-17-18,,App. A
5118,3-17-18,,App. A
5119,3-17-18,,App. A
5120,3-17-18,,App. A
5123,4-14-18,,App. E
5124,4-14-18,,App. D
5125,4-14-18,1,"5-3-4(a)(iii)d., e., (c)"
5126,4-14-18,1,12-4-2(a)(10)
,,,"12-4-3(a), (g)"
,,Added,12-4-3.1
,,,"12-4-4(a)(6), (e)(4)c., d(ii)"
,,,12-4-5(c)
,,,12-4-6
,,,12-4-10(a)(23)
,,,"12-4-13(a), (d)"
,,,12-4-14(b)
,,Rpld,12-4-15(a)(6)
,,,12-4-15(a)(7)
,,,12-4-16(a)
,,,12-4-17(a)
,,,"12-4-18(e), (f)"
,,,"12-4-19, 12-4-20"
,,,"12-4-21(b), (d)(2), (e)"
,,,12-4-23(a)
,,,12-11-1
,,,12-11-2(a)(1)
,,,12-11-4(c)
,,Rpld,12-11-4(h)
,,,12-11-5
5128,4-14-18,,App. D
5129,5- 3-18,1,3-2-181
,,2,3-2-188(f)
,,3,3-2-189(f)
,,4—6,3-2-221—3-2-223
,,7,3-2-224(a)—(d)
5130,5- 3-18,1,5-6-26(a)
5131,5- 3-18,"2, 3",3-3-31(note)
5132,5-12-18,1,3-2-242
5133,5-12-18,1,3-1-5(b)
5134,5-12-18,1  Added,3-2-190(e)
5135,5-12-18,1,2-4-117(e)
5136,5-12-18,,App. F
5139,5-12-18,,App. E
5140,5-12-18,1,5-8-74(1)(b)
5141,5-12-18,1,3-2-142
5142,5-12-18,1,2-4-190(b)
5144,6-13-18,1—5,"Adopting Ordinance,  Supp. No. 125"
5145,6-23-18,1  Added,5-2-62(16)
5146,6-23-18,1,"2-1-4(a), (b)"
5147,6-23-18,,App. G
5148,6-23-18,,App. G
5149,6-23-18,1,13-2-72
,,Rpld,13-2-73
,,,13-2-74
,,Rpld,13-2-75
5150,6-23-18,1,4-2-21
5152,6-23-18,1—11,App. D
5153,6-23-18,1—8,App. D
5154,6-23-18,1  Added,5-8-92(c)(17)—(19)
5156,6-26-18,1—6,App. F
5157,10- 9-18,1—5,"Adopting Ordinance,  Supp. No. 126"
5158,10- 9-18,1—5,"Adopting Ordinance,  Supp. No. 127"
5162,10-13-18,1—6,App. F
5164,10-13-18,1—8,App. C
5165,10-13-18,1—6,App. F
5166,11-17-18,1,"2-4-114(b), (c)"
5167,11-17-18,1,2-4-150(b)(8)
5168,11-17-18,1,3-2-353
5169,11-17-18,1,"2-4-4(b.1), (c)(2)"
,,,"2-4-7(g), (h)"
5170,11-17-18,1,"9-14-2(a)(6), (b)(4)"
,,,9-14-3(b)
,,,9-14-4(a)—(c)
5172,11-17-18,,App. F
5175,11-17-18,,App. C
5176,11-17-18,,App. C
5177,11-17-18,,App. C
5178,11-17-18,,App. C
5179,11-17-18,,App. C
5180,11-17-18,,App. D
5181,11-17-18,,App. D
5182,12-11-18,1—5,"Adopting Ordinance,  Supp. No. 128"
5183,12-15-18,1  Rpld,3-2-190
5184,12-15-18,1  Rpld,5-2-41—5-2-51
,,Added,6-4-1—6-4-8
5185,12-15-18,1,5-8-1—5-8-3
,,Added,"5-8-5, 5-8-6"
,,Added,5-8-71(4.1)
,,,"Ch. 8, art. G, div. 1(tit.)"
,,,5-8-92—5-8-94
,,,"5-8-96(a), (e)"
,,,5-8-97
,,,5-8-160
,,,5-8-161(a)
,,Rpld,"5-8-162, 5-8-163"
,,Rpld,"10-2-7, 10-2-8,"
,,,10-2-29
,,,10-3-5
,,,10-4-8
,,,10-4-22
,,,"10-4-25(a), (b)"
,,,10-4-41
,,Added,10-4-45
5186,12-15-18,,App. F
5190,12-15-18,,App. F
5193,12-15-18,,App. C
5194,12-15-18,1,2-1-13(a)
5196,1-12-19,,App. F
5199,1-12-19,6  Added,"2-2-10(cc), (dd)"
5200,2-12-19,1—5,"Adopting Ordinance,  Supp. No. 129"
5202,2-23-19,1,5-8-84(a)
5203,3-16-19,1,5-8-84
5204,3-16-19,,App. C
5209,3-16-19,1,12-1-5
5210,3-16-19,,App. A
5211,3-16-19,1,12-12-2
5212,3-16-19,,App. D
5213,3-16-19,1,"3-2-161(6), (7)"
,,2,3-2-164
,,3,"3-2-165(a)(9), (b), (c), (f)"
,,4,3-2-166(a)
,,Added,3-2-166(a)(4)
5214,3-16-19,1,"Tit. 3, Ch. 2, Art. R(tit.)"
,,,3-2-321
,,"2, 3","3-2-322, 3-2-323"
,,4—6  Rpld,3-2-324—3-2-326
,,7,3-2-327
,,8—11,3-2-329—3-2-332
,,12  Rpld,3-2-333
,,13,3-2-334
,,"14, 15  Rpld","3-2-336, 3-2-337"
,,16  Rpld,"3-2-354(a)(30), (40)"
,,17,"3-2-355(a), (b), (d)"
,,18  Rpld,10-4-37
5217,4- 9-19,1—5,"Adopting Ordinance,  Supp. No. 130"
5218,4-13-19,,App. C
5219,4-13-19,,App. F
5223,5- 1-19,1,3-2-181
,,2,"3-2-188(e), (f)"
,,3,3-2-189(e)
,,4—6,3-2-221—3-2-223
,,7,3-2-224(a)—(d)
5224,5- 1-19,1  Rpld,"3-2-321—3-2-323,"
,,,3-2-327
,,,"3-2-329—3-2-332,"
,,,3-2-334
5225,4-13-19,1,5-8-82(a)—(c)
,,,5-8-83(a)—(c)
5226,5-18-19,1,3-2-192
5228,5-18-19,,App. F
5229,6-22-19,,App. A
5230,6-22-19,,App. D
5231,6-22-19,,App. D
5232,7- 9-19,,App. C
5235,7- 9-19,,App. H
5238,9-14-19,,App. C
5241,9-14-19,,App. F
5243,9-14-19,1,"10-4-8(a), (b)(4)"
5244,9-14-19,1,5-8-93(b)
5246,10- 2-19,1—5,"Adopting Ordinance,  Supp. No. 131"
5248,10-19-19,,App. F
5249,10-19-19,,App. I
5251,11-12-19,1—5,"Adopting Ordinance,  Supp. No. 132, Rev."
5252,10-19-19,,App. E
5253,11-16-19,"1, 2","12-6-2, 12-6-3"
5255,11-16-19,,App. D
5256,12-14-19,1,6-1-4
,,,6-1-6
,,,"6-1-8(a)(11), (12), (d)"
,,,10-1-1(c)
,,,10-3-7
,,,"Tit. 10, ch. 7(tit.)"
,,,10-7-4
,,Rpld,10-7-5
,,,10-7-6
,,,10-7-8—10-7-10
5257,12-14-19,1,5-8-71
,,Rpld,5-8-71A
,,,5-8-72(b)
,,Rpld,5-8-72(c)
,,,5-8-73
,,Added,5-8-74—5-8-76
,,Rnbd,5-8-74
,,as,5-8-77
,,,5-8-77
,,Rpld,5-8-75—5-8-77
,,,5-8-79(b)
,,Rpld,5-8-81
,,,5-8-82
,,,"5-8-83(b), (c)(1), (d)"
,,,5-8-84(c)
5258,12-14-19,1,"12-4-2(a)(1)—(8), (b)(3), (4)"
,,,"12-4-3(a), (n), (u), (bb), (cc)"
,,Added,12-4-3(m.2)
,,,"12-4-1(a)(1)—(6), (b), (d)(1), (3)"
,,,12-4-4.1
,,,"12-4-5(a)(1)—(6), (b)(1), (5), (6)"
,,,12-4-6(a)(1)
,,,"12-4-7(a), (b)"
,,,12-4-8(a)
,,,12-4-9
,,,12-4-10(a)
,,,"12-4-15(a)(4), (5), (7), (9)"
5260,12-14-19,1,3-3-24(b)(2)
,,2,3-3-33(f)
,,3,"3-3-39(a), (d)"
,,4,3-3-64
,,5,3-3-69(a)
,,Rpld,3-3-69(c)
,,Rnbd,"3-3-69(d), (e)"
,,as,"3-3-69(c), (d)"
,,6,3-3-72(a)
5261,12-14-19,1,"9-8-15(a), (b)"
,,2,9-8-16
5262,1-14-20,,"Adopting Ordinance,  Supp. No. 133"
5264,1-25-20,1,2-2-10(l)
5265,1-25-20,,App. C
5266,1-25-20,1  Added,2-4-100(e)
5267,1-25-20,,App. D
5268,2-22-20,1  Added,10-1-15.1(a)(24)
5269,2-22-20,,App. D
5270,3-14-20,,App. C
5272,3-14-20,,App. F
5273,3-24-20,,App. F
5274,3-24-20,1,3-2-248
,,2,3-2-146
,,3  Added,9-1-10.1(d)
,,,9-1-12
5275,4-18-20,1,3-2-248
,,2,3-2-146
,,3,9-1-10.1(d)
,,,9-1-12
5276,4-18-20,,App. F
5277,4-29-20,1,3-2-181
,,2,3-2-188(f)
,,3,3-2-189(f)
,,4—7,3-2-221—3-2-224
5278,4-29-20,1,5-6-224(d)
5280,6- 9-20,,"Adopting Ordinance,  Supp. No. 134"
5281,6-20-20,1,2-2-11
,,2,2-2-10(n)
5282,6-20-20,1  Added,2-3-5
5283,6-20-20,,App. C
5285,6-20-20,,App. F
5286,6-20-20,,App. D
5287,6-20-20,,App. D
5288,6-20-20,,App. F
5289,7- 7-20,,App. F
5292,9- 8-20,,"Adopting Ordinance,  Supp. No. 135"
5293,9-12-20,,App. F
5294,9-12-20,,App. F
5296,9-12-20,1,2-5-36(a)
5297,9-12-20,,App. D
5298,10-17-20,,App. H
5299,10-17-20,,App. C
5304,10-27-20,1  Added,5-6-226—5-6-229.10
5306,11-10-20,,"Adopting Ordinance,  Supp. No. 136"
5307,11-14-20,1  Added,7-7-1—7-7-8
5308,11-14-20,1,2-4-180(b)(9)
5309,11-14-20,1,2-4-100(c)(2)
,,Rpld,2-4-100(c)(3)
,,Rnbd,2-4-100(c)(4)
,,as,2-4-100(c)(3)
5310,11-14-20,,App. A
5311,11-14-20,,App. F
5312,11-14-20,,App. F
5314,12-12-20,,App. F
5315,12-12-20,1,"12-10-2(a)(1), (b), (c)"
,,,12-10-3(a)
5316,12-12-20,,App. H
5317,12-12-20,,App. H
5318,12-12-20,,App. H
5319,12-12-20,,App. D
5320,1-23-21,1  Added,10-1-15.1(a)(25)
5322,1-23-21,,App. F
5324,2-20-21,1,5-6-230
,,,5-6-233
,,,5-6-238(a)(3)
5326,2-20-21,1  Added,5-2-62(17)
5327,3-13-21,,App. A
5329,3-13-21,,App. A
5331,3-13-21,,App. F
5333,3-13-21,1,3-2-351(a)
,,,10-4-12
,,,10-4-13
,,,10-4-35
,,Added,"10-4-46, 10-4-47"
5334,3- 9-21,,"Adopting Ordinance, Supp. No. 137"
5336,4-17-21,1  Added,2-5-67—2-5-85
5337,4-17-21,1  Added,2-4-220—2-4-230
,,2  Added,"4-1-5, 4-1-6"
5338,4-17-21,1,5-6-231
,,,5-6-236
5339,4-17-21,1,9-12-1
,,,9-12-3
,,,9-12-6
,,,9-12-22
,,Rpld,9-12-24
,,,9-12-25
,,,9-12-28
,,,9-12-29
,,,9-12-32
,,,9-12-33
,,,9-12-42
,,Added,9-12-42.1
,,Rpld,9-12-45
,,,9-12-49
,,,9-12-50
,,,9-12-51(d)
,,,9-12-54
,,,9-12-57(m)
,,,9-12-59
,,,9-12-60
,,,9-12-72(a)(5)
,,,9-12-74
,,,9-12-76
,,,9-12-78(a)
,,Added,9-12-131(c)
,,,9-12-142
,,,"9-12-142.1(c)(6), (d)(6), (e)"
5340,4-17-21,,App. D
5341,4-17-21,,App. F
5342,5-15-21,"1, 2","2-2-10(f), (j)"
5343,5-15-21,1,3-2-131(b)
5344,5-15-21,1,3-3-69(c)(2)
,,2,3-3-53
5345,5-15-21,,App. F
5346,5-15-21,1,"2-4-4(b.1), (d)(5)"
,,,2-4-5(a)
,,,2-4-7(h)
5347,5-15-21,1,11-5-2(18.1)
,,Rpld,11-5-3
,,,11-5-4
,,,11-5-4.1
,,,11-5-5
,,,"11-5-12(b), (c)"
,,,11-5-14
5348,5- 5-21,1,3-2-181
,,2,3-2-188(f)
,,3,3-2-189(f)
,,4,3-2-221
,,5,3-2-222
,,6,3-2-223
,,7,3-2-224
5349,6-19-21,,App. D
5350,6-19-21,,App. D
5351,6-19-21,1,2-1-3
,,2,12-1-4(a)
5353,6-19-21,,App. F
5355,7- 6-21,,App. F
5356,7- 6-21,,App. C
5358,7- 6-21,1,5-7-42
5359,7- 6-21,,App. E
5360,9-14-21,,"Adopting Ordinance, Supp. No. 138"
5361,9-14-21,,"Adopting Ordinance, Supp. No. 139"
5363,9-18-21,,App. C
5364,9-18-21,,App. F
5367,9-18-21,,App. D
5368,9-18-21,,App. G
5369,9-18-21,1,3-3-2(b)
5370,9-18-21,1  Added,3-2-405—3-2-408
5371,10-16-21,,App. C
5372,10-16-21,,App. F
5373,10-16-21,,App. F
5375,10-16-21,,App. A
5376,10-16-21,1,3-2-85
,,Added,"5-2-29(j), (k)"
,,,5-2-29(l)
5377,11-13-21,,App. C
5378,11-13-21,,App. C
5379,11-13-21,,App. F
5381,11-13-21,,App. F
5384,11-13-21,,App. C
5385,11-13-21,,App. C
5386,11-13-21,,App. F
5387,11-13-21,,App. H
5388,11-13-21,1  Added,9-16-1—9-16-14
