Code of Virginia Section,amherst
1-13.39.2,20-3
1-200 et seq.,1-2
2.2-4367 et seq.,2-56
title 3.2,Ch. 4
3.2-6500 et seq.,"Ch. 4, Art. II"
3.2-6537 et seq.,Ch. 4
—,"Ch. 4, Art. II"
3.2-6544,4-1
4.1-100,8-76
10.1-1142,12-11
10.1-1414 et seq.,Ch. 14
15.2-900,Ch. 10
15.2-900 et seq.,Ch. 2
15.2-901,Ch. 14
—,"Ch. 14, Art. II"
15.2-901 et seq.,14-1
15.2-904,"Ch. 20, Art. IV"
15.2-906,"Ch. 10, Art. III"
15.2-907,"Ch. 14, Art. II"
15.2-913,8-254
15.2-927,Ch. 14
15.2-928,Ch. 14
—,"Ch. 14, Art. II"
15.2-937,Ch. 14
—,"Ch. 14, Art. II"
15.2-974,12-4
15.2-1100 et seq.,Ch. 2
15.2-1102,8-357
15.2-1115,Ch. 10
15.2-1117,ch. 6
15.2-1400 et seq.,"Ch. 2, Art. II"
15.2-1414.1 et seq.,2-50
15.2-1429,1-7
—,8-86
—,8-119
—,8-145
—,8-173
—,8-300
—,8-324
—,8-364
—,12-2—12-4
—,12-6—12-8
—,12-11
—,20-2
—,"20-8, 20-9"
—,20-75
—,20-120
—,20-143
—,22-29
15.2-1432,1-7
15.2-1433,1-1
15.2-1500 et seq.,"Ch. 2, Art. III"
15.2-1512,2-54
15.2-1522,2-54
15.2-2300,18-19
15.2-4900 et seq.,2-140
"title 18.2, ch. 8, art. 1.1:1",8-301
18.2-11,1-7
—,8-86
—,8-119
—,8-145
—,8-173
—,8-300
—,8-324
—,8-364
—,"12-2, 12-3"
—,12-6—12-8
—,12-11
—,"20-8, 20-9"
—,20-143
18.2-111,8-116
18.2-175,12-11
18.2-340.15 et seq.,8-301
18.2-340.16,8-299
18.2-340.33,8-299
19.2-78,12-11
24.2-228,2-30
29.1-100,10-1
"title 32.1, art. 2",22-47
36-97 et seq.,ch. 6
title 38.2,8-254
title 46.2,20-3
title 46.2 et seq.,20-144
"title 46.2, ch. 3",20-119
"title 46, ch. 12, art. 1",20-142
46.2-100,8-169
—,12-5
—,20-143
46.2-600 et seq.,20-119
46.2-649.1:1,8-169
46.2-694,8-169
46.2-730,8-169
46.2-730(A),8-169
46.2-739,8-169
46.2-739(B),20-74
46.2-744,8-169
46.2-745,8-169
46.2-746,8-169
46.2-750,8-169
46.2-750(A),8-169
46.2-750.1,8-169
46.2-752 et seq.,"Ch. 8, Art. VII"
46.2-752(A),8-169
46.2-904,"20-8, 20-9"
46.2-1019,20-5
46.2-1047,12-5
46.2-1049,12-5
46.2-1200 et seq.,20-142
—,"Ch. 20, Art. IV"
46.2-1213,20-41
46.2-1219,20-73
46.2-1220,Art. III
46.2-1241,20-74
46.2-1242,20-74
46.2-1300,20-2
46.2-1300 et seq.,Ch. 20
46.2-1313,20-3
51.1-130 et seq.,2-52
51.5-98,8-84
"title 53.1, ch. 3, art. 3.1",8-169
53.1-68,8-76
53.1-95.2 et seq.,8-169
54.1-4100 et seq.,"Ch. 8, Art. XII"
54.1-4111,8-330
54.1-4300 et seq.,"Ch. 8, Art. IX"
54.1-4303,"Ch. 8, Art. IX"
56-594,8-143
title 58.1,8-30
58.1-15,8-273
"title 58.1, ch. 39, arts. 2 and 4",10-82
"title 58.1, ch. 39,  art. 4",10-82
58.1-400.2,8-229
58.1-1104,8-274
58.1-1200 et seq.,"8-274, 8-275"
58.1-1201,8-272
58.1-1205,8-272
58.1-1207,8-275
58.1-1209,"Ch. 8, Art. X"
58.1-1211,"8-274, 8-275"
58.1-1212,8-275
58.1-1821,8-219
58.1-1822,8-219
58.1-2201,8-201
58.1-2401,8-165
—,8-169
58.1-2402A.4,8-165
—,8-169
58.1-2600,8-229
58.1-2901,8-141
58.1-2904,8-142
58.1-3200 et seq.,"Ch. 8, Art. II"
58.1-3500 et seq.,"Ch. 8, Art. III"
58.1-3516,8-2
58.1-3700.1,8-201
—,8-225
58.1-3701,8-201
—,8-209
58.1-3703—58.1-3706,8-252
58.1-3703(A)1,8-204
58.1-3703(A)2,8-208
58.1-3703(A)3,8-209
58.1-3703(A)4,8-213
58.1-3703(A)4.b,8-217
58.1-3703(A)5,8-218
58.1-3703(A)6,8-219
58.1-3703(A)7,8-220
58.1-3703(A)8,8-221
58.1-3703(A)9,8-210
58.1-3706,8-229
58.1-3706(A)(3),8-225
58.1-3714 et seq.,8-224
58.1-3715,8-201
—,8-204
—,8-209
58.1-3716,8-227
58.1-3717,8-252
58.1-3718,8-252
58.1-3719.1,8-229
58.1-3727,8-229
58.1-3728,8-229
58.1-3729,8-229
58.1-3730,8-229
58.1-3733,8-229
58.1-3814,"8-141, 8-142"
58.1-3814(F),8-141
58.1-3814(G),8-141
58.1-3814(H),8-142
58.1-3814(I),8-142
58.1-3814(J),8-142
58.1-3840,8-84
—,"Ch. 8, Art. IV"
—,"Ch. 8, Art. V"
58.1-3903,"8-213, 8-214"
58.1-3916,8-3
—,8-29
—,8-208
58.1-3919,8-4
58.1-3940,8-213
58.1-3940 et seq.,10-82
58.1-3958,8-4
58.1-3965 et seq.,10-82
58.1-3984,8-213
—,8-220
58.1-3986,8-209
58.1-3993,8-209
58.1-3700 et seq.,"Ch. 8, Art. VIII"
