Code of  Virginia  Section,chesterfield_county
1-13.3,1-2
1-13.7,1-2
1-13.19,1-2
1-13.39:2,13-1
art. 2,Char. § 9.5
2.1-133.5 et seq.,2-71
2.1-340 et seq.,"Ch. 2, Art. II"
2.1-344,2-11
2.1-599 et seq.,"Ch. 2, Art. II"
2.2-1604,9-64
2.2-3801,2-79
2.2-4300 et seq.,9-44
2.2-4303.G.H.,2-45(c)
3.1-796.66,4-21
3.1-796.73,4-26
3.1-796.85,4-30
3.1-796.86,4-35
3.1-796.87,4-21
3.1-796.88,4-37
3.1-796.89,4-34
3.1-796.90,4-31
3.1-796.91,4-32
3.1-796.92,4-33
3.1-796.93:1,4-21
3.1-796.96,4-25
3.1-796.96:1,4-25
3.1-796.97,4-35
3.1-796.97:1,4-51
3.1-796.98,4-53
3.1-796.100,4-52
,4-54
3.1-796.101,4-39
3.1-796.102,4-39
3.1-796.103,4-38
"3.1-796.104, 3.1-796.105  4-22","3.1-796.104, 3.1-796.105  4-22"
3.1-796.108,4-26
3.1-796.115,4-26
3.1-796.118,4-27
3.1-796.119,4-25
3.1-796.121,4-28
3.1-796.122,4-26
3.1-796.126:1,4-25
3.2-6525,4-23
3.2-6534,4-23
3.2-6538,4-23
3.2-6555,Char. § 6.7
3.2-6557,4-25
3.2-6587,4-29
4.1-305,9-133(b)
4.1-308,14-23
9.1-101,2-3
9.1-106,9-134(a)
10.1-506 et seq.,8-17
10.1-560 et seq.,Ch. 8
10.1-1100 et seq.,8-3
10.1-1105,8-17
,8-19
10.1-1142,10-3
,"Ch. 11, Art. IV"
"10.1-1163, subpt. B",8-3
10.1-1411,"Ch. 11, Art. V"
,"Ch. 11, Art. VIII"
11-47,2-47
14.1-133.2,9-131
14.1-195.2,9-201
15.1-11.02,"Ch. 11, Art. VII"
15.1-29.5,14-30
15.1-326 et seq.,18-71
15.1-350,"RL Ch. 18, Art. II"
15.1-353,"RL Ch. 10, Art. I"
15.1-358,"RL Ch. 18, Art. IV"
,"RL Ch. 18, Art. VII"
15.1-359,"RL Ch. 18, Art. I"
15.1-510,"Ch. 11, Art. VII"
tit. 15.2,"Char. §§ 2.1, 5.1"
"tit. 15.2, ch. 47",Char. § 7.7
"tit. 15.2, ch. 49",2-31
"tit. 15.2, ch. 51",9-240
,9-250
15.2-105,8-42
15.2-106,9-2
15.2-221,"Ch. 15, Art. II"
15.2-407,Char. § 4.2
15.2-901,11-7
,11-31
,11-32
15.2-904,13-62
15.2-906,5-6
15.2-907,5-7
15.2-911,15-1
15.2-913,"Ch. 15, Art. VIII"
15.2-916,14-18
15.2-917,14-27
15.2-919,13-15
,14-27
15.2-922,10-21
15.2-926,14-19
15.2-973,13-54
15.2-1200,3-21
,12-6
15.2-1209,"14-10, 14-11"
,14-15
,14-16
15.2-1215,11-32
15.2-1400 et seq.,"Ch. 2, Art. II"
15.2-1411,2-12
15.2-1425 et seq.,"Ch. 2, Art. II"
15.2-1429,1-5
15.2-1433,1-1
15.2-1503.1,2-79
,15-121
,15-122.1
,15-133
,15-162
,15-179
,15-187
,15-246
15.2-1527,2-1
15.2-1532,2-1
15.2-1541,2-2
15.2-1704,Char. § 6.7
15.2-1731,9-57
,2-3
15.2-1734,2-3
15.2-1737,13-51(b)
15.2-1800,8-40
15.2-2009,11-32
15.2-2019,"Ch. 16, Art. II"
15.2-2109 et seq.,Ch. 18
15.2-2126 et seq.,12-4
15.2-2114,8-40
15.2-2114(D),8-43
15.2-2200 et seq.,5-7
15.2-2201,5-8
15.2-2232,Char. § 7.6
15.2-2243,12-71
15.2-2306,5-8
15.2-2309,Char. § 7.4
15.2-2400 et seq.,9-41
,9-259
,9-266
15.2-2404 et seq.  18-67,15.2-2404 et seq.  18-67
15.2-4526,Char. § 7.7
15.2-4533,Char. § 7.7
15.2-4900 et seq.  2-31,15.2-4900 et seq.  2-31
15.2-5103(B),9-244
,9-254
15.2-5113,9-245
,9-255(b)
15.2-5152,2-100
15.2-5155,9-242
,9-252
15.2-5157,9-241
,9-247
,9-251
,9-257
15.2-5158.A.5,9-246
,9-256
"tit. 15.2, ch. 51, art. 6  2-100","tit. 15.2, ch. 51, art. 6  2-100"
15.2-7500 et seq.,5-8
15.2-7507,5-8
tit. 16.1,Char. § 9.5
"tit. 16.1, ch. 11, art. 9  13-1","tit. 16.1, ch. 11, art. 9  13-1"
16.1-278.4,14-19
16.1-278.5,14-19
16.1-278.8,9-133(b)
16.1-278.9,9-133(b)
17.1-275.1—17.1-275.4  9-134(a),17.1-275.1—17.1-275.4  9-134(a)
17.1-275.7—17.1-275.7  9-134(a),17.1-275.7—17.1-275.7  9-134(a)
17.1-279.1,9-131
tit. 18.2,Char. § 9.5
,14-20
"tit. 18.2, ch. 7, art. 2  13-1","tit. 18.2, ch. 7, art. 2  13-1"
"tit. 18.2, ch. 8",3-47
18.2-11,1-5
,4-29
,15-3
,15-9
18.2-12,1-5
18.2-51.4,13-71
18.2-57.3,9-133(b)
18.2-67.2:1,9-133(b)
18.2-119,14-22
18.2-121.1,4-2
,4-29
18.2-138,14-22
18.2-138.1,14-22
18.2-140,14-22
18.2-181—18.2-185  14-1—14-5,18.2-181—18.2-185  14-1—14-5
18.2-212A,15-3
18.2-223,6-46
18.2-224,6-46
18.2-246,12-7
18.2-247 et seq.,9-133(a)
18.2-248.03,12-7
18.2-251,9-133(b)
18.2-266,13-71
18.2-266 et seq.,Char. § 9.5
18.2-279,5-7
18.2-280,14-10
18.2-286,14-15
,14-16
18.2-287,14-9
18.2-287.1,14-8
18.2-308(B)(6),14-11
18.2-310,14-17
18.2-317,14-34
18.2-318,14-34
18.2-340,3-49
18.2-340.15 et seq.,3-47
18.2-340.32,3-49
18.2-341,14-30
18.2-342,14-30
18.2-346,14-31
18.2-347,5-7
18.2-372,14-32
18.2-387,14-33
18.2-388,14-21
18.2-390,14-33
18.2-415,14-20
18.2-432,3-6
18.2-433,3-6
18.2-503,14-29
18.2-510,4-1
,4-29
19.2-260 et seq.,4-26
19.2-270.3,14-6
19.2-303.2,9-133(b)
19.2-305.1,14-22
19.2-389,2-79
21-120,"RL Ch. 18, Art. IX"
22.1-82,2-45
24.2-115,7-2
24.2-307,7-3
"24.2-682  RL Ch. 18, Art. II, § 2","24.2-682  RL Ch. 18, Art. II, § 2"
"RL Ch. 18, Art. VII, § 2","RL Ch. 18, Art. VII, § 2"
"24.2-684  RL Ch. 18, Art. II, § 2","24.2-684  RL Ch. 18, Art. II, § 2"
"RL Ch. 18, Art. VII, § 2","RL Ch. 18, Art. VII, § 2"
24.2-712,7-1
,7-2
tit. 25,5-7.5
"25-233  RL Ch. 18, Art. II, § 2","25-233  RL Ch. 18, Art. II, § 2"
"RL Ch. 18, Art. VII, § 2","RL Ch. 18, Art. VII, § 2"
27-34.2,10-7
27-34.2:1,10-7
27-36,10-7
27-97,10-3
27-98,5-9
,10-1
tit. 29,14-12
29.1-526,14-7
29.1-527,14-11
29.1-528,14-12
29.1-529,14-10
,14-11
29.1-738,13-71
32.1-111.14,10-10(a)
32.1-148 et seq.,"Ch. 15, Art. II"
32.1-156,"Ch. 15, Art. II"
32.1-162.21,9-59.1
32.1-176.5(B),12-53
tit. 33.1,16-1
33.1-348,6-43
,13-54
33.2-909,Char. § 2.5
33.2-910,Char. § 2.5
tit. 35.1,12-41
35.1-9,14-32
35.1-25(7),12-41
35.1-26,12-42
tit. 36,5-7.5
36-71(4),9-55
36-97 et seq.,5-1
36-105,5-9
tit. 38.2,15-166
38.2-2400—38.2-2420  15-31,38.2-2400—38.2-2420  15-31
40.1-79.1,2-80
"tit. 42.1, ch. 4",9-121
42.1-70,"Ch. 9, Art. VIII"
tit. 45.1,8-3
tit. 46.2,Char. § 9.5
,13-1
,13-12
"tit. 46.2, ch. 6",13-43
"tit. 46.2, ch. 20",15-218
46.2-100,Char. § 2.5
,9-33
,9-60
,13-19
,13-20
,13-56
,13-62
46.2-113,13-2
46.2-650—46.2-750  13-54,46.2-650—46.2-750  13-54
46.2-663—46.2-683  13-51,46.2-663—46.2-683  13-51
46.2-692(4),13-61
46.2-693,13-60
46.2-739,13-41
,13-51
46.2-750,13-51
46.2-752,"Ch. 13, Art. IV"
,13-51
46.2-752(c),13-60
46.2-752(i),13-52
46.2-755,"Ch. 13, Art. IV"
,13-51
46.2-828,13-12
46.2-844,13-23
46.2-852 et seq.,13-71(a)
46.2-859,13-23
46.2-894,13-71(a)
46.2-915.2,13-19
46.2-941,13-41
46.2-1050,13-15
46.2-1200 et seq.,13-64
46.2-1205,13-64
46.2-1215,13-64
46.2-1220,13-41—13-43
46.2-1221,13-41
,13-43
46.2-1224,13-41
46.2-1225,13-41
46.2-1231—46.2-1233  13-41,46.2-1231—46.2-1233  13-41
46.2-1235,"RL Ch. 13, Art. I"
46.2-1237,13-41
46.2-1239,13-41
46.2-1241,13-41
46.2-1300,13-11—13-14
,13-17
,13-18
46.2-1306,13-41
46.2-1313,13-1
46.2-1554,13-54
46.2-1555,13-54
46.2-1600,15-250
46.2-1608,15-250
46.2-1608.1,15-250
46.2-2016 et seq.,"Ch. 15, Art. IX"
51.1-805,"RL Ch. 2, Art, I"
51.5-40.1,4-36
54.1-400 et seq.,8-6
54.1-1128 et seq.,5-9
54.1-3000,15-91
54.1-3029,15-91
54.1-3401,5-7
54.1-4000 et seq.,"Ch. 15, Art. VII"
54.1-4009,15-255
54.1-4010,15-255
54.1-4100 et seq.,"Ch. 15, Art. VII"
54.1-4111,"Ch. 15, Art. VII"
55-310,4-2
55-316,4-2
56-231.15,9-173
56-265.1,9-173
56-412.1,13-16
56-594,9-172
57-48 et seq.,"Ch. 15, Art. VIII"
57-49,15-166
tit. 58.1,9-1
,9-6
"tit. 58.1, ch. 6",9-111
,9-112
,9-187
"tit. 58.1, ch. 12",9-101
,9-102
"tit. 58.1, ch. 32, art. 4  9-17","tit. 58.1, ch. 32, art. 4  9-17"
"tit. 58.1, ch. 39, arts. 3, 4  11-32","tit. 58.1, ch. 39, arts. 3, 4  11-32"
58.1-12,9-2
58.1-15,8-15
58.1-628,9-112
58.1-814,"Ch. 9, Art. V"
58.1-1204,9-101
58.1-1207,9-102
58.1-1211,9-101
,9-102
58.1-1212,9-102
58.1-1730,9-141
58.1-2600 et seq.,9-141
58.1-3200 et seq.,9-14
58.1-3210,9-24
58.1-3213,9-27
58.1-3217,9-24
58.1-3219.5,9-33
58.1-3230,9-18
"58.1-3230 et seq.  Ch. 9, Art. II, Div. 2","58.1-3230 et seq.  Ch. 9, Art. II, Div. 2"
58.1-3233(2),9-18
58.1-3236,9-18
58.1-3260,"RL Ch. 9, Art. II"
58.1-3260(9),9-11
58.1-3292,9-14.1
58.1-3330,9-18
58.1-3331,9-14
58.1-3350,9-15
58.1-3370,9-12
58.1-3370 et seq.,9-12
58.1-3378,9-14
58.1-3379,9-14
58.1-3503,9-33
,9-62
58.1-3504,9-33
,9-60
58.1-3506.A.13,9-57
58.1-3523 et seq.,9-70
58.1-3651,9-8
58.1-3660,9-61
58.1-3661,9-81
,9-82
58.1-3661(B),9-83
58.1-3701,6-6
58.1-3715,6-1
,6-2
,6-6
,6-25
58.1-3720,6-35
58.1-3721,6-35
58.1-3724,15-31
,15-32
58.1-3732,6-1
58.1-3735,6-21
58.1-3800 et seq.,"Ch. 9, Art. V"
58.1-3813,9-141
,9-173
58.1-3814,9-172
58.1-3819,9-152
58.1-3823,9-152
58.1-3850,9-220
58.1-3916,6-15
,9-7
58.1-3940 et seq.,5-6
,5-7
,5-7.4
,11-31
58.1-3940—58.1-3974,11-32(b)
58.1-3965 et seq.,5-6
,5-7
,5-7.4
,5-8
,11-31
58.1-3980,9-7
58.1-3981,9-7
58.1-3983.1,9-183
58.1-3984,9-14
58.1-3984—58.1-3989,9-15
,"RL Ch. 9, Art. II, § 5"
62.1-44.2 et seq.,8-2
62.1-44.15:15,8-34
62.1-44.15:24 et seq.,8-2
62.1-44.15:27,8-1
,8-4
62.1-44.15:35,8-6
62.1-44.15:40,8-11
62.1-44.15:46,8-13
62.1-44.15:51 et seq.,8-17
,8-23
,8-29
62.1-44.15:51,8-19
62.1-44.15:52,8-2
,8-23
62.1-44.15:53(A),8-28
62.1-44.15:54,8-18
62.1-44.15:55(D),8-19
62.1-44.15:56,8-19
62.1-44.15:58A,8-22
62.1-44.15:58(C),8-32
62.1-44.15:67 et seq.,8-2
ch. 63b,"Ch. 18, Art. VII, § 3"
ch. 233,"Ch. 18, Art. VII, § 7-c"
,"Ch. 28, Art. VII, § 7-c"
