Virginia,Disposition
1-13.1,1-2
1-13.9,1-3
2.1-114.5:1,"Ch. 2, Art. III"
2.2-614.1,20-6
2.2-3700 et seq.,2-105
,2-136
2.2-4500 et seq.,2-80
3.1-796.66,3-1
3.1-798.68,3-1
3.1-796.119,3-1
,3-54(a)
3.1-796.96,3-41(a)
,3-41(b)
,3-41(e)
4-1 et seq.,13.1-26
4-38,13.1-26
4-98.19,13.1-27
"Title 9-6.14:1, Art. 4  10-2.1(h)","Title 9-6.14:1, Art. 4  10-2.1(h)"
"Title 10, Ch. 21",9-42
10.1-506 et seq.,9-1
10.1-561,9-4
10.1-562,9-3
10.1-563,9-7
10.1-563(E),9-4
10.1-564,9-4
,9-7
10.1-566,9-7
10.1-566.1,9-6
10.1-569,9-6
10.1-604 et seq.,9-1
10.1-1200 et seq.,9-1
10.1-1263(B),9-1
10.1-2100 et seq.,9-1
13.1-501 et seq.,13.1-3
15.1-7.1,"Ch. 2, Art. III"
15.1-7.2,"Ch. 2, Art. III"
15.1-11.1,17-50
15.1-11.3,5-1
15.1-14,Ch. 19(note)
15.1-15,Ch. 10(note)
15.1-16.2,6-5
15.1-28,Ch. 4(note)
,13.1-31
15.1-37.3,1-1
15.1-37.3,1-8
,1-9
15.1-159.2,18-21
,18-28
15.1-159.3,18-21
,18-23
15.1-159.4,18-21
,18-22
15.1-159.5,18-21
,18-29
15.1-159.6,18-21
,18-30
15.1-159.7,18-21
,18-31
"15.1-292  Ch. 21, Art. I(note)","15.1-292  Ch. 21, Art. I(note)"
"15.1-320  Ch. 21, Art. I(note)","15.1-320  Ch. 21, Art. I(note)"
15.1-363—15.1-426  Ch. 19(note),15.1-363—15.1-426  Ch. 19(note)
"15.1-431  App. B, § 7-5","15.1-431  App. B, § 7-5"
15.1-465,App. B(note)
15.1-466,App. B(note)
15.1-486,App. A(note)
15.1-514.1,18-1
15.1-795,2-16
"15.1-837—15.1-907  Char., § 7","15.1-837—15.1-907  Char., § 7"
15.1-826 et seq.,2-91
15.1-832 et seq.,2-91
15.1-839,13.1-32
15.1-863,"Char., § 7"
,Ch. 7(note)
15.1-864,"Char., § 7"
,Ch. 7(note)
15.1-865,"Char., § 7"
,10-7
,22-3
15.1-866,"Char., § 7"
15.1-867,"Char., § 7"
,7-1
15.1-868,"Char., § 7"
15.1-869,"Char., § 7"
15.1-870,"Char., § 7"
"15.1-871—15.1-874  Char., § 7","15.1-871—15.1-874  Char., § 7"
15.1-875,"Char., § 7,"
"Ch. 21, Art. I(note)","Ch. 21, Art. I(note)"
15.1-876,"Char., § 7"
"Ch. 21, Art. I(note)","Ch. 21, Art. I(note)"
15.1-877,"Char., § 7"
15.1-888,"Char., § 7"
,Ch. 19(note)
"15.1-889—15.1-900  Char., § 7","15.1-889—15.1-900  Char., § 7"
15.1-901,"Char., § 7"
,1-10
,13.1-2
15.1-902,"Char., § 7"
,1-10
15.1-903,"Char., § 7"
15.1-904,"Char., § 7"
15.1-905,"Char., § 7"
,1-10
15.1-906,13.1-2
15.1-906,"Char., § 7"
15.1-907,"Char., § 7"
15.1-3703,13.1-51
15.2-106,20-6
15.2-904,14-78
15.2-924,21-121
15.2-1731,20-75
15.2-5102,9-1
"Title 18.2, Ch. 7  14-5","Title 18.2, Ch. 7  14-5"
,14-6(a)
18.2-9,1-10
18.2-11,1-10
18.2-27,17-1
18.2-51.4,14-10
18.2-57,17-12
18.2-87,10-5
18.2-88,10-6
18.2-96,17-37
18.2-103—18.2-106  17-38,18.2-103—18.2-106  17-38
18.2-108,17-39
18.2-119,17-45
18.2-121,17-48
18.2-128,17-47
18.2-130,17-46
18.2-137,17-40
18.2-138,17-41
18.2-140,17-42
18.2-143,17-43
18.2-146—18.2-148  17-44,18.2-146—18.2-148  17-44
18.2-174,18-3
18.2-186,17-34
18.2-188,17-33
18.2-209,17-15
18.2-212,17-7
18.2-216,17-35
18.2-237,17-36
18.2-266,14-10
18.2-266 et seq.,14-5(a)
18.2-266.1,14-10
18.2-280,22-3
18.2-283,22-2
18.2-284,22-7
18.2-286,22-3
18.2-308,22-1
18.2-309,22-8
18.2-311,22-6
18.2-315,17-32
18.2-316,17-52
18.2-317,17-53
18.2-319,17-49
18.2-324,19-3
18.2-325—18.2-327  11-1,18.2-325—18.2-327  11-1
,11-2
,11-3
18.2-329—18.2-331  11-4,18.2-329—18.2-331  11-4
,11-5
,11-6
18.2-333,11-9
18.2-334,11-10
18.2-336,11-7
,11-8
18.2-340.1—18.2-340.12  11-11,18.2-340.1—18.2-340.12  11-11
18.2-344,17-27
18.2-345,17-29
18.2-347,17-30
18.2-365,17-27
18.2-366,17-28
18.2-371,17-8
18.2-372—18.2-378  16-2,18.2-372—18.2-378  16-2
,16-3
,16-4
,16-5
,16-6
,16-7
,16-8
18.2-379,16-11
18.2-382,16-9
18.2-383,16-12
18.2-387,16-10
18.2-388,17-17
"18.2-389  Ch. 16, Art. I(note)","18.2-389  Ch. 16, Art. I(note)"
,17-17
18.2-390,16-23
18.2-391,16-24
,16-25
,16-26
,16-27
18.2-391.1,16-28
18.2-404,17-22
18.2-405,17-23
,17-24
18.2-406,17-23
,17-24
18.2-407,17-25
18.2-409,17-4
18.2-411,17-26
18.2-412,17-26
18.2-415,5-9
,17-16
18.2-416,17-13
18.2-417,17-14
18.2-424—18.2-426  17-21,18.2-424—18.2-426  17-21
18.2-427—18.2-429  17-18,18.2-427—18.2-429  17-18
,17-19
,17-20
18.2-432,17-10
18.2-460,17-3
18.2-462,17-2
18.2-463,18-2
18.2-469,17-5
"Title 21, Ch. 1",9-2
"Title 21, Ch. 1, Art. 6.1  9-1(c)","Title 21, Ch. 1, Art. 6.1  9-1(c)"
21-89.1—21-89.4,9-2
21.89.5,9-2
,9-9
21-89.5(e),9-26
21-89.6,9-2
,9-24
21-89.6(b),9-28
21-89.6(c),9-28
21-89.6(d),9-29
21-89.6(g),9-27
21-89.7,9-2
,9-11
,9-12
21-89.8,9-2
,9-13
21-89.9,9-2
21-89.10,9-2
21-89.10(a),9-8
21-89.11,9-2
21-89.11(a),9-4
21-89.11(b),9-5
21-89.11(c),9-6
21-89.11(d),9-7
21-89.12—21-89.15  9-2,21-89.12—21-89.15  9-2
22.1-25,"Char., § 6"
"Title 23, Ch. 17  22-1","Title 23, Ch. 17  22-1"
Title 24.1,"Char., § 3(a)"
Title 27,Ch. 10(note)
27-5.1,10-2
27-15.1,10-1
27-98,10-2
,10-2.1
"Title 29, Ch. 3",22-1
"Title 29.1, Ch. 7  5-51","Title 29.1, Ch. 7  5-51"
29.1-700—29.1-750  5-51,29.1-700—29.1-750  5-51
29.1-738,14-10
29.1-738.02,14-10
29.1-744,5-51
33.1-346,12-6
33.1-348(b)(2),4-1
Title 35.1,2-4
36-97,7-21
36-98,7-40
36-103,7-40
36-106,"7-25, 7-56"
43-32—43-36,14-87(b)
Title 45.1,9-1
Title 46.2,6-5(b)
,14-5
,14-21(b)
"Title 46.2, Ch. 10, Art. 3  14-95","Title 46.2, Ch. 10, Art. 3  14-95"
46.2-100,6-1
,15-27
,17-50
,17-57(c)
46.2-113,14-1
46.2-114,14-83
46.2-300 et seq.,14-10
46.2-395,14-83
46.2-472,14-94
46.2-604,14-83
46.2-617,14-86
46.2-676(E),14-90
46.2-731,14-57
46.2-742,14-57
,14-64(c)
46.2-746,14-57
,14-64(c)
46.2-752,14-23
,14-27
,14-34
46.2-755,14-21(a)
,14-23
46.2-800,6-4
,15-27
"46.2-833—46.2-836  Ch. 14, Art. I(note)","46.2-833—46.2-836  Ch. 14, Art. I(note)"
46.2-852 et seq.,14-10
46.2-894,14-10
46.2-903,5-4
46.2-906.1,17-57(d)
46.2-910,17-57(a)
46.2-915.1,17-57(b)
46.2-915.2,17-57(c)
46.2-936,12-6(b)
,14-2
46.2-937,14-4
46.2-940,14-3
46.2-941,14-54
46.2-1081,14-95
46.2-1163,14-93
"46.2-1219  Ch. 14, Art. I(note),","46.2-1219  Ch. 14, Art. I(note),"
,14-1.1
,14-49(b)
"46.2-1220  Ch. 14, Art. III,","46.2-1220  Ch. 14, Art. III,"
,Div. 2(note)
,14-45
46.2-1225—46.2-1229  14-54,46.2-1225—46.2-1229  14-54
"46.2-1237  Ch. 14, Art. I(note)","46.2-1237  Ch. 14, Art. I(note)"
46.2-1237,14-55
"46.2-1300  Ch. 14, Art. I(note)","46.2-1300  Ch. 14, Art. I(note)"
,14-1
"46.2-1301—46.2-1312  Ch. 14, Art. I(note)","46.2-1301—46.2-1312  Ch. 14, Art. I(note)"
"46.2-1313  Ch. 14, Art. I(note)","46.2-1313  Ch. 14, Art. I(note)"
,14-5
"Title 48  Ch. 15, Art. II(note)","Title 48  Ch. 15, Art. II(note)"
53-39,22-1(c)(3)
53.1-29,22-1
54.1-400 et seq.,9-1
54.1-2200,9-1
55.210.1,2-3(a)(1)
56-594,20-100
"Title 58, ch. 12",20-21
,20-23(a)
Title 58.1,13.1-51
,"Ch. 20, Art. II(note)"
,20-87
"Title 58.1, Art. 4, Ch. 32  20-80","Title 58.1, Art. 4, Ch. 32  20-80"
,20-82(a)
,20-83
"Title 58.1, Art. 4, Ch. 38  20-100","Title 58.1, Art. 4, Ch. 38  20-100"
58.1-1201,20-20
58.1-1204,20-21
58.1-1205,20-20
58.1-1207,20-23
58.1-1209,20-21
58.1-1211,20-22
,20-23
58.1-1212,20-23
58.1-1216,20-25
58.1-1821,3.1-7
58.1-1822,3.1-7
58.1-3005,Ch. 20(note)
58.1-3013,20-4
58.1-3230,20-81
58.1-3230—3233,20-81
58.1-3235,20-83
,20-84
58.1-3237,20-85(a)
,20-85(b)
58.1-3241,20-85(a)(3)
58.1-3503,14-82
58.1-3506.5(D),20-69
58.1-3523,20-7
"Title 58.1, Ch. 37  13.1-3","Title 58.1, Ch. 37  13.1-3"
58.1-3700  Ch. 13.1(note),58.1-3700  Ch. 13.1(note)
,13.1-11
58.1-3701 et seq.  Ch. 13.1(note),58.1-3701 et seq.  Ch. 13.1(note)
58.1-3701,13.1-11
58.1-3702,13.1-1
58.1-3703,13.1-1
58.1-3709,13.1-5
58.1-3712,13.1-10
58.1-3712.2,13.1-10
58.1-3713,13.1-10
58.1-3714.B,13.1-3
58.1-3715,13.1-3
,13.1-4
,13.1-5
58.1-3717,13.1-4
58.1-3718,13.1-4
58.1-3728,13.1-4
58.1-3731,13.1-4
,13.1-29
,13.1-30
58.1-3812,20-101
58.1-3814,20-101
58.1-3850,
23-89,
,23-93
58.1-3851,23-89
,23-93
58.1-3903,13.1-6
58.1-3906,20-56(b)
,20-41
58.1-3916,13.1-4
,"20-1, 20-2"
58.1-3984,13.1-6
,13.1-7
"59.1-142, 59.1-143  10-7","59.1-142, 59.1-143  10-7"
59.1-144,10-7
,10-8
59.1-145—59.1-148  10-7,59.1-145—59.1-148  10-7
62.1-176,5-3
