Virginia,Section  this Code
1-200 et seq.,1-2
1-203 et seq.,1-2
1-210,1-2
1-213,1-2
1-216,1-2
1-217,1-3
1-220,1-2
—,2-117
1-223,1-2
1-227,1-2
1-230,1-2
1-240,1-6
1-245,1-2
1-250,1-2
1-254,1-2
1-257,1-2
2-231,1-2
3.2-6500,10-126
3.2-6538,4-1
3.2-6555,4-2
—,14-222
3.2-6570,4-58
3.2-6571,4-59
4-38,22-105
4.1-210,8-19
4.1-308,14-26
6.2-836 et seq.,22-189
6.2-849 et seq.,22-189
13.1-501 et seq.,22-97
title 15.2,Char. (note)
15.2-22(e),30-82
15.2-100,Char. (note)
15.2-105,2-171
15.2-106,2-170
15.2-200,Char. (note)
15.2-200 et seq.,Char. (note)
15.2-204,Char. (note)
—,Char. § 2.1
15.2-207,Char. (note)
—,Char. § 1.2
15.2-901,"Ch. 10, Art. III"
—,10-151
15.2-902,"Ch. 10, Art. III"
15.2-903,10-233
15.2-904,10-212
15.2-906,6-40
15.2-912.3,8-19
15.2-916,14-270
15.2-922.1,14-165
15.2-925,14-198
15.2-926,14-51
—,14-78
—,14-199
15.2-927,10-92
15.2-1100,Char. (note)
15.2-1100 et seq.,Char. § 2.1
15.2-1102,"Ch. 2, Art. II"
—,2-19
15.2-1103,Char. (note)
15.2-1113,10-92
—,"12-40, 12-41"
—,"12-45, 12-46"
—,14-269
—,14-271
—,24-304
15.2-1115,10-92
—,10-104—10-106
—,"12-40, 12-41"
—,"12-45, 12-46"
—,18-70
15.2-1118,12-42—12-44
15.2-1416,Char. § 3.7
15.2-1426,1-10
15.2-1429,1-14
—,24-124
15.2-1432,1-16
15.2-1433,1-1
—,1-11
15.2-1714,2-68
15.2-1812,14-103
15.2-2029,14-271
15.2-2111,Ch. 26 (note)
—,"Ch. 26, Art. IV"
15.2-2200 et seq.,Ch. 20 (note)
—,Ch. 30 (note)
15.2-2204,30-71
15.2-2210 et seq.,"Ch. 2, Art. IV,  Div. 2"
—,2-117
15.2-2212,2-118
15.2-2214,2-119
15.2-2215,2-119
15.2-2217,2-119
15.2-2221,2-121
15.2-2241,20-72
15.2-2241(1),20-70
15.2-2241(2),20-134
15.2-2241(3),20-138
15.2-2241(5),20-142
15.2-2242(1),20-5
15.2-2243,20-6
15.2-2245,"20-142, 20-143"
15.2-2254,20-4
15.2-2271,20-21
15.2-2272,20-21
15.2-2275,20-21
15.2-2286,30-39
15.2-2290 et seq.,"Ch. 30, Art. VII,  Div. 2"
—,30-664
15.2-2291,30-336
15.2-2298,30-190
—,30-193
15.2-2307,30-163
—,30-168
15.2-2308,2-118
—,"Ch. 30, Art. II,  Div. 2"
—,30-68
15.2-2308(A),30-67
15.2-2311,30-39
15.2-2314,30-39
15.2-2316.3 et seq.,"Ch. 30, Art. VII,  Div. 6"
15.2-2400,18-44
15.2-2500,Char. § 5.1
"title 15.2, ch. 49",2-141
15.2-4900 et seq.,"Ch. 2, Art. IV,  Div. 3"
16.1-253,14-102
16.1-253.1,14-102
16.1-253.4,14-102
16.1-278 et seq.,24-124
16.1-278.2—16.1-278.6,14-102
16.1-278.4,14-78
16.1-278.5,14-78
16.1-278.8,14-102
16.1-278.14,14-102
16.1-278.15,14-102
16.1-279.1,14-102
17.1-279,14-2
18.2-11,"1-14, 1-15"
18.2-12,1-14
18.2-30 et seq.,14-224
18.2-57,14-23
18.2-77 et seq.,14-224
18.2-87,14-165
18.2-88,14-165
18.2-96,14-100
18.2-103,14-101
18.2-111,22-126
18.2-119,14-102
18.2-130,14-24
18.2-130.1,14-25
18.2-132—18.2-136,14-102
18.2-137,14-103
18.2-138,14-104
18.2-139,14-105
18.2-140,14-106
18.2-143,14-171
18.2-146,14-108
18.2-147,14-109
18.2-151.1,14-167
18.2-152.9,14-102
18.2-162,14-166
—,14-168
18.2-162.1,14-166
18.2-163,14-169
18.2-164,14-170
18.2-188,14-133
18.2-189,14-132
18.2-212,14-225
18.2-266 et seq.,24-102
—,24-124
18.2-270,24-102
—,24-124
18.2-280,14-269
18.2-309,14-52
18.2-317,10-104
18.2-318,10-104
18.2-319,14-107
18.2-322,14-29
18.2-325,14-245
18.2-325 et seq.,14-244
18.2-325(3),14-245
18.2-326,"14-244, 14-245"
18.2-333,14-244
18.2-334,14-244
18.2-387,14-27
18.2-388,14-28
18.2-415,14-198
18.2-460,14-222
18.2-461,14-224
18.2-479(A),14-223
19.2-74,14-1
19.2-82,14-1
19.2-152.8,14-102
19.2-152.10,14-102
19.2-250,1-14
20-103,14-102
27-6.01,14-167
27-97,14-271
title 29.1,4-58
32.1-111.1,14-167
32.1-170,26-120
33.1-348,10-233
33.2-802,10-126
35.1-1,22-65
42.1-82,20-70
title 46.2,24-124
46.2-100,10-20
—,10-212
—,14-198
—,22-152
—,24-2
46.2-113,24-101
46.2-341.20,24-101
46.2-472,24-248
46.2-730,22-154
46.2-734,22-154
46.2-752,"22-152, 22-153"
—,"22-155, 22-156"
46.2-752 et seq.,"Ch. 22, Art. VI"
46.2-752(G),22-160
46.2-752(J),22-160
46.2-755,22-154
46.2-889,24-178
—,24-180
46.2-916.2,"Ch. 24, Art. V"
—,24-246
46.2-916.3(B)(2),24-250
46.2-936,10-126
46.2-1010 et seq.,24-249
46.2-1047,10-22
46.2-1078,24-217
46.2-1081,24-249
46.2-1200,10-194
46.2-1201,10-194
46.2-1213,10-194
46.2-1220,"24-48, 24-49"
—,24-100
—,"24-104, 24-105"
—,"Ch. 24, Art. III,  Div. 3"
—,24-182
—,24-216
46.2-1239,24-182
46.2-1300,"24-48, 24-49"
—,24-124
—,24-147
46.2-1308,24-99
46.2-1313,24-124
46.2-1315,"Ch. 24, Art. IV"
46.2-2000,22-154
51.5-98,22-65
54.1-400,20-143
54.1-400 et seq.,20-143
55.1-1900 et seq.,"Ch. 30, Art. VII,  Div. 3"
—,30-700
56-412.1,24-285
56-594,22-223
title 58.1,2-171
—,22-97
58.1-1200 et seq.,22-191
58.1-1201,22-189
58.1-1204,22-190
58.1-1205,22-189
58.1-1207,22-191
58.1-1209,"Ch. 22, Art. VII"
—,22-190
58.1-1211,"22-190, 22-191"
58.1-1212,22-191
58.1-1216,22-192
58.1-1736(A)(2),22-154
58.1-1821,22-102
58.1-1822,22-102
58.1-2401,22-154
58.1-2901,22-224
58.1-3229 et seq.,22-42
58.1-3230,22-43
58.1-3234,22-43
58.1-3510.4 et seq.,"Ch. 30, Art. VII,  Div. 5"
"title 58.1, ch. 37",22-97
58.1-3700 et seq.,Ch. 22 (note)
—,"Ch. 22, Art. IV"
58.1-3700.1,22-97
58.1-3701,22-97
—,22-100
58.1-3703.1(A)(1),22-98
58.1-3703.1(A)(2),22-99
58.1-3703.1(A)(3),22-100
58.1-3703.1(A)(4),22-101
58.1-3703.1(A)(5),22-102
58.1-3703.1(A)(6),22-102
58.1-3703.1(A)(7),22-102
58.1-3703.1(A)(8),22-102
58.1-3703.1(A)(9),22-103
58.1-3706,22-105
58.1-3712,22-105
58.1-3713,22-105
58.1-3714(B),22-97
58.1-3715,22-98
—,22-100
—,22-105
58.1-3716,22-105
58.1-3717,22-98
58.1-3718,22-98
—,22-105
58.1-3719,22-105
58.1-3720,22-105
58.1-3721,22-105
58.1-3728,22-98
58.1-3731,22-98
—,22-105
58.1-3732,22-104
58.1-3814,"Ch. 22, Art. VIII,  Div. 2"
—,22-246
—,"Ch. 22, Art. VIII,  Div. 3"
—,22-275
58.1-3814 et seq.,"Ch. 22, Art. VIII"
58.1-3814(F),22-224
58.1-3814(G),22-224
58.1-3814(J),22-275
58.1-3819,Ch. 22 (note)
58.1-3819 et seq.,"Ch. 22, Art. V"
58.1-3840,Ch. 22 (note)
—,"Ch. 22, Art. III"
—,22-62
—,"22-65, 22-66"
58.1-3903,22-101
58.1-3906,22-68
58.1-3907,22-68
58.1-3916,22-68
—,22-99
58.1-3940,22-101
58.1-3940 et seq.,6-40
—,10-151
—,18-70
58.1-3965 et seq.,6-40
—,10-151
—,18-70
58.1-3984,"22-101, 22-102"
58.1-3986,22-100
58.1-3993,22-100
59.1-3728,22-105
62.1-44.32,26-232
