Virginia,Virginia
Section,this Code
1-13.1—1-15,1-2
1-13.3 et seq.,1-2
1-13.9,1-3
3.1-796.66 et seq.  4-1,3.1-796.66 et seq.  4-1
,4-2
3.1-796.85,4-21
3.1-796.86,4-23
,4-27
3.1-796.87,4-24
3.1-796.88,4-25
,4-26
3.1-796.89,4-28
3.1-796.90,4-27
3.1-796.91,4-30
3.1-796.92,4-28
3.1-796.93:1,"Ch. 4, Art. IV"
3.1-796.94,"Ch. 4, Art. IV"
3.1-796.96,4-31
,4-37
,4-41—4-43
3.1-796.98,4-40
,4-41—4-43
3.1-796.100,"Ch. 4, Art. III"
,"Ch. 4, Art. IV"
3.1-796.103,4-26
3.1-796.105,4-45
3.1-796.119,4-45
3.1-796.128,4-29
,4-44
3.1796.128,4-23
4.1-100,19-71
tit. 8.01,9-10
9-183.13 et seq.,19-62
10.1-560,9-1
10.1-561,9-3
,9-4
10.1-561.1,9-3
10.1-562,9-3
10.1-562(J),9-7
10.1-563(E),9-4
10.1-564,9-4
10.1-604 et seq.,9-2
10.1-1100 et seq.,9-2
,18.2-3
10.1-1163(B),9-2
,18.2-3
10.1-1400 et seq.  Ch. 18,10.1-1400 et seq.  Ch. 18
13.1-501 et seq.,11-2
15.2-106,2-1
15.2-901,11.5-18
,11.5-36
,21-3
15.2-906,"Ch. 5, Art. III"
15.2-924,20.5-53
15.2-926,Ch. 15
15.2-926.1,463
15.2-973,14-71
15.2-1210,20-4
15.2-1211,7-1
15.2-1300 et seq.  App. D,15.2-1300 et seq.  App. D
15.2-1425,4-63
15.2-1426,4-63
15.2-1427,4-63
,10-1
15.2-1429,1-10
15.2-1433,1-1
,1-7
,1-8
15.2-1502,1-2
15.2-2209,14-3
,21-4
15.2-2240 et seq.  App. A,15.2-2240 et seq.  App. A
15.2-2241 et seq.  App. A,15.2-2241 et seq.  App. A
15.2-4900 et seq  15.5-21,15.2-4900 et seq  15.5-21
15.2-6400 et seq.  App. E,15.2-6400 et seq.  App. E
16.1-278 et seq.,"14-76, 15-80"
16.1-278.5,15-80
16.1-331,15-80
16.11-228,15-77
18.2-9,1-10
18.2-11,1-10
18.2-266 et seq.,14-76
18.2-287,20-1
18.2-287.1,20-2
18.2-344—18.2-361  12-36,18.2-344—18.2-361  12-36
,12-53
18.2-365—18.2-368  12-36,18.2-365—18.2-368  12-36
,12-53
18.2-370,12-36
,12-53
18.2-370.1,12-36
tit. 24.2,Ch. 7
24.2-304.1 et seq.  7-1,24.2-304.1 et seq.  7-1
24.2-305 et seq.,7-2
24.2-307,7-2
24.2-310,7-2
24.2-712,7-2(c)
27-6.1,8-50
27-6.02,8-50
27-14,8-50
27-97,10-22
29.1-526,20-3
32.1-48.1 et seq.,4-37
,4-38
32.1-111.4,8-3
32.1-111.5,8-3
32.1-111.14,8-38
32.1-163—32.1-166  Ch. 16,32.1-163—32.1-166  Ch. 16
32.1-167,20.5-21
36-85.3,19-111
36-97,5-51
36-97 et seq.,5-21
36-105,"Ch. 5, Art. II, Div. 2"
36-106,5-24
42.1-70,2-2
44-146.19,"Ch. 8, Art. II"
,8-14
tit. 45.1,18.2-3
tit. 46.2,14-51
,14-76
46.2-100 et seq.,14-2
46.2-100,11.5-29
,14-1
,14-2
,14-22
,14-24
,14-78
,19-3
46.2-341.4,14-22
46.2-662 et seq.,11.5-17
46.2-698,11.5-17
46.2-739,19-3(d)(1)
46.2-752,14-22
,14-24
46.2-752(B),14-34
46.2-752(C),14-27
46.2-752(K),14-26
46.2-936,18-5
46.2-1205,14-2
46.2-1300 et seq.  Ch. 14,46.2-1300 et seq.  Ch. 14
54.1-400 et seq.,18.2-6
,18.2-11
54.1-3000,12-3
54.1-3029,12-3
54.1-4100,6-1
54.1-4101,6-2
54.1-4101.1,6-3
54.1-4102—54.1-4110  6-4—6-12,54.1-4102—54.1-4110  6-4—6-12
54.1-4111,Ch. 6
56-594,19-33
tit. 58.1,11-2
,19-98
,Ch. 19
58.1,11-7
58.1-15,18.2-15
58.1-600 et seq.,"Ch. 19, Art. II"
58.1-603—58.1-605  19-21,58.1-603—58.1-605  19-21
58.1-605,19-22
58.1-628,19-22
58.1-1210,19-4
58.1-1718,19-7
58.1-1821,11-4
58.1-1822,11-4
58.1-2636,19-116
,19-117
58.1-2901,19-34
58.1-3230,19-91
,19-93(a)
58.1-3230 et seq.,19-94
58.1-3330,19-92(2)
58.1-3235,19-94
,19-95
58.1-3237,19-96
58.1-3238,19-97(b)
58.1-3400 et seq.,19-61
58.1-3503,14-51
58.1-3504,19-3
58.1-3507,19-116
58.1-3508.6,19-116
58.1-3523 et seq.  19-78,58.1-3523 et seq.  19-78
58.1-3523,19-78
58.1-3660,19-116
,19-117
,19-118
58.1-3700 et seq.  11-2,58.1-3700 et seq.  11-2
58.1-3701,11-2
,11-4
58.1-3714(D),11-2
58.1-3715,11-2—11-4
58.1-3716,11-6
58.1-3717,11-6
58.1-3719.1,11-6
58.1-3726,11-6
58.1-3813,19-42
58.1-3813(B),19-42
58.1-3814,19-34
"58.1-3814(H), (I)",19-34
58.1-3814(J),19-34
58.1-3903,11-4
58.1-3906,19-77
58.1-3916,11-3
,19-2
,19-2.1
58.1-3940,11-4
58.1-3940 et seq.  21-3,58.1-3940 et seq.  21-3
58.1-3965 et seq.  21-3,58.1-3965 et seq.  21-3
58.1-3984,11-4
58.1-3986,11-4
58.1-3993,11-4
"62.1-44.2 et seq.  Ch. 16,","62.1-44.2 et seq.  Ch. 16,"
,"Art. I, Pt. I"
,18.2-2
62.1-44.15:24 et seq.,18.2-1
,18.2-2
62.1-44.15:27,18.2-4
62.1-44.15:34,18.2-6
62.1-44.15:40,18.2-11
62.1-44.26,18.2-12
