Ordinance Number,Date,Section,Section  this Code
70-1700-44,11-17-70,,18-6
71-1700-45,4-3-71,,17-8
72-1700-47,2-1-72,,17-10
72-1700-48,5-2-72,,24-53
72-1700-49,6-20-72,,25-8
72-1700-50,9-19-72,,14-61
73-1700-52,3-20-73,,26-4
73-1700-53,3-20-73,,"24-11, 24-13"
73-1700-54,5-15-73,,14-72
74-1700-59,2-19-74,,25-1
74-1700-61,4-11-74,,14-117
,,,"14-126—14-129,"
,,,14-132
,,,14-134
,,,14-136
74-1700-62,6-4-74,,14-116
74-1700-63,9-3-74,,24-51
74-1700-64,9-17-74,,22-77
,,,22-78
,,,22-81
74-1700-67,11-8-74,,"22-77, 22-81"
74-1700-68,11-8-74,,22-78
75-1700-68,1-7-75,,2-11
75-1700-69,1-7-75,,17-9
75-1700-70,2-18-75,1,"2-156, 2-157"
,,2,2-156
75-1700-71,3-4-75,,22-16—22-19
75-1700-74,6-3-75,,25-24
75-1700-75,6-4-75,,"22-108, 22-109"
75-1700-76,7-1-75,32-1—32-4,8-1—8-4
,,32-5.1—32-5.3,8-6
,,32-5.4,8-28
,,32-6.1,8-26
,,32-6.2—32-6.4,8-5
,,32-6.5,8-27
,,"32-7.1, 32-7.2",8-30
,,32-7.3,8-31
,,32-7.4,8-9
,,32-8.1—32-8.3,8-7
,,32-8.4,8-29
,,32-9,8-8
,,32-10—32-12.4,8-10—8-15
75-1700-77,8-5-75,,"22-95, 22-96"
75-1700-78,12-16-75,,22-43
76-1700-79,1-1-76,1,22-44—22-47
76-1700-80,1-6-76,3-10,5-19
,,3-11,"5-36, 5-38"
,,3-12,5-38.1
,,3-13,"5-37, 5-39"
,,3-14,5-39
,,3-15,5-42
,,3-17,5-39
,,3-18,5-22
,,3-19,5-21
,,3-20,5-27
,,3-21,5-25
,,,5-26
,,,5-28
,,,5-41
,,,5-63
,,3-22,5-28
,,3-23,5-23
,,3-24,5-20
,,3-25,5-56
,,3-26,"5-56, 5-62"
,,3-27,"5-56, 5-57"
,,3-28,5-56
,,3-29,5-58
,,3-30,5-24
,,3-31—3-33,5-59—5-61
,,3-34,5-55
76-1700-81,3-16-76,,"14-116, 14-117,"
,,,"14-126—14-129,"
,,,"14-132, 14-134,"
,,,14-136
76-1700-82,4-6-76,,18-21—18-23
76-1700-84,8-3-76,,24-35
76-1700-86,8-17-76,,22-26—22-29
,,,"22-30, 22-31"
76-1700-87,8-3-76,,"22-48, 22-50"
76-1700-88,8-17-76,,2-7
76-1700-89,9-7-76,,14-115
76-1700-90,10-19-76,,2-8
76-1700-91,12-21-76,3,2-76
,,10—12,2-72—2-74
,,13,2-6
,,14,2-75
77-1000-93,1-4-77,,3-16—3-20
77-1700-95,2-15-77,,7-18
77-1700-96,2-15-77,5.1—5.5,7-16—7-20
77-1700-97,3-15-77,,25-28—25-32
77-1700-101,5-3-77,1—3,27-16—27-18
,,4,"27-1, 27-19"
77-1700-108,9-6-77,,5-3
,,,"15-1—15-6.1,"
,,,15-8—15-15
77-1700-109,10-4-77,,3-17
77-1700-110,10-20-77,1,"22-45, 22-46"
77-1700-111,10-20-77,1,"22-49, 22-50"
77-1700-112,11-1-77,1,25-8
,,2,25-9
78-1700-113,1-24-78,,24-51.1
78-1700-114,2-7-78,25-40—25-42,22-26—22-29.1
,,25-43,22-31
,,25-44,22-30
78-1700-115,2-28-78,,14-115
78-1700-117,4-11-78,,3-21
78-1700-120,6-6-78,,2-7
78-1700-121,6-6-78,,2-125
78-1700-122,6-20-78,,24-57.1
78-1700-123,6-28-78,,"25-24, 25-25,"
,,,25-28—25-32
78-1700-127,6-6-78,12-1,13.5-1
,,12-2,13.5-2
,,12-3.1,13.5-3
,,12-3.2,13.5-8
,,12-3.3,13.5-3
,,12-4.1—12-4.3,13.5-33
,,"12-4.4, 12-4.5",13.5-9
,,12-4.6—12-4.9,13.5-10
,,"12-4.10.1, 12-4.10.2",13.5-34
,,12-4.11—12-4.15,13.5-35
,,12-4.16—12-4.19,13.5-36
,,12-4.20—12-4.22,13.5-37
,,12-4.23,13.5-12
,,12-5.1—,13.5-48—
,,12-5.5,13.5-52
,,12-5.8—12-5.11,13.5-53
,,12-6.1—,13.5-64—
,,12-6.6,13.5-68
,,12-7.1—,13.5-79—
,,12-7.6,13.5-81
,,"12-8.1, 12-8.2",13.5-92
,,12-8.3,13.5-93
,,12-8.4,13.5-95
,,"12-8.5, 12-8.6",13.5-96
,,12-8.7,13.5-94
,,12-9.1,13.5-121
,,,13.5-124
,,,13.5-126
,,12-9.1.1,13.5-122
,,12-9.1.2,13.5-123
,,12-9.1.3,13.5-125
,,12-9.1.4,13.5-127
,,12-9.2,13.5-107
,,12-9.2.1—,13.5-111—
,,12-9.2.3,13.5-113
,,12-9.2.4,13.5-115
,,12-9.2.5—,13.5-108—
,,12-9.2.7,13.5-110
,,12-9.2.8,13-5.114
,,12-10.1—12-10.7,13.5-7
,,12-10.8,13.5-11
,,12-11—,13.5-15—
,,12-11.8,13.5-17
,,12-12,13.5-14
,,12-13.1—,13.5-18
,,12-13.6,13.5-19
,,12-13.7,13.5-5
,,12-13.8—12-13.11,13.5-20
,,12-13.12,13.5-19
,,,13.5-20
,,"12-14.1, 12-14.2",13.5-21
,,12-14.3,13.5-6
,,12-14.4,13.5-13
,,12-15,13.5-4
78-1700-129,10-3-78,,17-39.1
79-1700-130,2-6-79,,2-142
79-1700-130-A,2-13-79,,Ch. 31
79-1700-131,2-6-79,3-10,5-19
,,3-11,"5-36, 5-38"
,,3-12,5-38.1
,,3-13,"5-37, 5-39"
,,3-14,5-39
,,3-15,5-42
,,3-16,5-40
,,3-17,5-39
,,3-18,5-22
,,3-19,5-21
,,3-20,5-27
,,3-21,"5-25, 5-26,"
,,,"5-41, 5-63"
,,3-22,5-28
,,3-23,"5-8, 5-23"
,,3-24,5-20
,,3-25,5-56
,,3-26,5-62
,,3-27,5-57
,,3-28,5-56
,,3-29,5-58
,,3-30,5-24
,,3-31—3-33,5-59—5-61
,,3-34,5-55
79-1700-132,2-27-79,,"25-24, 25-25,"
,,,25-28—25-32
79-1700-137,1-5-79,,10-3
79-1700-140,7-3-79,,24-50
79-1700-141,8-21-79,,24-50
79-1700-142,8-21-79,,24-62
79-1700-143,8-21-79,,24-62
79-1322(Res.),10-2-79,,21-1
,,"2-1, 2-2","21-11, 21-12"
,,3-1—3-4,21-21—21-24
,,4-1—4-4,21-31—21-34
,,5-1—5-7,21-41—21-47
,,6-1—6-7,21-61—21-67
,,7-1—7-7,21-81—21-87
,,8-1—8-4,21-101—21-104
79-1700-145,11-6-79,,"25-8, 25-9"
79-1700-146,12-4-79,,24-36
79-1700-147,12-4-79,"1, 2","19.5-1, 19.5-2"
,,3—12,19.5-11—19.5-20
79-1700-148,12-4-79,1,24-57.1
79-1700-149,12-5-79,,25-24(e)
80-1700-150,3-4-80,,"25-61—25-63,"
,,,"25-71—25-83,"
,,,25-91—25-94
80-1700-151,3-4-80,,25-101—25-117
80-1700-156,5-20-80,,2-156
80-1700-161,10-17-80,,22-4
80-1700-162,10-17-80,,22-18
80-1700-163,10-21-80,,"Adopting Ordinance,"
,,,p.ix
80-1700-164,10-28-80,,"25-24(a)(3), (4),"
,,,"(b)(4), (c)(3),"
,,,"(d)(3), (h)"
80-1700-165,11-1-80,,25-24(i)
80-1700-167,11-18-80,,24-62
80-1700-168,11-18-80,,24-63
80-1700-169,11-18-80,,14-157—14-170
80-1700-170,12-2-80,,"25-8, 25-9"
81-1700-171,3-3-81,1—5,22-70—22-74
81-1700-173,4-22-81,,13.5-28—13.5-30
81-1700-175-A,6-2-81,,"25-24, 25-25,"
,,,25-28—25-32
81-1700-178,8-4-81,,"14-51(a), 14-57(a),"
,,,"14-84(a), 14-85(a),"
,,,14-87
81-1700-179,7-7-81,,14-10
81-1700-181,8-4-81,1,"7.5-1—7.5-12,"
,,,"7.5-14—7.5-24,"
,,,7.5-26—7.5-59
81-1700-182,10-6-81,,24-53.1
81-1700-182-A,10-6-81,,"24-48(a)(14),"
,,,24-57.1(a)
81-1000-183,11-4-81,,31-18(b)(17)
81-1700-184,12-1-81,,4-23
81-1700-185,12-1-81,,22-26—22-31
82-1700-186,1-5-82,1—7,9-16—9-20
82-1700-189,3-2-82,,"8-4, 8-5(1),"
,,,"8-8(b), 8-10"
82-1700-192,4-20-82,,31-21(e)(4)
82-1700-192A,4-20-82,,"8-6, 8-9"
82-1700-197,5-5-82,1,"7.5-1—7.5-12,"
,,,"7.5-14—7.5-24,"
,,,7.5-26—7.5-66
82-1700-200,8-16-82,,2-125(b)
82-1700-201,8-17-82,,2-159—2-163
82-1700-202,8-17-82,,2-7
82-1700-203,8-17-82,,"24-3(b), 24-35"
82-1700-206,10-19-82,1—7,25-126—25-133
83-1700-212,1-18-83,,5-55—5-65
83-1700-213,1-18-83,1—5,2-171—2-175
83-1700-214,3-1-83,"Ex. B, § 1",21-46
,,"Ex. B, § 2",31-37(g)
,,"Ex. B, § 3",8-29
,,"Ex. B, § 4 Rpld",8-30(b)
83-1700-215,3-1-83,"Ex. D, § 1",21-65(11)(a)
,,"Ex. D, § 2",31-40(a)
83-1700-216,4-5-83,"Ex. A, § 1",31-15(f)
,,"Ex. A, § 2","31-32(a)(1), (3)"
,,"Ex. A, § 3",31-16(f)(3)
83-1700-220-A,4-20-83,,25-24(1)(a)
83-1700-222,,1,21-68
,,2,21-35
83-1700-225,10-18-83,,"31-15(f),"
,,,"31-32(a)(1), (3)"
,,,"31-16(f), 31-33,"
,,,31-52—31-55
83-1700-227,12-20-83,,"24-3(b),"
,,,24-35
84-1700-229,2-21-84,,9-72
84-1700-230,2-21-84,,"24-57.1(a), (d)"
84-1700-237,5-15-84,,22-27(3)
84-1700-238,6-19-84,,22-78(b)
84-1700-239,6-5-84,,"24-3, 24-35"
84-1700-245,9-4-84,,20-14
84-1700-251,11-20-84,,"22-18, 22-50"
85-1700-269,2-6-85,,"31-30(c)(1),"
,,,"31-20(e),"
,,,"31-33(j),"
,,,"31-32(c), (d),"
,,,"31-29(f)(2)—(4),"
,,,"31-29(d)(2),"
,,,31-6
85-1700-272A,3-5-85,,2-1
85-1700-277,4-16-85,,25-24—25-33
85-1700-285,7-2-85,,"24-3(b), 24-35"
85-1700-289,8-6-85,,"17-2, 17-49"
85-1700-300,9-17-85,,"14-114—14-117,"
85-1700-305,10-15-85,,14-126—14-135
85-1700-309,11-5-85,,24-28(d)
,,,9-21
85-1700-310,11-19-85,1.1—1.3,25-61—25-63
,,2.1—2.8,25-71—25-78
,,4.1—4.7,25-86—25-92
,,5.1—5.5,25-93—25-97
,,"6.1, 6.2","25-98, 25-99"
85-1700-311,11-19-85,,Added 31-20(c)
,,,Rnbd 31-20(c)—(g)
,,,as 31-20(d)—(h)
86-1700-327A,3-18-86,,Rpld 2-39(4)
,,,Amd'd 2-95
86-1700-329,4-1-86,,2-160
,,,Rpld 2-161
86-1700-334,5-20-86,,"7.5-1, 7.5-2,"
,,,"7.5-3(b)—(d),"
,,,"7.5-4—7.5-6,"
,,,"7.5-25, 7.5-27,"
,,,"7.5-38(a),"
,,,"7.5-40(c),"
,,,7.5-43
,,,"7.5-45(a),"
,,,7.5-59(a)
86-1700-336A,6-3-86,1,14-1
,,2,"Rpld 14-39—14-51,"
,,,14-53
,,,"14-55—14-64,"
,,,"14-66—14-79,"
,,,"14-83—14-87,"
,,,"14-89—14-100,"
,,,14-102
,,3,Rnbd 14-101 as 14-44
,,,Rpld 14-52
,,,Added 14-45
,,,"Rnbd 14-65 as 14-46,"
,,,"14-80 as 14-47,"
,,,"14-81 as 14-48,"
,,,"14-88 as 14-49,"
,,,14-82 as 14-50
,,,Rpld 14-54
,,,Added 14-51
,,4,"Added 14-52, 14-53"
86-1700-337,6-3-86,,"25-8, 25-9"
86-1700-338,6-17-86,,14-54
86-1700-339,6-17-86,,"17-54(b), (c)"
86-1700-340,6-17-86,,"24-3, 24-35"
86-1700-342,9-2-86,,31-6
,,,"31-27(b)(1), (c)"
86-1700-343,9-16-86,,31-18(g)(3)
86-1700-346,10-7-86,,22-49
86-1700-347,10-7-86,,14-4
86-1700-348,10-21-86,,24-51
86-1700-350,12-16-86,,22-31
87-1700-351,2-17-87,,22-30
87-1700-354,3- 3-87,,7-21(a)
,,1—3,7-21(b)—(d)
87-1700-358,4-21-87,1,24-63(a)
,,2,24-63(b)—(f)
87-1700-360,6- 2-87,,"24-3, 24-35"
87-1700-362,6- 2-87,,24-51(a)(1)—(4)
87-1700-365,11- 4-87,,"11-1—11-29,;l;11-39—11-48,;l;11-51—11-60"
87-1700-336,11-17-87,,9-80—9-86
87-1700-367,12- 1-87,,22-79(b)
88-1700-373,3-15-88,1—4,9-4
88-1700-376,5-17-88,,31-15(f)
88-1700-381,6-21-88,,"24-3, 24-35"
88-1700-382,6-21-88,,14-55
88-1700-383,9- 6-88,Amnd,7-18(b)
,,Rpld,7-19
89-1700-393,2-21-89,,"31-6, 31-27(b)(1)"
89-1700-394,3- 7-89,,3-17
,,Rpld,"3-16, 3-18—3-21"
89-1700-395,4- 4-89,,"24-53.1(a),;l;24-57.1(a)"
89-1700-395A,4-18-89,,14-116
89-1700-396A,4-18-89,,11-49
89-1700-400,6- 6-89,,"24-3, 24-35"
89-1700-401,6-20-89,,2-157
89-1700-402,6-20-89,,14-114
89-1700-405,9- 5-89,,14-28
89-1700-408,10-18-89,,24-3(a)
90-1700-411,1-16-90,,"25-8(b), (c)(1), (3)"
90-1700-413,2- 6-90,Rpld,9-72
90-1700-421,5-15-90,1—3,2-126
90-1700-422,6-19-90,,"24-3(b), 24-35"
90-1700-425,8- 7-90,,2-181—2-184
90-1700-426,8-21-90,,2-181—2-184
90-1700-427,9- 4-90,1,2-12
90-1700-428,10-16-90,,13.3-21—13.3-26
90-1700-429,12- 4-90,,"24-3, 24-35"
90-1700-430,12-18-90,,2-175
91-1700-431,1-15-91,1,22-26(1)
,,2—4,22-27(1)—(3)
,,"5, 6","22-30(1), (2)"
,,7,22-32
91-1700-432A,2-15-91,,22-30(2)
91-1700-434,3- 5-91,,22-26(2)
91-1700-435,3- 5-91,,"7-18, 7-21"
91-1700-437,4-16-91,,22-32
91-1700-438,4-16-91,,14-137
91-1700-442,5-21-91,,21-111—21-114
91-1700-443,5-21-91,,22-120—22-133
91-1700-443A,6- 4-91,,"3-17(m), (n)"
91-1700-446,6-18-91,,"25-24, 25-33"
91-1700-447,7- 2-91,,"24-3(b), 24-35"
91-1700-449,8-20-91,,"8-3, 8-4,;l;8-5(3), 8-8(b)"
,,Rpld,8-28
,,Amnd,8-31
91-1700-450,9-17-91,,24-53.1(d)
92-1700-450B,9-17-91,,8-29
91-1700-450C,9-17-91,,31-37(g)
91-1700-450D,9-17-91,,31-32(c)(9)
91-1700-450E,9-17-91,,2-46
92-1700-450A,2-18-92,,19.5-17
92-1700-451,2-18-92,,"13.5-52, 13.5-110"
92-1700-454,3- 3-92,,2-127
92-1700-455,4- 7-92,,8-10(note);l;8-12(note);l;8-26(note);l;8-30(note)
92-1700-456,4- 7-92,,25-10(c)
92-1700-457,4- 7-92,,14-138
92-1700-458,4- 7-92,,22-43.1
92-1700-459,4-21-92,,"25-8(b), (c)"
92-1700-462,4-21-92,,"25-24, 25-33"
92-1700-463,4-21-92,,2-201—2-207
92-1700-463a,5-19-92,,5-23(a)
92-1700-464,5-19-92,,24-64—24-76
92-1700-465,6- 7-92,,22-151—22-164
92-1700-466,7- 7-92,,"24-3, 24-35"
92-1700-468,7-21-92,1,14-171—14-179
92-1700-472,10- 6-92,,22-154(d)
92-1700-478,12- 1-92,,17-57
92-1700-479,12- 1-92,,5-23
92-1700-480,12- 1-92,,1-12(a)
93-1700-482,2- 2-93,,25-32(a)
93-1700-483,3- 2-93,,5-23
93-1700-486,3- 2-93,,"25-24, 25-33"
93-1700-490,7- 6-93,,24-3
93-1700-497,12-21-93,1,31-6
,,2,31-18(b)
,,3  Added,31-18(d)
,,Rnbd,31-18(d)—(g)
,,as,31-18(e)—(h)
,,4,31-19(b)
,,5,31-19(d)
93-1700-498,2- 1-94,,"5-1, 5-2, 5-36, 5-38.1, 5-56, 5-66—5-76"
94-1700-499,2-15-94,,7-18(b)
94-1700-503,4-19-94,,25-24
94-1700-504,5- 2-94,,"22-45(a),;l;22-48, 22-49"
94-1700-506,5-17-94,Rpld,14-1—14-179
,,Added,14-1—14-179
94-1700-507,5-17-94,Added,18-9
94-1700-509,7- 5-94,,24-35
94-1700-510,7-19-94,,2-205(b)
94-1700-512,10-18-94,,14-43(d)
94-1700-513,10-18-94,,14-55
94-1700-517,12- 6-94,,7.5-45(a)(2)
94-1700-518,12- 6-94,Added,"2-216, 2-217"
94-1700-519,12-20-94,,2-58
94-1700-520,12-20-94,1  Added,2-208—2-211
,,2  Added,14-4.1
95-1700-521,1- 3-95,,31-21
95-1700-522,1- 3-95,"1, 2",31-6
,,3,31-15(d)(6)
,,4,31-16(d)(6)
95-1700-523,1- 3-95,,31-32(c)(9)
95-1700-525,2- 7-95,,"24-3, 24-35"
95-1700-527,4- 4-95,1,14-4
,,2  Added,14-4.1
95-1700-530,4-18-95,,25-24
95-1700-534,7- 5-95,,"24-3, 24-35"
95-1700-537,8- 1-95,,11-41
96-1700-543,5- 8-96,Rpld,22-1—22-4
,,,"22-16—22-19,"
,,,"22-26—22-32,"
,,,"22-43—22-50,"
,,,"22-62—22-65,"
,,,"22-70—22-74,"
,,,22-77—22-83
,,,"22-95, 22-96"
,,,"22-100, 22-109,"
,,,"22-120—22-133,"
,,,22-151—22-164
,,Added,"22-1—22-9,"
,,,"22-16—22-18,"
,,,"22-26—22-32,"
,,,"22-43—22-50,"
,,,"22-62—22-64,"
,,,"22-77—22-83,"
,,,"22-95, 22-96"
,,,"22-108, 22-109,"
,,,"22-120—22-132,"
,,,"22-151—22-164,"
,,,22-175—22-185
96-1700-544,5- 8-96,,14-21(a)
96-1700-545,6-18-96,Rpld,12-11
96-1700-546,7- 2-96,,"24-3, 24-35"
96-1700-547,7-23-96,,2-39
96-1700-548,9-17-96,Added;r;,"7-18(c), (d),"
,,,7-19
,,,7-22—7-24
,,,7-16
,,,7-18(b)
,,,7-21
,,Rpld;r;,"13.5-1—13.5-22,"
,,,"13.5-28—13.5-30,"
,,,"13.5-33—13.5-37,"
,,,"13.5-48—13.5-53,"
,,,"13.5-64—13.5-68,"
,,,"13.5-80, 13.5-81,"
,,,"13.5-92—13.5-96,"
,,,"13.5-107—13.5-115,"
,,,13.5-121—13.5-127
96-1700-549,9-17-96,Added;r;,"17.1-1, 17.1-2,"
,,,"17.1-21—17.1-28,"
,,,17.1-31—17.1-34
96-1700-552,12-17-96,Rpld;r;,"14-1—14-28,"
,,,"14-38—14-55,"
,,,"14-114—14-117,"
,,,"14-126—14-137,"
,,,14-148—14-179
,,Added;r;,"14-1—14-32,"
,,,"14-38—14-58,"
,,,"14-114—14-117,"
,,,"14-126—14-137,"
,,,14-148—14-179
96-1700-553,12-17-96,Added;r;,14-180—14-183
96-1700-547a,8- 6-96,,2-142
96-1700-558,3- 4-97,,2-75
96-1700-560,4-22-97,,22-16
96-1700-562,5-20-97,Added,24-37
96-1700-563,7- 1-97,,24-3
,,,24-35
96-1700-565,7-15-97,,22-50
96-1700-567,8- 5-97,,14-116(b)
96-1700-568,7-15-97,,7-18(b)
96-1700-569,9- 1-97,,14-114
96-1700-570,9- 2-97,,14-130
96-1700-571,10- 7-97,,25-8(b)
97-1700-573,10-21-97,Added,24-38
97-1700-575,12-16-97,,25-8(b)
98-1700-580,5-19-98,,14-1
,,,14-16
,,,14-18
,,Added,14-39A
98-1700-585,6- 2-98,Rnbd,24-28(e) as (f)
,,Added,24-28(e)
98-1700-586,7- 7-98,,"24-3, 24-35"
98-1700-587,8- 4-98,,22-50
98-1700-589,10- 6-98,Rpld,2-208—2-211
99-1700-598,2-16-99,,9-100—9-107
99-1700-600,3- 2-99,1  Rpld,7.5-1—7.5-66
,,Added,7.5-1—7.5-19
99-1700-605,6-15-99,1,25-8(b)
99-1700-606,6- 1-99,1,24-28(d)
99-1700-607,6- 1-99,1,25-8(b)
99-1700-609,7- 6-99,,24-3
,,,24-35
99-1700-612A,9-21-99,,2-9
00-1700-616,1-18-00,1,2-23
,,2,2-39
,,3,2-45
00-1700-617,1-18-00,1,14-47(a)
00-1700-618,2-15-00,1,22-27(1)
,,2,22-31(2)
2000-1700-619,3- 7-00,1,25-28
00-1700-620,3- 7-00,1  Rpld,"5-1—5-8,"
,,,"5-19—5-28,"
,,,"5-36—5-42,"
,,,"5-55—5-65,"
,,,"5-66—5-73,"
,,,5-74—5-76
,,Added,5-1
,,,5-2—5-10
,,,5-19—5-30
,,,"5-36—5-42,"
,,,5-53—5-76
00-1700-624,4-18-00,1,22-33—22-39
00-1700-626,5-16-00,1,14-130
00-1700-627,6- 6-00,1,22-120—22-123
,,,"22-129, 22-130,"
,,,22-132
00-1700-628,6- 6-00,1,17-57(a)
00-1700-629,6-20-00,1,22-33—22-39
00-1700-630,7- 5-00,,"24-3, 24-35"
00-1700-631,7- 5-00,1,"22-123, 22-130"
2000-1700-632,11- 6-00,1  Rpld,15-1—15-15
,,Added,15-1—15-10
00-1700-633,10- 3-00,1,17-9
2000-1700-634,10- 3-00,1,25-24
,,2  Rpld,25-27
2000-1700-636,10-17-00,1,34-28(d)
2000-1700-637,10-17-00,1  Rpld,22-77—22-83
,,Added,22-77—22-82
2000-1700-638,10-17-00,1,"24-47, 24-48,"
,,,"24-53.1, 24-53.2,"
,,,24-57.1
,,2  Rpld,24-64—24-76
00-1700-640,12-19-00,1,14-114—14-129
2000-1700-641,12-19-00,1,22-50
01-1700-642,1-16-01,1,11-52
01-1700-634,1-16-01,1,25-8(b)
2001-1700-645,1-16-01,1,"14-117, 14-120(a)"
,,,"14-125(c), 14-126"
01-1700-648,2- 6-01,1  Rpld,17-13(10)
,,2,17-30(2)
,,3,"17-31(b), (c)"
,,4,17-37
,,5  Added,17-32(b)
,,6  Added,17-33(b)
,,7  Added,17-34(b)
,,8  Added,17-35(b)
01-1700-649,2- 6-01,1,22-16
01-1700-650,2- 6-01,1  Added,24-27(e)
,,2,24-28(d)
01-1600-651,2-20-01,1  Rpld,31-17(k)(2)
01-1700-652,2- 6-01,1,31-16(g)(1)
01-1700-660,4-17-01,1,31-29(f)(4)
01-1700-661,4-17-01,1  Added,31-29(e)(14)
01-1700-662,4-17-01,1  Added,31-17.A
01-1700-665,5-15-01,1,2-175
01-1700-670,7- 3-01,,"24-3(b), 24-35"
01-1700-671,7- 3-01,1,"25-24(c), (f)"
01-1700-672,7- 3-01,1,25-8(c)—(f)
01-1700-675,7-17-01,1,22-31
01-1700-676,7-17-01,1,2-125
,,2,2-126
01-1700-677,11- 7-01,1,17.1-33
01-1700-678,11-20-01,1,24-2
,,2,24-10
,,3  Added,"24-48(a)(16), (17)"
,,4,"24-57.1(a), (b), (d)"
01-1700-679,12- 4-01,1  Added,31-46(c)
01-1700-681,4-16-02,1  Added,25-13
02-1700-682,4-16-02,1  Added,22-80(e)
,,2  Rltd,22-80(e)—(g)
,,as,22-80(f)—(h)
02-1700-685,5-21-02,1,2-75
02-1700-686,5-21-02,1,5-19
,,2,5-29
02-1700-687,6- 4-02,1,22-27
,,2,22-28
,,3,22-31
02-1700-688,7- 2-02,,"24-3, 24-35"
02-1700-689,7- 2-02,Added,2-13
02-1700-691,9- 3-02,1,"2-141(note),"
,,,"2-142, 2-143"
02-1700-692,10- 1-02,1  Added,24-28(e)
02-1700-695,12- 3-02,1,2-1
02-1700-696,12- 3-02,1,15-3
,,2,15-4(c)
,,3,15-5(4)
02-1700-697A,12-17-02,1,31-33
03-1700-699,1- 3-03,,31-20
03-1700-700,1-21-03,1,19.5-11—19.5-21
03-1700-701,3- 4-03,1,22-33
,,,22-35—22-38
03-1700-702,3-18-03,1,31-29(f)(4)c.i.
03-1700-703,3-18-03,,14-123(b)
03-1700-704,3-18-03,1,24-50
03-1700-705,4- 1-03,1  Added,15-5(10)
03-1700-706,4- 1-03,1  Added,24-39
03-1700-707,4- 1-03,,2-36—2-42
03-1700-707A,7- 1-03,1,22-152
03-1700-712,5-20-03,1  Added,31-33.1
,,6  Added,31-38(22)
03-1700-713,5-20-03,1,2-7
03-1700-718,7- 1-03,1,31-33(3)
03-1700-719,7- 1-03,,"24-3, 24-35"
03-1700-720,7-15-03,1  Added,31-45(c)
03-1700-721,8-19-03,1,2-13
03-1700-722,8-19-03,1,17-15
03-1700-723,8-19-03,1  Added,2-14
03-1700-724,9- 2-03,1,31-7
,,2  Added,31-17.B
03-1700-726,9- 2-03,1,24-58—24-62
,,Rpld,24-63
03-1700-727,10 7-03,,2-6
03-1700-728,10-21-03,1  Added,13-6
03-1700-731,11-18-03,1,24-27(e)
,,2,24-28(d)
03-1700-733,12-23-03,1,31-17(j)
04-1700-736,2- 3-04,1  Rpld,11-1—11-60
,,Added,11-2—11-162
04-1700-737,2- 3-04,1,2-76(c)
04-1700-738,2-17-04,1,25-33
04-1700-739,2-17-04,1,22-27(2)
,,2,"22-31(1), (2)"
04-1700-740,2-17-04,1  Added,24-34.1
04-1700-742,3-16-04,1,31-19
04-1700-743,3-16-04,Rpld,9-1—9-107
,,Added,9-1—9-124
04-1700-744,3-30-04,1  Added,31-56
,,Rnbd,31-56
,,as,31-57
04-1700-746,4-20-04,1  Rnbd,31-57
,,as,31-58
,,2  Added,31-57
,,3,31-46(c)(1)
04-1700-747,4-20-04,Rpld,7-1—7-24
,,Added,7-1—7-12
04-1700-748,6- 1-04,1,22-152
04-1700-750,7- 1-04,,"24-3, 24-35"
04-1700-751,7- 1-04,,"24-3, 24-35"
04-1700-753,7-20-04,1,2-23
,,2,2-39
04-1700-754,7-20-04,1,31-6
04-1700-755,7-20-04,1,31-30(c)(1)
,,2  Added,31-30(c)(2)
04-1700-756,7-20-04,2  Added,31-30(d)(6)
04-1700-757,8-17-04,1,22-47
04-1700-758,8-17-04,1  Added,24-14
04-1700-759,8-17-04,1,2-122
04-1700-764,9-21-04,1,22-35
04-1700-766,10-19-04,1  Added,31-32(c)(10)
04-1700-767,10-19-04,1,31-6
,,2  Added,31-19(d)(12)
,,3,31-17(d)
04-1700-768,10-19-04,1,31-41(a)
04-1700-769,11-11-04,1,25-126—25-133
,,Added,25-134—25-137
04-1700-770,11-11-04,1,31-17.A(b)(2)
04-1700-771,11-23-04,Added,2-77
04-1700-772,12-21-04,1,17.1-33
04-1700-773,12-21-04,,2-77
05-1700-780,5-31-05,,22-80(d)
05-1700-782,6-21-05,1,31-45(c)
05-1700-783,6-21-05,,"24-3, 24-35"
05-1700-784,7-19-05,1  Added,Art. I (tit.)
,,,13-11—13-19
05-1700-789,11-15-05,1,31-17.A(e)
05-1700-795,12-20-05,Added,19.4-1—19.4-12
05-1700-775,2-15-05,2,2-1
05-1700-777,3- 8-05,"1, 2",2-1
06-1700-801,3-14-06,1,22-26
,,,22-28
,,,22-31
06-1700-806,5-16-06,1  Added,22-201—22-204
06-1700-807,6-29-06,,24-3
,,,24-35
06-1700-808,6-29-06,1,25-25
06-1700-809,7-18-06,1a.  Rpld,2-10
,,1b.  Rnbd,2-1—2-9
,,as,2-2—2-10
,,1c.  Added,2-1
06-1700-810,8-28-06,1,31-29(e)(12)
,,Added,"31-29(f)(3)d, (f)(4)h"
06-1700-811,9-19-07,Rpld,8-1—8-31
,,Added,8-1—8-8
06-1700-812,9-19-06,,31-6
,,a.  Rpld,31-19(b)(6)
,,Rnbd,31-19(b)(7)—(15)
,,as,31-19(b)(6)—(14)
,,b.  Added,31-19(d)(13)
,,"a., b.",31-27
06-1700-813,9-19-06,Added,31-33(b)(3)c
06-1700-814,9-19-06,,31-52—31-55
06-1700-815,9-19-06,,31-19(d)(10)
06-1700-816,9-19-06,2,31-19(d)(10)
06-1700-817,11-21-06,1,24-38
06-1700-818A,12-12-06,,31-6
,,Rpld,31-15(c)(3)
06-1700-818B,12-12-06,Rpld,31-17.A.(d)(2)
,,,(k)
06-1700-818C,12-12-06,Rpld,"31-17.A.(d)(2), (4)"
,,Rnbd,(3)
,,as,(2)
,,,"(g), (k)"
06-1700-818D,12-12-06,Added,31-17.A.(d)(5)
06-1700-818E,12-12-06,Rpld,31-18(b)(2)
,,Added,(d)(2)
06-1700-818F,12-12-06,Added,31-19(d)(14)
06-1700-818G,12-12-06,1  Added,31-33.2
06-1700-818H,12-12-06,,31-34
,,,31-52—31-55
07-1700-820,1- 9-07,1—7  Added,2-225—2-231
07-1700-821,2-20-07,1,13-2
,,Added,Cross refs.
,,2  Added,20-3 cross refs.
,,3  Added,28-48(a)(18)
,,Added,Cross refs.
07-1700-822,2-20-07,,2-205(b)
07-1700-824,2-20-07,10,22-27(1)
07-1700-829,5-15-07,1,2-13(a)
07-1700-830,5-15-07,1,"Ch. 2, Art. IX title"
,,,2-156
,,,2-157
07-1700-831,5-17-07,5  Added,17-39.1(c)
07-1700-832,5-15-07,1  Added,9-125—9-129
07-1700-833,6-19-07,,24-3
,,,24-35
07-1700-834,6-19-07,1  Added,"Ch. 22, Art. II, Div. 2 (tit.)"
,,,"22-26(3),(4)"
,,,22-28
07-1700-837,7-17-07,1,31-28(a)(2)
,,2,31-28(c)
07-1700-840,9-18-07,1,31-29(f)(4)c.ii.
07-1700-841,11-20-07,1,31-20(b)(8)
,,2,31-20(c)
,,Added,31-20(c)(2)
08-1700-844,2-19-08,1,2-201
08-1700-846,3- 4-08,,"25-7, 25-8"
08-1700-847,3-11-08,1  Added,13.1-1—13.1-10
08-1700-849,3-18-08,1,31-29(d)2c
08-1700-854,6-17-08,,"24-3(b), 24-35"
08-1700-855,7-16-08,1  Rpld,25-24
,,Added,25-24
08-1700-856,10-21-08,1  Rpld,"31-46(c)(1)b—d, g—i"
,,Rnbd,"31-46(c)(1)e, f, j"
,,as,31-46(c)(1)b—d
08-1700-860,11-18-08,1,2-182(e)
,,2,2-205(b)
,,3,22-1
09-1700-864,2-17-09,1,31-6
,,2,31-17.B
,,3,31-33(j)
09-1700-869,4-21-09,1  Added,24-28.1
09-1700-874,6-16-09,1  Rpld,18-21—18-24
,,Added,18-21—18-24
09-1700-876,6-16-09,,24-3
,,,24-35
09-1700-878,9-15-09,1  Rpld,24-5
,,Added,24-5
09-1700-880,10-20-09,1  Added,2-15
10-1700-885,2- 2-10,1  Added,24-48(a)(19)
10-1700-888,4-20-10,1,24-28(e)
10-1700-891,6-15-10,,24-3
,,,24-35
10-1000-892,6-15-10,Added,2-163(note)
10-1700-894,8- 5-10,1,Ch. 8(title)
,,2  Added,"Ch. 8, Art. I(title)"
,,3  Added,8-11—8-30
10-1700-889,5-18-10,1,22-27
,,2,"22-27(1), (2)"
,,3,22-28
,,"4, 5","22-31, 22-32"
11-1700-901,4-19-11,1,2-8
11-1700-902,4-19-11,1  Rpld,22-7
,,Added,22-7
11-1700-903,5-24-11,1,"Ch. 31, Art. X(title)"
,,Rnbd,31-34
,,as,31-54.1
,,2,31-6
,,3,31-14(d)
,,4,31-15(d)
,,5,31-16(d)
,,6,31-17(d)
,,7,31-17.A(d)
,,8,31-17.B(c)
,,9,31-18(d)
,,10,31-19(d)
,,11,31-20(c)
11-1700-904,5-24-11,1,31-44(title)
,,Added,31-44(c)
,,2  Rnbd,31-46(c)(7)
,,as,31-44(d)
,,3  Rpld,31-46(c)(8)
11-1700-905,5-24-11,1  Added,31-52(c)
,,2,31-49(b)(3)
,,"3, 4","31-55(b)91), (c)(1)"
11-1700-906,5-24-11,1  Rpld,14-114
,,,14-115—14-129
,,,24-50(b)
11-1700-910,6-21-11,,24-3
,,,24-35
11-1700-911,6-21-11,1  Added,31-52(d)
11-1700-914,11- 1-11,1  Added,26-3(tit.)
,,Added,26-3(c)
,,2,26-5(tit.)
,,,26-5
12-1700-916,1-24-12,1,31-6
,,2,31-17.A
,,3  Added,31-19.A
,,4  Added,31-20.A
12-1700-917,2- 7-12,1  Added,22-210—22-227
12-1700-920,4- 3-12,1,14-120(b)
12-1700-921,4- 3-12,1,31-6
12-1700-922,4- 3-12,1,31-20
12-1700-924,5- 1-12,1  Added,31-33.3
12-1700-927,5-15-12,1,25-24(a)—(c)
12-1700-930[A],6-19-12,1,31-29(f)(4)
12-1700-930[B],5-15-12,1  Added,31-13(h)
12-1700-931,7-31-12,1,31-31
12-1700-936,10- 2-12,1,"25-61—25-63,"
,,,"25-71—25-79,"
,,,25-86—25-100.9
13-1700-942,4-16-13,1,22-212
,,2,22-213
13-1700-945,7-16-13,,24-3
,,,24-35
14-1700-952,5-20-14,,2-203
14-1700-953,6- 3-14,,24-3
,,,24-35
14-1700-954,6- 3-14,1,5-25
,,,5-26
14-1700-956,6- 3-14,1,2-175
14-1700-957,7-15-14,1,8-1—8-56
14-1700-958,10- 7-14,1,7-1—7-12
14-1700-959,10-21-14,1,25-24—25-26
,,Rnbd,25-28—25-32
,,as,25-27—25-31
,,Added,25-32
,,,25-33
14-1700-963,12- 2-14,1,"22-27(1), (2)"
,,2,22-28
,,3,22-31
15-1700-964,2-24-15,2,2-2
15-1700-965,3- 3-15,1  Added,2-16
15-1700-970,6- 2-15,1  Added,24-40
15-1700-973,9- 1-15,1,14-114—14-129
16-1700-981,1- 5-16,1,"31-27, 31-28"
16-1700-982,2- 2-16,1,25-30
16-1700-983[A],4- 5-16,1,8-2—8-9
16-1700-983[B],4- 5-16,1  Rpld,8-56
,,2  Added,8-12(j)
,,3  Added,8-57—8-66
16-1700-987,5- 3-16,1,25-25(b)(3)a.
,,,25-31(a)
,,,"25-32(b), (c)(3)—(5)"
,,2  Added,25-34
16-1700-993,6-21-16,1  Rnbd,"Ch. 13.3, Art. II"
,,as,"Ch. 13.3, Art. III"
,,2  Added,13.3-15—13.3-20.1
17-1700-999,4- 4-17,1,14-1
,,,14-12
,,,14-15
,,Rpld,14-16
,,Rpld,14-18
,,,14-19
17-1700-1000,4-19-17,1,22-46
,,2,22-49
17-1700-1001,5- 2-17,1  Added,24-41
17-1700-1004,6- 6-17,1,22-152
17-1700-1005,5-16-17,1,14-114—14-126
17-1700-1007,8-15-17,1,24-41
18-1700-1011,2-20-18,1,2-8
,,2,2-127
18-1700-1013,3-20-18,1,15-3—15-6
,,,15-8
,,,15-10
18-1700-1015,6-19-18,1,1-2
,,2,21-46
,,3,31-10
,,4,31-29(c)(2)
,,5,31-32(c)(9)
,,6,31-33.2(a)
,,7,31-37(g)
,,8  Added,31-44.1
,,9,31-45(c)(4)e.
,,10,"31-52(b), (c)"
,,11,"31-54.1(g)(2), (5)"
,,12,31-56(c)(10)
18-1700-1016,6-19-18,,24-3
,,,24-35
18-1700-1019,6-19-18,1,24-53.1(a)
,,2,24-57.1
,,3  Added,24-57.2
18-1700-1020,6-19-18,1  Rpld,22-151—22-164
,,Added,22-151—22-165
18-1700-1022,7-17-18,1,31-29
,,2,31-33.2(b)
18-1700-1024,12- 4-18,1  Rnbd,31-15(h)
,,as,31-15(i)
,,Added,31-15(h)
19-1700-1028,1-22-19,1  Added,31-34
19-1700-1033,6- 4-19,1,14-114—14-128
19-1700-1034,6-25-19,1,2-23—2-27
19-1700-1037,7-16-19,1,2-10
19-1700-1039,7-16-19,,24-3
,,,24-35
19-1700-1041,12-17-19,1,24-57.2(a)
19-1700-1042,12-17-19,1,"31-17(b), (d)"
,,2,"31-17.A(b), (d)"
,,3,31-33.2(b)
20-1700-1044,1-21-20,1,22-212
20-1700-1045,2- 4-20,1,2-175
20-1700-1047,3- 4-20,1,31-6
,,2,31-20(b)(8)
,,Added,"31-20(d)(5), (6)"
20-1700-1048,3- 4-20,1  Added,"17.1-40, 17.1-41"
20-1700-1060,7-21-20,,24-3
,,,24-35
20-1700-1062,8-18-20,1  Rpld,24-49
,,2,24-47
20-1700-1063,9-15-20,1,20-3
20-1700-1064,9-15-20,1,24-48(a)(19)
20-1700-1065,10- 6-20,1,2-75
20-1700-1067,11- 4-20,1,2-175
20-1700-1068,11- 4-20,1,31-31
21-1700-1074,4- 6-21,1,31-27
21-1700-1075,5-18-21,1  Added,24-42
21-1700-1076,6-15-21,1  Added,24-43
21-1700-1080,6-22-21,,24-3
,,,24-35
