Code of Va.  Section,norton
1-13.3 et seq.,1-2
1-13.9,1-3
"Tit. 2-1, Ch. 21",25-80
2.1-342(c),25-80
2.2-3100,18-567
2.2-3100 et seq.,18-57
2.2-3700 ets eq.,18-39
2.2-4301.1,18-7.1
2.2-4302.1,18-3.5
2.2-4303,18-42
2.2-4303.2,18-7.2
2.2-4304,18-8
2.2-4305,18-9
2.2-4309,18-10
2.2-4310,18-11
,18-12
2.2-4311.1,18-13
2.2-4311.2,18-14
2.2-4312,18-15
2.2-4315,18-16
2.2-4316,18-17
2.2-4317,18-18
2.2-4318,18-19
2.2-4319,18-20
2.2-4320,18-21
2.2-4321,18-22
2.2-4323.1,18-23
2.2-4324,18-24
2.2-4328,18-25
2.2-4329.1,18-26
2.2-4330,18-27
2.2-4331,18-28
2.2-4332,18-29
2.2-4333,18-30
2.2-4334,18-31
2.2-4335,18-32
2.2-4336,18-33
2.2-4337,18-34
2.2-4338,18-35
2.2-4339,18-36
2.2-4340,18-37
2.2-4341,18-38
2.2-4342,18-39
2.2-4332.1 ets eq.,18-40
2.2-4345,18-42
2.2-4352,18-43
2.2-4353,18-44
2.2-4354,18-45
2.2-4355,18-48
2.2-4357,18-46
2.2-4358,18-47
2.2-4360,18-49
2.2-4361,18-50
2.2-4362,18-51
2.2-4363,18-53
2.2-4365,18-54
2.2-4366,18-56
2.2-4367,18-56
2.2-4369,18-58
2.2-4370,18-59
2.2-4371,18-60
2.2-4372,18-61
2.2-4373,18-62
2.2-4374,18-63
2.2-4376,18-64
2.2-4377,18-65
2.2-4378 et seq.,18-7
2.2-5200 etseq.,18-42
3.1-796.66,"4-2, 14-318"
3.1-796.66—3.1-796.129  Ch. 4,3.1-796.66—3.1-796.129  Ch. 4
3.1-796.68,14-321
3.1-796.69,14-319
3.1-796.70,14-320
3.1-796.71,14-320
3.1-796.72,14-320
3.1-796.73,14-320
3.1-796.83:1,14-319
3.1-796.83:2,14-320
3.1-796.85,4-61
3.1-796.87,4-2
3.1-796.88,14-321
3.1-796.93,4-2
3.1-796.94,Ch. 4
3.1-796.95,14-321
3.1-796.96,4-32
,4-32(b)
3.1-796.97:1,4-91
3.1-796.98,"4-92—4-95,"
,14-321
3.1-796.100,"Ch. 4, Art. IV,"
,14-321
3.1-796.104,4-3
3.1-796.111,14-321
3.1-796.118,14-319
3.1-796.119,4-122
3.1-796.121,"4-40, 14-321"
3.1-796.122,"14-311, 14-312"
,"14-319, 14-320"
3.1-796.123,"14-313, 14-320"
3.1-796.125,"14-314, 14-315"
,14-320
3.1-796.126,14-321
3.1-796.128,4-36
3.2-6546,4-72
3.2-6548,4-72
4-1 et seq.,11-31(b)
4-38,11-31
4-75.1,14-4.1(a)
4-78,"14-4.1(a), (c)"
4-97,14-4
4-98.19,11-32
4.1-343,14-394
10.1-115,14-2.1
10.1-604 et seq.,7-2
10.1-1100 et seq.,7-2
10.1-1163B,7-2
10.1-1400 et seq.,Ch. 9
10.1-1424,9-10
Tit. 13.1,18-14
13.1-501 et seq.,11-82
13.1-554,11-38
14-74.1,18.2-147
"Tit. 15.1, Ch. 1.1","Char., § 2.2"
"Tit. 15.1, Ch. 11","App. A, § 6-1(a)(1)"
"Tit. 15.1, Ch. 11, Art. 4","App. A, § 2-8"
15.1-11,9-12
15.1-14,Ch. 22
15.1-15,Ch. 5
,Ch. 8
15.1-19.5,1-2
15.1-27.1,13-3
15.1-37.3,1-1
,"1-9, 1-10"
15.1-48,14-2.1
15.1-133.1,16-2
15.1-136.1—15.1-136.7  2-1,15.1-136.1—15.1-136.7  2-1
15.1-138,Ch. 16
15.1-140.1,14-297
15.1-159.2,"16-31, 14-2.1"
15.1-159.2 et seq.,"Ch. 16, Art. II"
15.1-159.4,"16-32, 16-33"
,14-2.1
15.1-159.5,16-34
15.1-159.6,16-35
15.1-159.7,16-35
15.1-292,Ch. 25
15.1-320,Ch. 25
15.1-335,Ch. 25
15.1-363—15.1-426,Ch. 22
15.1-431,26.1-61
,"App. A, § 8-2(b)"
"15.1-465, 15.1-466",App. A
15.1-475,"App. A, § 5-7(a)"
15.1-495,26.1-43
15.1-837—15.1-907,"Char., § 2.1"
15.1-841,Ch. 23
"15.1-855, 15.1-856",Ch. 25
15.1-857,Ch. 9
15.1-865,8-71
,Ch. 12
15.1-869,Ch. 5
15.1-870,Ch. 4
15.1-875,Ch. 25
15.1-876,Ch. 25
,25-7
15.1-879,Ch. 9
15.1-888 et seq.,Ch. 22
"15.1-901, 15.1-902",1-11
15.1-905,1-11
15.1-1241,25-2
15.1-1373 et seq.,2-102
,2-125
15.1-1376,2-101
15.1-1385,2-129
15.1-1387,2-122
15.1-4111,"Ch. 17, Art. II"
"Tit. 15.2, Ch. 25",23-332
15.2-870,"4-6, 4-8"
15.2-900,14-406
15.2-906,5-2
15.2-1115,14-9.5
,14-406
15.2-1429,14-9.5
15.2-1432,14-9.5
15.2-2204,26.1-52
,26.1-61
15.2-2208,26.1-53
,26.1-61
15.2-2209,26.1-53
15.2-2212 et seq.,26.1-52
15.2-2222.1,26.1-52
15.2-2279—15.2-2283,26-1.1
15.2-2280,26.1-31
15.2-2285,26.1-52
15.2-2286,26.1-53
15.2-2296,26.1-71
15.2-2309,26.1-51
15.2-5158,18-41
15.2-5758,18-41
15.2-6400,18-41
16.1-228,14-22
16.1-278.9,14-376
,14-379
16.1-309.1 et seq.,18-42
Tit. 18.2,"14-265, 14-371"
18.2-9,1-11
18.2-11,1-11
"18.2-18, 18.2-19",14-22
18.2-27,14-1
18.2-38,14-2.2
18.2-42,14-2.3
18.2-50,14-298
18.2-56,14-3
18.2-56.1A,14-135
18.2-56.2,14-135.1
18.2-57,14-2
18.2-57.1,14-2.1
18.2-60,14-19
18.2-60.3,14-20
"18.2-61, 18.2-63",14-22
18.2-66,14-22
18.2-68,14-22
18.2-81,14-81
18.2-87,14-82
18.2-87.1,14-83
18.2-88,14-84
18.2-96,14-51
18.2-96.1,14-52
18.2-102.1,14-53
18.2-103,14-54
18.2-104,14-54.1
18.2-104.1,14-54.2
18.2-105,14-54.3
18.2-105.1,14-54.4
18.2-106,14-54.5
18.2-108,14-55
18.2-119—18.2-121,14-56—14-58
18.2-125,14-59
18.2-127,14-70
18.2-128,14-60
18.2-130,14-62
18.2-132,14-64
18.2-133,14-65
18.2-134,14-66
18.2-134.1,14-66.1
18.2-135,14-67
18.2-136,14-67.1
"18.2-137, 18.2-138","14-68, 14-69"
18.2-139,14-72
18.2-140,14-71
18.2-141,14-73
18.2-143,14-72.1
18.2-144,14-317
18.2-144.2,14-318
18.2-146—18.2-148,14-74
18.2-148,14-74.3
18.2-152,14-75
18.2-159,14-60.1
18.2-162,14-76
18.2-162.1,14-78
18.2-163,14-77
"18.2-164, 18.2-165","14-79, 14-80"
18.2-165.2,14-21
18.2-166,14-7
18.2-174—18.2-176,14-101—14-103
18.2-174.1,14-102.1
18.2-178,14-117
18.2-179,14-104
18.2-181—18.2-184,14-105—14-108
18.2-186,14-109
"18.2-188, 18.2-189","14-110, 14-111"
18.2-200.1,14-112
18.2-204.1,14-113
18.2-204.2,14-113.1
18.2-212,14-114
18.2-215,14-118
18.2-216,14-115
18.2-218,14-116
18.2-247,14-371
18.2-248,14-372
18.2-248.1,14-373
18.2-248.5,14-372
18.2-250,14-374
18.2-250.1,14-375
18.2-251,14-376
18.2-253,14-394
18.2-257,14-377
18.2-259,14-378
18.2-259.1,14-379
18.2-264,14-380
18.2-265.1,14-391
18.2-265.2,14-392
18.2-265.3,14-393
18.2-265.4,14-394
18.2-266 et seq.,13-2
18.2-280,14-137
18.2-282,14-136
18.2-283,14-134
18.2-284,14-141
18.2-286,14-138
18.2-308,"14-131, 14-132"
18.2-308.1,14-131
,14-133
18.2-309,14-142
18.2-310,14-132
,14-143
18.2-311,14-140
18.2-311.1,14-138.1
"18.2-316, 18.2-317","14-11, 14-12"
"18.2-319, 18.2-320","14-13, 14-14"
18.2-322,14-15
18.2-323,14-316
18.2-323.1,14-3.1
18.2-324,14-16
"18.2-325, 18.2-326","14-161, 14-162"
18.2-327,14-162.1
18.2-329—18.2-331,14-163—14-165
18.2-334,14-167
18.2-334.2—18.2-334.4  14-168—14-170,18.2-334.2—18.2-334.4  14-168—14-170
18.2-336,14-166
18.2-340.1,"3-81, 14-168"
18.2-340.1—18.2-340.14  3-113(1),18.2-340.1—18.2-340.14  3-113(1)
18.2-340.2,"3-82, 14-168"
18.2-340.3,"3-83, 3-84"
18.2-340.4,3-85
18.2-340.5,3-86
18.2-340.6,3-87
18.2-340.7,3-88
18.2-340.8,"Ch. 3, Art. III"
18.2-340.9D,3-85
18.2-340.10,"3-90, 3-91"
18.2-340.11,3-91
18.2-340.12,3-90
18.2-344—18.2-349,14-191—14-196
18.2-347,14-22
18.2-350,14-194—14-196
18.2-361,14-193
18.2-371,14-22
18.2-372—18.2-377,14-211—14-216
18.2-379,14-217
"18.2-380, 18.2-381",14-218
18.2-383,14-220
18.2-387,14-219
18.2-388,14-269
18.2-389,"Ch. 14, Art. VII"
,14-269
18.2-390,14-231
18.2-391(a),14-233
18.2-391(b),14-234
"18.2-391(c), (d)",14-235
18.2-391(e),14-232
18.2-391.1,14-236
18.2-403.1,14-319
18.2-403.2,14-320
18.2-403.3,14-321
18.2-404,14-261
18.2-405,14-263
18.2-407,14-264
18.2-409,14-291.1
18.2-414.1,14-23
18.2-414.2,14-297
18.2-415,14-265
"18.2-416, 18.2-417","14-267, 14-268"
18.2-419,14-266
"18.2-427, 18.2-428","14-270, 14-271"
18.2-432,3-1
18.2-433,"Ch. 3, Art. II"
,"Ch. 3, Art. II, Div. 2"
,3-59
18.2-438 et seq.,18-56
"18.2-460, 18.2-461","14-291, 14-292"
18.2-462,14-119
18.2-462.1,14-299
"18.2-463, 18.2-464","14-293, 14-294"
"18.2-473, 18.2-474","14-295, 14-296"
18.2-491.1 et seq.,18-56
18.2-510,4-11
19.2-78,14-102
"Tit. 21, Ch. 1",7-2
23-232 et seq.,14-132(c)(6)
24.1-1,15-31
24.1-1 et seq.,Ch. 6
24.1-36,Ch. 6
"Tit. 25, Ch. 1.1","Char., § 2.2"
Tit. 25.1,14-401
,14-405
27-1,8-48
27-1 et seq.,Ch. 8
27-6.1,8-32
27-17,8-49
27-20—27-22,8-50
29.1-200 et seq.,14-132(c)(2)
29.1-422,14-321
32.1-163—32.1-166,Ch. 25
32.1-167—32.1-176,Ch. 25
32.1-276.2,23-337
32.1-289 et seq.,15-31
"Tit. 33.1, Ch. 1","Char., § 2.2"
33.1-1—33.1-132,"Char., § 2.2, A"
33.1-43,"App. A, § 6-3(a)(2)"
33.1-346,9-6
33.1-346.1,9-6
33.1-348,13-3(a)(5)
36-49.1:1 et seq.,14-401
36-86—36-96,10-31
36-95B,10-35
36-96,"Ch. 10, Art. II"
36-97 et seq.,5-31
36-103,5-31
36-105,5-31
,5-34
37.2-100,18-42
40.1-76,15-31
Tit. 45.1,7-5
45.1-1 et seq.,Ch. 12
Tit. 46.2,13-2
,13-25(b)
46.2-100,13-8.1
,13-24(a)
,14-60
46.2-301,14-379
46.2-310,24-51
46.2-341.1 et seq.,14-379
46.2-390.1,14-376
46.2-398,14-379
46.2-600,13-36
46.2-650—46.2-750,13-3
46.2-731,13-60
46.2-739,13-60
46.2-752,13-34
46.2-828,13-13
"46.2-928, 46.2-929",13-23
46.2-941,13-71
46.2-1047,13-19
46.2-1213,13-73
46.2-1214,13-73
46.2-1215,"13-74, 13-75"
46.2-1217,13-73
46.2-1220,"Ch. 13, Art. III"
,13-72
46.2-1225,13-70
46.2-1233,13-75
"46.2-1237, 46.2-1238",13-60
46.2-1301,13-6
46.2-1304,"13-8, 13-9"
46.2-1313,13-2
Tit. 50,18-14
53.1-1,"14-374, 14-375"
53.1-29,14-132(d)(4)
54.1-400 et seq.,7-2
54.1-400,18-7.2
54.1-2900,11-38(c)
"Tit. 54.1, Ch. 34","14-371, 14-373"
54.1-3400 et seq.,"14-371, 14-374,  14-375, 14-378"
54.1-3401,14-380
54.1-4100,17-31
"54.1-4101A,  54.1-4101B",17-40
54.1-4101C,17-36
54.1-4102,17-39
54.1-4103—54.1-4105  17-41—17-43,54.1-4103—54.1-4105  17-41—17-43
"54.1-4106, 54.1-4107",17-37
54.1-4108A,17-61
54.1-4108B,"17-62, 17-63"
54.1-4108C,17-63
54.1-4108D,"17-65, 17-66"
54.1-4108E,17-38
54.1-4109A,17-34
54.1-4109B,17-32
54.1-4109C,17-33
54.1-4110A,17-35
54.1-4110B,17-67
55-79.1,13-25
56-345 et seq.,Ch. 19
56-412.1,19-4
,19-6
56-414,19-3
57-48,15-31
57-49,15-40
57-51(b),15-41
57-52,15-42
57-52.1,15-43
"57-53, 57-54","15-44, 15-45"
"57-55.1, 57-55.2",15-49
57-56,15-46
"57-57A, 57-57B",15-55
"57-57C, 57-57D","15-56, 15-57"
"57-57E, 57-57F",15-52
57-57G,15-50
"57-57H, 57-57I","15-53, 15-54"
57-57J,15-48
57-57K,15-51
57-57L,15-55
57-57M,15-37
57-57N,15-58
57-57O,15-47
57-58,15-40
57-59(a),15-38
,15-47
57-59(b),15-37
57-59(c),15-39
57-60,15-33
57-60(d),15-32
57-61,15-43
,15-48
57-62,15-35
57-63,"Ch. 15, Art. II"
57-63(d),15-32
57-67,15-36
Tit. 58.1,"11-6(d), (e)"
,11-82
58.1-1 et seq.,Ch. 23
58.1-15,23-155
58.1-600 et seq.,23-111
58.1-605B,23-111
58.1-605C,23-112
58.1-605D,23-114
58.1-608,23-113
58.1-609.3.18,23-6
58.1-628,23-114
58.1-814,23-131
58.1-1201,23-151
58.1-1205,23-151
58.1-1207,"23-153, 23-154"
58.1-1208,23-152
58.1-1211,23-152(a)
58.1-1216,23-155
58.1-1821,11-86
58.1-1822,11-86
58.1-2901,23-282
58.1-3000 et seq.,Ch. 23
58.1-3013,2-6(b)
58.1-3210,"Ch. 23,  Art. II, Div. 4"
"58.1-3220, 58.1-3221","Ch. 23, Art. II,  Div. 2"
,"Ch. 23,  Art. II, Div. 3"
58.1-3222,23-3
58.1-3504,23-4
58.1-3523,23-331
"Tit. 58.1, Ch. 37",11-82
58.1-3701,11-82
58.1-3702 et seq.,"Ch. 11, Art. II"
"58.1-3703(B), (C)",11-90
58.1-3703B,11-6
58.1-3703B 10,23-261
58.1-3709,11-84
58.1-3712,"11-52—11-55,"
,11-88
58.1-3712.1,11-88
58.1-3713,"11-66—11-68,"
,11-88
58.1-3714.B,11-82
58.1-3715,11-82—11-84
58.1-3717,11-83
58.1-3718,11-83
58.1-3728,11-83
58.1-3719.1,11-88
58.1-3727,11-39(g)
58.1-3731,11-83
58.1-3800,23-131
58.1-3800 et seq.,23-132
58.1-3812,23-222
58.1-3813,"23-251, 23-252"
,23-255
,23-261
,23-282
58.1-3814,23-222
,23-282
58.1-3840,23-172
,23-192
,23-193(12)
58.1-3903,11-85
58.1-3906,23-197
58.1-3912(A),23-333
58.1-3916,11-9
,11-83
,23-2
58.1-3921,23-333
58.1-3940,11-85
58.1-3984,"11-85, 11-86"
58.1-4000 et seq.,14-169
59.1-142,8-71
59.1-143,8-74
"59.1-144, 59.1-145","8-72, 8-73"
59.1-146—59.1-148,8-71
59.1-353 et seq.,14-170
62.1-44.2 et. seq.,7-2
62.1-44.15 et. seq.,7-2
"Tit. 63.1, Ch. 3",2-73
63.1-38.1,2-71
63.1-43,2-72
63.1-43.1,2-74—2-77
63.1-59.1,2-71
63.1-60,2-72
63.2-100,18-42
65.2-800 et seq.,18-29
