Code of  Virginia,onancock
1-13.1—1-15,1-2
1-200 et seq.,1-2
1-210,1-2
1-213,1-2
1-216,1-2
1-217,1-3
1-223,1-2
1-227,1-2
1-228,1-2
1-231,1-2
1-240,1-6
1-245,1-2
1-250,1-2
2-230,1-2
2.2-614.1,16-21
2.2-3100 et seq.,Ch. 2 (note)
2.2-3700 et seq.,Ch. 2 (note)
—,2-4
—,"Ch. 2, Art. II, Div. 2"
2.2-3701,2-4
2.2-3711,2-4
2.2-3711A.1,2-4
2.2-3711A.3,2-4
2.3-3711A.7,2-4
2.2-4300 et seq.,Ch. 2 (note)
tit. 3.2,4-3
3.2-6500 et seq.,Ch. 4 (note)
3.2-6503,4-94
3.2-6540,"Ch. 4, Art. III, Div. 2"
3.2-6540A,4-83
3.2-6540B,4-84
3.2-6540C,4-85
3.2-6540D,4-86
3.2-6540E,4-87
3.2-6540F,4-88
—,4-92
3.2-6540G,4-89
3.2-6540H,4-90
3.2-6540I,4-91
3.2-6540K,4-93
3.2-6540L,4-94
3.2-6540M,4-95
3.2-6540O(1—3),4-96
3.2-6540P,4-97
—,4-98
—,4-99
3.2-6540Q,4-100
3.2-6543,4-60
3.2-6544,Ch. 4 (note)
3.2-6546,4-61
3.2-6556,4-100
3.2-6562,4-99
3.2-6570A,4-3
3.2-6570C—E,4-3
10.1-1127.1,"Ch. 2, Art. II, Div. 2"
13.1-501 et seq.,16-379
15.1-837—15.1-907,Char. 3
15.1-845,Char. 6
tit. 15.2,34-22
"tit. 15.2, ch. 7, art. 2",32-58
"tit. 15.2, ch. 22, art. 7",38-2
15.2-104,34-6
15.2-106,Ch. 2 (note)
—,16-20
15.2-900,"Ch. 16, Art. V"
15.2-900 et seq.,"Ch. 16, Art. V"
15.2-901,"Ch. 16, Art. III"
—,"Ch. 16, Art. V"
15.2-902,"Ch. 16, Art. II, Div. 2"
15.2-903,16-391
15.2-904,14-165
—,"Ch. 16, Art. VI"
15.2-906,"Ch. 6, Art. III"
15.2-909,"Ch. 36, Art. II"
15.2-926,24-12
15.2-938,Ch. 2 (note)
15.2-974,24-8
15.2-1100 et seq.,Char. 3
15.2-1104,Ch. 16 (note)
—,"Ch. 16, Art. X"
15.2-1107,Char. 6
15.2-1111,Ch. 10 (note)
15.2-1121,Ch. 10 (note)
15.2-1400,Char. 5
15.2-1412,Ch. 2 (note)
15.2-1425,Ch. 2 (note)
15.2-1426,1-10
15.2-1428,Ch. 2 (note)
15.2-1429,1-14
15.2-1433,1-1
—,1-11
15.2-1512,2-1
15.2-1518,Ch. 2 (note)
15.2-1522,Ch. 2 (note)
—,2-1
15.2-1522 et seq.,Char. 5
15.2-1540,"Ch. 2, Art. II, Div. 2"
15.2-1701,"Ch. 20, Art. II"
15.2-1704,"Ch. 20, Art. II"
—,22-20
15.2-1712,22-24
15.2-1719,22-54
15.2-1720,22-54
—,22-58
15.2-2000 et seq.,Ch. 30 (note)
15.2-2015,Ch. 30 (note)
15.2-2109,Ch. 34 (note)
15.2-2118,34-6
15.2-2119,34-6
15.2-2122,Ch. 34 (note)
15.2-2122 et seq.,Ch. 34 (note)
15.2-2134 et seq.,Ch. 34 (note)
15.2-2200—15.2-2209,Ch. 32 (note)
15.2-2200,38-2
15.2-2204,32-7
—,38-347
—,38-477
—,38-497
—,38-525
—,38-526
—,38-527
—,38-576
15.2-2232,38-602
15.2-2240,Ch. 32 (note)
15.2-2243,32-172
15.2-2280—15.2-2316,Ch. 38 (note)
—,38-2
15.2-2280,20-19
—,38-1
15.2-2286,38-575
15.2-2286A3,38-1
15.2-2400 et seq.,Ch. 2 (note)
15.2-2500,Ch. 2 (note)
—,16-19
15.2-2500 et seq.,Ch. 2 (note)
15.2-2503,Ch. 2 (note)
15.2-2600 et seq.,Ch. 2 (note)
15.2-3105,"Ch. 36, Art. II"
"tit. 16.1, ch. 11",26-1
16.1-278 et seq.,26-1
17.1-223,32-8
17.1-279.1,26-10
"tit. 18.2, ch. 7, art. 2",26-1
18.2-11,1-14
—,24-8
—,24-7
—,26-9
18.2-12,1-14
18.2-174,22-23
18.2-175,22-23
18.2-208.02—18.2-308.011,24-11
18.2-266 et seq.,26-1
18.2-280A,24-7
18.2-308,24-8
18.2-308.01,24-11
18.2-308.010B,24-11
18.2-308.012A,24-8
18.2-308.016,24-8
18.2-308A,24-11
18.2-310,24-8
18.2-324,28-21
18.2-415,24-3
—,24-5
18.2-510,4-1
19.2-250,1-14
19.2-260 et seq.,4-88
21-118.4,Ch. 34 (note)
24.2-224,Char. 5
27-6.01 et seq.,"Ch. 18, Art. II"
27-8 et seq.,18-33
27-14,18-34
27-42,18-34
27-94 et seq.,18-1
27-96.1,24-8
27-96.2,24-8
27-97,24-8
28.2-1300,38-2
tit. 29.1,4-3
32.1-163—32.1-166,Ch. 34 (note)
32.1-167,34-171
"tit. 32.1, ch. 2, art. 3.02, § 32.1-48.05 et seq.",12-1
33.2-802,28-21
36-97 et seq.,"Ch. 4, Art. II"
—,6-19
36-105,6-20
tit. 38.2,8-52
38.2-100 et seq.,8-52
40.1-100 D.3,18-34
42.1-76 et seq.,Ch. 2 (note)
44-146.16,12-1
44-146.21,12-1
tit. 46.2,14-161
—,Ch. 26 (note)
—,26-1
—,26-110
"tit. 46.2, art. 9",26-1
"tit. 46.2, ch. 12, art. 1",26-8
46.2-100,14-161
—,16-74
—,26-103
—,26-136
46.2-113,26-9
46.2-472,26-109
46.2-752,16-246
—,16-251
—,"Ch. 26, Art. III"
—,26-71
46.2-752(c),16-249
46.2-755,16-244
—,"Ch. 26, Art. III"
—,26-71
46.2-800,26-5
46.2-903 et seq.,"Ch. 26, Art. V"
46.2-904,26-161
46.2-916.1 et seq.,"Ch. 26, Art. IV"
46.2-916.2,26-102
46.2-932,30-23
—,30-50
46.2-936,28-21
46.2-1081,26-104
—,26-105
—,26-110
46.2-1200—46.2-1208,26-8
46.2-1209—46.2-1215,26-8
46.2-1220,26-37
46.2-1225,26-41
46.2-1239,26-37
46.2-1300—46.2-1314,Ch. 26 (note)
46.2-1313,26-1
48-1 et seq.,"Ch. 16, Art. V"
49-1,Ch. 2 (note)
—,2-1
53.1-29,24-8
54.1-3401,38-1
54.1-4000 et seq.,8-28
54.1-4100,8-19
54.1-4100 et seq.,"Ch. 8, Art. II"
54.1-4101,8-20
54.1-4101.1,8-21
54.1-4102,8-22
54.1-4103,8-23
54.1-4104,8-24
54.1-4105,8-25
54.1-4106,8-26
54.1-4107,8-27
54.1-4108,8-28
54.1-4109,8-29
54.1-4110,8-30
54.1-4111,"Ch. 8, Art. II"
"tit. 55, ch. 4.2",38-207
55-202—55-206,4-27
55.1-1900,38-207
55.1-2500 et seq.,"Ch. 22, Art. III"
—,22-55
55.1-2810—55.1-2813,4-30
56-594,16-124
57-63,"Ch. 8, Art. III"
"tit. 58, ch. 35",16-206
tit. 58.1,16-379
"tit. 58.1, ch. 12",16-48
"tit. 58.1, ch. 37",16-379
"tit. 58.1, ch. 39",16-208
58.1-1 et seq.,"Ch. 16, Art. X"
58.1-1200 et seq.,"Ch. 16, Art. III"
58.1-1201,16-46
58.1-1201 et seq.,16-47
58.1-1204,16-47
58.1-1205,16-46
58.1-1206(3),16-48
58.1-1207,16-48
58.1-1209,"Ch. 16, Art. III"
—,16-47
58.1-1211,16-47
—,16-48
58.1-1212,16-48
58.1-1216,16-49
58.1-15,16-49
58.1-1730,16-126
58.1-1821,16-385
58.1-1822,16-385
58.1-2201,16-379
58.1-2901,16-127
58.1-3000 et seq.,Ch. 16 (note)
58.1-3005 et seq.,"Ch. 16, Art. X"
58.1-3500 et seq.,16-206
—,16-263
58.1-3506.1 et seq.,"Ch. 16, Art. VIII, Div. 2"
58.1-3507 et seq.,"Ch. 16, Art. VII"
58.1-3511,16-206
58.1-3516,16-207
58.1-3523,16-239
58.1-3524,"Ch. 16, Art. VI, Div. 3"
58.1-3700,"Ch. 16, Art. IX"
58.1-3700 et seq.,"Ch. 16, Art. X"
58.1-3701,16-379
—,16-382
58.1-3703.1A.1,16-380
58.1-3703.1A.2,16-381
58.1-3703.1A.2.b,16-381
58.1-3703.1A.3,16-382
58.1-3703.1A.4,16-383
58.1-3703.1A.5,16-384
58.1-3703.1A.6,16-385
58.1-3703.1A.7,16-386
58.1-3703.1A.8,16-387
58.1-3703.1A.9,16-388
58.1-3709,16-382
58.1-3712,16-390
58.1-3712.1,16-390
58.1-3713,16-390
58.1-3714B,16-379
58.1-3715,16-379
—,16-380
—,16-382
58.1-3716,16-390
58.1-3717,16-380
58.1-3718,16-380
58.1-3728,16-380
58.1-3731,16-380
58.1-3814,"Ch. 16, Art. V, Div. 2"
—,16-125
58.1-3814 et seq.,"Ch. 16, Art. V"
58.1-3814F,16-127
58.1-3814G,16-127
58.1-3819,"Ch. 16, Art. IV"
—,16-73
58.1-3819D,16-76
58.1-3826,16-73
58.1-3833,"Ch. 16, Art. IX"
58.1-3840,16-342
—,16-343
—,16-344
58.1-3840 et seq.,"Ch. 16, Art. IX"
58.1-3903,16-383
58.1-3916,16-184
—,16-185
—,16-242
—,16-381
58.1-3916 et seq.,16-185
58.1-3940,16-383
58.1-3984,16-383
—,16-386
58.1-3986,16-382
58.1-3993,16-382
59.1-21.1 et seq.,"Ch. 8, Art. III"
62.1-128 et seq.,"Ch. 36, Art. II"
62.1-163,"Ch. 36, Art. II"
62.1-44.2 et seq.,Ch. 34 (note)
—,"Ch. 38, Art. X"
—,38-284
—,38-287
62.1-44.15:24 et seq.,38-345
62.1-44.15:51 et seq.,38-345
62.1-44.15:72,38-286
62.1-44.15:74,38-2
