Virginia,petersburg
1-13.3 et seq.,1-2
1-13.9,1-3
1-13.19,1-2
"1-13.32, 1-13.33",1-2
1-13.39:2,110-2
,110-211
1-13.42,14-36
1-220,22-31
,54-61
1-230,107-2
2.1-133.6,2-2
2.1-340 et seq.,Ch. 2
,Char. § 2-5
2.1-359 et seq.,2-168
2.1-517,Ch. 22
2.1-639.1 et seq.,Ch. 2
,2-66
,"2-501, 2-502"
2.1-639.23,1-16
2.2-1124(B)(1),2-432
2.2-1124(B)(12),2-434
2.2-3100 et seq.,2-435
,2-471
,2-472
2.2-3101,2-479
2.2-3112(A)(2)—(4),2-473
2.2-3700 et seq.,2-355
,2-492
,2-497
2.2-3799 et seq.,2-355
2.2-4027,114-287
2.2-4301,2-354
,2-422
2.2-4302.1,2-401
2.2-4303(A),2-395
"2.2-4303(C), (D)",2-421
2.2-4303(E),2-392
2.2-4303(F),2-393
2.2-4303(G),2-391
2.2-4304,2-394
2.2-4305,2-396
2.2-4308,2-398
2.2-4309,2-413
2.2-4311,2-424
2.2-4315,2-402
2.2-4316,2-403
2.2-4317,2-399
,2-400
2.2-4318,2-409
2.2-4319,2-426
2.2-4321,2-441
,2-442
,"Ch. 2, Art. VII, Div. 3, Subdiv. V"
2.2-4326,2-358
2.2-4328(A),2-410
2.2-4330,2-407
2.2-4331,2-411
2.2-4333,2-414
2.2-4334,2-415
2.2-4335,2-416
2.2-4336,2-404
2.2-4337,2-417
,2-499
2.2-4338,2-420
2.2-4339,2-405
2.2-4340,2-418
2.2-4341,2-419
2.2-4342,2-355
2.2-4343.1,2-397
2.2-4343—2.2-4346,2-353
2.2-4352,2-359
2.2-4357,2-451
2.2-4358,2-452
2.2-4359,2-453
2.2-4360,2-454
2.2-4361,2-455
2.2-4362,2-456
2.2-4363,2-457
2.2-4364,2-459
2.2-4365,2-458
,"Ch. 2, Art. VII, Div. 3, Subdiv. VI"
2.2-4366,2-460
2.2-4367,2-471
2.2-4368,2-472
2.2-4369,2-473
2.2-4370,2-475
2.2-4371(a),2-474
2.2-4371(b),2-476
2.2-4372,2-477
2.2-4373,2-478
2.2-4374,2-479
2.2-4375,2-480
2.2-4376,2-481
2.2-4377,2-482
2.2-5200—2.2-5214,2-353
3.1-361 et seq.,Ch. 62
3.1-562.4,Ch. 26
3.1-796.66 et seq.,Ch. 18
,"Ch. 18, Art. IV"
3.1-796.68,18-1
3.1-796.68 et seq.,"Ch. 18, Art. V"
3.1-796.69,18-192
,18-193
3.1-796.70,18-194
3.1-796.71,18-191
"3.1-796.72, 3.1-796.73","18-196, 18-197"
3.1-796.74,18-182
"3.1-796.75, 3.1-796.76","18-198, 18-199"
3.1-796.77,18-185
"3.1-796.85, 3.1-796.86","18-116, 18-117"
3.1-796.86,18-121
,18-126
"3.1-796.87, 3.1-796.88","18-118, 18-119"
3.1-796.89,18-122
3.1-796.90,18-121
3.1-796.91,18-124
3.1-796.92,18-122
3.1-796.93,18-91
3.1-796.93:1,"Ch. 18, Art. IV, Div. 3"
3.1-796.94:1,Char. § 4-1
,Ch. 18
,18-61
,18-183
3.1-796.96,18-94
,18-191
,18-204
,18-234—18-236
3.1-796.97:1,18-231
3.1-796.98,18-232—18-236
3.1-796.100,"Ch. 18, Art. VI"
3.1-796.104,18-1
,18-3
3.1-796.105,18-94
,18-153
,18-205
3.1-796.105(B),18-199
"3.1-796.107, 3.1-796.108","18-201, 18-202"
3.1-796.113,18-201
3.1-796.115,18-202
,18-205
3.1-796.119,18-147
3.1-796.122,18-183
3.1-796.128,18-200
3.1-796.128(A)(1),18-117
3.1-796.128(A)(2),18-120
3.1-796.128(A)(6),18-92
3.1-796.128(A)(8),18-123
3.1-884.17 et seq.,62-33
3.1-884.31,62-33
,62-34
tit. 3.2,18-184
3.2-2600,18-1
3.2-6500,18-1
,18-206
3.2-6503,18-1
,18-11
,18-12
,18-190
3.2-6508,18-206
3.2-6538,18-95
3.2-6543,18-95
3.2-6544,18-7
,18-10
,18-31
,18-61
3.2-6555,18-1
3.2-6571,18-184
tit. 4.1,Ch. 10
,10-1
,14-2
,14-36
4.1-100,106-4
4.1-205,10-1
4.1-233,10-1
8.01-296(1),18-6
8.01-296(2)(a)—(c),18-6
8.01-316—8.01-320,18-6
8.01-324,2-109
8.01-432 et seq.,107-5
9-169,70-32
tit. 10.1,58.31
10.1-506,50-125
10.1-560 et seq.,Ch. 50
,122-31
10.1-561 F.,50-125
10.1-562,Ch. 50
10.1-563(E),50-139
10.1-564,50-126
10.1-600,58-31
10.1-600 et seq.,Ch. 58
10.603.1 et seq.,50-125
,122-31
10.1-603.3,Ch. 50
10.1-604 et seq.,50-92
,50-126
10.1-1100 et seq.,50-92
,50-103
,50-126
10.1-1105,122-31
10.1-1142,54-4
10.1-1143,54-7
10.1-1163(B),50-92
,50-126
10.1-1321,Ch. 50
10.1-1400 et seq.,Ch. 94
10.1-1425,Ch. 62
10.1-1700 et seq.,Ch. 38
10.1-2100 et seq.,Ch. 122
,122-33
10.1-2107,50-125
,122-31
10.1-2109,122-31
11-35 et seq.,Ch. 2
13.1-501 et seq.,26-32
15-77.9,Char. § 7-2
15-448—15-454,Char. § 2-7
15.1-466(i),"App. A, § 33-20"
15.1-473,"App. A, § 33-2"
15.1-475,"App. A, § 33-26"
15.1-486,"App. B, Art. 35, § 3"
15.1-491.1,"App. B, Art. 26A, § 1"
15.1-503.2,"App. B, Art. 35, § 1"
15.1-837—15.1-915,Char. § 4-1
15.1-939—15.1-945,Char. § 2-7
tit. 15.2,Ch. 2
15.2-106,2-313
15.2-600 et seq.,"Ch. 26, Art. IV"
15.2-900 et seq.,22-196
15.2-900,1-15
,22-163
,Ch. 50
,50-61
15.2-901,50-62
,50-63
,Ch. 62
,Ch. 94
,94-1
15.2-904,110-471
15.2-906 et seq.,Ch. 22
15.2-911,"Ch. 70, Art. IV"
,70-124
,70-127
"15.2-911(B), (C)",70-122
15.2-912,"Ch. 26, Art. III"
,26-92
15.2-915.4,74-210
15.2-922,Ch. 54
15.2-922.1,54-4
15.2-927,Ch. 94
15.2-927 et seq.,Char. § 4-1
,"Ch. 94, Art. II"
15.2-930,Ch. 94
"15.2-932, 15.2-933",Ch. 94
15.2-940,Ch. 38
15.2-953,Ch. 54
15.2-958 et seq.,114-73
,114-218
15.2-958.3,107-1
15.2-967,Ch. 110
15.2-968.1,110-38
15.2-968.1(h),110-38
15.2-968.1(l),110-38
15.2-971,"Ch. 2, Art. VIII"
15.2-972,Ch. 30
15.2-974,54-6
15.2-980,50-34
15.2-1100 et seq.,Char. § 4-1
15.2-1104,Ch. 106
15.2-1107,Char. § 7-2
15.2-1110,Ch. 114
15.2-1111,Ch. 30
15.2-1113,Ch. 54
,74-208
15.2-1114,"Ch. 26, Art. IV"
15.2-1115,1-15
,22-163
,Ch. 50
,50-61
,50-63
,50-64
,94-1
,98-22
,98-132
15.2-1116,Ch. 54
15.2-1117,Ch. 22
15.2-1118,Ch. 54
15.2-1121,Ch. 30
,"Ch. 30, Art. II,  Div. 4"
,30-43
,30-86
15.2-1129.1,38-106
15.2-1412,2-285
15.2-1414.5,Char. § 2-7
,2-31
15.2-1414.6,Char. § 2-7
,2-31
15.2-1425,1-1
15.2-1429,1-14
15.2-1429 et seq.,Char. § 4-1
15.2-1430,1-14
15.2-1431,1-17
15.2-1432,1-14
15.2-1433,1-1
,"1-12, 1-13"
,Ch. 102
,Ch. 106
15.2-1505,Char. § 4-10
15.2-1510,Char. § 4-1
15.2-1527 et seq.,2-62
15.2-1542,1-16
15.2-1603,2-171
15.2-1627,1-16
15.2-1700,Ch. 14
15.2-1700 et seq.,Ch. 70
15.2-1705,70-32
15.2-1717.1,70-8
15.2-1719,70-151
15.2-1720,"Ch. 110, Art. VIII, Div. 2"
15.2-1800,114-407
15.2-1806 et seq.,Ch. 78
15.2-1808,Char. § 4-1
15.2-1812,74-98
15.2-2000 et seq.,Char. § 4-1
,Ch. 98
15.2-2010,98-13
,98-123
15.2-2015,Ch. 118
,"Ch. 118, Art. II"
15.2-2019,"Ch. 98, Art. II"
,98-51
15.2-2026,Ch. 110
"15.2-2028, 15.2-2029",Ch. 110
15.2-2109,"Ch. 114, Art. II"
15.2-2109 et seq.,Ch. 114
15.2-2111,114-283
15.2-2114,114-402
15.2-2122 et seq.,Ch. 114
,"Ch. 114, Art. III"
15.2-2134 et seq.,Ch. 114
,"Ch. 114, Art. II"
15.2-2143,"Ch. 114, Art. II,  Div. 4"
,114-38
,114-66
15.2-2143 et seq.,Char. § 4-1
15.2-2157,"Ch. 114, Art. III"
15.2-2200 et seq.,Ch. 82
15.2-2204,122-123
15.2-2210,82-31
15.2-2210 et seq.,Ch. 82
,82-33
15.2-2212,82-32
15.2-2240 et seq.,Ch. 102
15.2-2241,Ch. 102
15.2-2283,122-33
15.2-2500,2-311
15.2-4900 et seq.,Ch. 38
15.2-5702,74-102
16.1-123.1,Ch. 42
16.1-228,74-241
16.1-253,74-92
"16.1-253.1,  16.1-253.4",74-92
16.1-278 et seq.,74-441
,110-211
16.1-278.2—  16.1-278.6,74-92
16.1-278.8,74-92
16.1-278.14,74-92
16.1-278.15,74-92
16.1-279.1,74-92
16.1-309.2—16.1-309.10,2-353
17.1-208,30-87
17.1-238,Ch. 98
17.1-275.1—  17.1-275.4,1-17
17.1-279.1,42-5
17.1-281,42-2
tit. 18.2,Ch. 74
18.2-9,1-14
18.2-11,1-14
18.2-27,74-31
18.2-57,54-39
,74-61
"18.2-87, 18.2-88","54-2, 54-3"
18.2-103,"Ch. 74, Art. IV,  Div. 2"
,74-122
18.2-104,"Ch. 74, Art. IV,  Div. 2"
18.2-104.1,74-124
18.2-105,74-125
18.2-105.1,74-126
18.2-106,74-121
18.2-108,74-91
18.2-119,70-8
18.2-119—18.2-121,74-92—74-94
18.2-125,30-1
18.2-125 et seq.,Ch. 30
"18.2-127, 18.2-128","74-95, 74-96"
18.2-130,74-97
18.2-132—18.2-136,74-92
"18.2-137, 18.2-138","74-98, 74-99"
18.2-140,74-101
18.2-146—18.2-148,74-102
18.2-152,110-292
18.2-159—18.2-161,110-522—110-524
"18.2-162, 18.2-163","74-103, 74-104"
"18.2-174, 18.2-175","70-4, 70-5"
18.2-176,74-151
18.2-179,74-152
18.2-187.1,74-153
"18.2-188, 18.2-189","74-154, 74-155"
18.2-190.1,74-153
18.2-192,74-156
18.2-195,74-156
18.2-202,74-157
18.2-209,74-161
18.2-211,74-158
18.2-212,Ch. 54
,70-132
,74-159
18.2-212.1,74-160
18.2-216,6-9
18.2-222,6-10
18.2-223,Ch. 26
,"Ch. 26, Art. V"
18.2-224,Ch. 26
,"Ch. 26, Art. V"
,26-223
18.2-247—  18.2-264.01,74-461
18.2-258,Ch. 14
18.2-258.01,Ch. 14
18.2-264,74-181
18.2-266 et seq.,110-211
18.2-267 et seq.,Ch. 10
18.2-280,74-208
18.2-283,74-206
18.2-284,74-202
18.2-286,74-208
18.2-287.1,74-212
18.2-308,74-204
,74-207
18.2-308(A),74-207
18.2-308(D),74-204
18.2-308(J1),74-204
18.2-308.1,74-207
"18.2-309, 18.2-310","74-203, 74-204"
18.2-311,74-201
18.2-313,18-8
"18.2-316, 18.2-317",74-182
18.2-318,Ch. 62
"18.2-318, 18.2-319","74-182, 74-183"
18.2-322,74-184
18.2-323,Ch. 18
,18-186
18.2-324,98-21
18.2-325—18.2-327,74-261—74-263
18.2-329—18.2-331,74-264—74-266
18.2-332,74-268
"18.2-333, 18.2-334","74-286, 74-287"
18.2-336,74-267
18.2-337,74-288
18.2-340.15 et seq.,Ch. 14
18.2-341,86-32
"18.2-344, 18.2-345","74-231, 74-232"
18.2-346,74-234
,74-481
18.2-347—18.2-351,74-235—74-239
18.2-351,74-241
18.2-361,74-234
,74-236
18.2-365,74-231
18.2-366,74-233
18.2-371,74-241
18.2-371.3,"Ch. 26, Art. III"
,26-95
18.2-372,"Ch. 74, Art. VII,  Div. 3"
18.2-372—18.2-378,74-306—74-312
18.2-379,74-317
18.2-380,74-313
18.2-382,74-314
18.2-383,74-318
18.2-387,74-315
18.2-388,74-242
18.2-389,Ch. 74
,"Ch. 74, Art. VII,  Div. 3"
,74-242
"18.2-390, 18.2-391","74-336, 74-337"
18.2-391.1,74-338
18.2-403.1 et seq.,Ch. 18
18.2-404,74-361
18.2-410,Ch. 70
18.2-415—18.2-417,74-362—74-364
18.2-425,74-383
18.2-425.1,74-384
18.2-426,74-381
18.2-427—18.2-429,74-385—74-387
18.2-431,74-382
18.2-432,Ch. 14
,14-2
,14-36
18.2-433,Ch. 14
,14-2
18.2-438 et seq.,2-471
18.2-440,74-411
18.2-446 et seq.,2-471
18.2-460,74-412
18.2-461,70-7
18.2-462,74-413
18.2-463,70-3
18.2-498.1 et seq.,2-400
,2-471
18.2-510,Ch. 18
,18-9
,18-96
19.2-8,Ch. 22
19.2-76.2,Ch. 94
19.2-119 et seq.,110-35
19.2-152.1,Ch. 26
19.2-152.8—  19.2-152.10,74-92
19.2-354 et seq.,1-17
19.2-393 et seq.,Ch. 62
20-103,74-92
tit. 22.1,2-571
22.1-28 et seq.,2-571
22.1-49,2-571
22.1-254 et seq.,2-571
tit. 24.2,Ch. 46
24.2-222,46-100
24.2-222.1,46-100
24.2-305 et seq.,46-33
24.2-307 et seq.  24.2-310 et seq.,"Ch. 46, Art. III  Ch. 46, Art. IV"
24.3-507,46-100
24.2-712,46-68
tit. 25,22-155
tit. 25.1,22-161
25-233,Char. § 4-7
tit. 27,Ch. 54
27-1 et seq.,Ch. 54
27-6.1 et seq.,Ch. 54
27-14,Ch. 54
27-30 et seq.,Ch. 54
27-39 et seq.,Ch. 54
27-94 et seq.,54-61
27-97,26-2
,54-61
27-98.1,26-3
27-100,26-2
27-100.1,54-6
28.2-1300,122-31
tit. 29.1,Ch. 18
,74-209
29.1-100,74-209
29.1-200 et seq.,74-204
29.1-527,Ch. 18
tit. 32.1,Ch. 62
"tit. 32.1, ch. 1, art. 2",114-152
32.1-30 et seq.,"Ch. 2, Art. IV, Div. 2"
32.1-111.1,118-311
32.1-111.1 et seq.,"Ch. 118, Art. IV"
32.1-111.4,118-316
32.1-111.5,118-319
32.1-111.14,"Ch. 118, Art. IV"
,118-313
,118-341
32.1-163 et seq.,Ch. 114
,"Ch. 114, Art. III"
32.1-167 et seq.,Ch. 114
,"Ch. 114, Art. II"
32.1-289 et seq.,34-1
33.1-12,2-404
,3-417
,98-51
33.1-25 et seq.,Ch. 98
33.1-224 et seq.,Ch. 98
33.1-346,94-2
33.1-351 et seq.,Ch. 6
33.1-361,"App. B, Art. 21, § 4"
33.1-369,"App. B, Art. 21, § 4"
33.1-369(1),Ch. 30
34-26,Ch. 30
34-28,Ch. 30
35-43—35-53,"App. B, Art. 3, § 2"
35.1-1,26-2
35.1-1 et seq.,Ch. 62
35.1-9,26-1
35.1-25,62-41
36-1 et seq.,Ch. 38
36-11,38-1
36-49.1:1,22-155
,22-164
36-55.24 et seq.,Ch. 38
36-70 et seq.,Ch. 22
36-85.3,106-107
36-94.4,66-49
36-96.1 et seq.,Ch. 66
36-96.2,66-53
36-96.3,66-48
36-96.5,66-50
36-96.6,66-51
36-96.21,Ch. 66
36-97,Ch. 22
36-98,Ch. 22
,22-31
36-99.11,Ch. 110
36-105,Ch. 22
,22-36
,22-91
36-105.1:1,22-119
,22-120
36-106,22-2
,22-127
36-137,22-61
37.1-1,2-353
40.1-100,Ch. 14
40.1-117 et seq.,Ch. 22
42.1-70,42-1
42.1-76 et seq.,Ch. 2
,"Ch. 2, Art. VI"
,Ch. 102
42.1-82,2-285
43-32,74-155
43-32—43-36,110-495
43-33,74-155
44-152 et seq.,Ch. 54
tit. 45.1,50-103
tit. 46.2,110-2
,118-316
"tit. 46.2, ch. 6",11-270
46.2-100,50-32
,74-96
,110-12
,110-355
,110-471
46.2-100 et seq.,Ch. 110
46.2-102,110-32
46.2-113,110-31
46.2-300 et seq.,Ch. 110
"46.2-301, 46.2-302",110-35
46.2-310,Ch. 118
,"Ch. 118, Art. II"
,118-116
46.2-341.24,110-35
"46.2-341.26:2,  46.2-341.26:3",110-35
46.2-341.31,110-35
46.2-372,110-446
46.2-373,110-448
46.2-381,110-446
46.2-600 et seq.,"Ch. 110, Art. V"
,110-267
46.2-617,110-494
46.2-662 et seq.  46.2-685 et seq.,110-152  110-153
46.2-711,Ch. 118
46.2-752 et seq.,Ch. 110
,"Ch. 110, Art. V"
46.2-828,110-213
46.2-844,110-270
46.2-859,110-270
46.2-878.2,110-10
,110-12
46.2-882,Ch. 110
46.2-908,"Ch. 110, Art. VIII, Div. 2"
46.2-923,110-402
46.2-931,35-3
46.2-935,110-401
46.2-936,110-35
,110-36
46.2-937,110-37
46.2-938,110-35
46.2-940,110-36
46.2-941,110-266
46.2-945,110-36
46.2-1046,110-221
46.2-1200,110-491
,110-495
46.2-1200 et seq.,Ch. 110
46.2-1200—  46.2-1208,110-495
46.2-1201,"Ch. 110, Art. XI"
46.2-1201—  46.2-1205,110-492—110-496
46.2-1206,110-496
46.2-1212,Ch. 110
46.2-1213,"Ch. 110, Art. XI"
,110-268
,110-492
46.2-1216,Ch. 110
,110-268
46.2-1217,"Ch. 110, Art. XI"
"46.2-1219, 46.2-1220",Ch. 110
46.2-1220,"Ch. 110, Art. VII"
,"Ch. 110, Art. VII, Div. 2"
,110-265
,110-267
46.2-1225,110-265
,110-266
46.2-1230,"Ch. 110, Art. VII, Div. 3"
46.2-1239,110-251
46.2-1242,110-265
46.2-1300,110-31
46.2-1300 et seq.,Ch. 110
46.2-1301,110-108
46.2-1304,110-220
46.2-1309,110-32
46.2-1313,Ch. 10
,110-2
,110-211
46.2-2016 et seq.,Ch. 118
,"Ch. 118, Art. II"
46.2-2020,118-4
,118-36
tit. 48,1-15
,50-61
48-7 et seq.,74-235
49-1,Char. § 3-1
49-12 et seq.,2-62
51.1-803,2-353
53.1-1,70-32
53.1-29,74-204
53.1-60,1-17
53.1-96,70-92
53.1-96 et seq.,70-92
53.1-120D,42-3(a)
53.1-131,1-17
53.1-131.1,1-17
53.1-131.2,1-17
53.1-150,1-17
53.1-151,74-239
53.1-153,74-239
54-17.1(3b),"App. A, § 33-77"
tit. 54.1,Ch. 26
,26-92
,26-95
54.1-400 et seq.,50-106
,50-125
54.1-828 et seq.,14-1
54.1-1100 et seq.,Ch. 22
54.1-1100,22-101
54.1-1101,22-101
54.1-1117,Ch. 22
54.1-2310 et seq.,Ch. 30
54.1-2967,70-1
54.1-3401,74-181
54.1-4000 et seq.,Ch. 86
54.1-4001,86-51
54.1-4002,86-31
54.1-4003(B),86-52
54.1-4010,86-33
54.1-4014,86-34
54.1-4111,Ch. 26
54.1-4200 et seq.,Ch. 26
55-79.2,107-4
55-202 et seq.,Ch. 18
"55-210.1, et seq.",70-151
55-217 et seq.,22-128
55-248.2 et seq.,22-128
55-248.31:01,70-8
55-336 et seq.,Ch. 102
"tit. 56, ch. 22",2-491
,2-495
,2-499
"tit. 56, ch. 22.1",2-491
,2-495
,2-499
56-257 et seq.,Ch. 98
56-265.14 et seq.,2-394
56-345.1 et seq.,"Ch. 110, Art. XII"
56-412.1,110-521
56-557,2-491
56-557.1,2-491
56-575.1,2-491
56-575.3,2-492
56-575.3:1,2-500
56-575.4,2-493
56-575.5,2-501
56-575.6,2-500
56-575.9,2-499
56-575.9:1,2-499
56-575.15,2-502
56-575.16,2-492
56-575.17,2-497
56-594,106-351
57-22 et seq.,Ch. 30
57-48,34-1
57-48 et seq.,Ch. 34
57-59,34-2
57-63,Ch. 34
tit. 58,Char. § 6-6
,Char. § 6-8
58-895 et seq.,"Char. § 6-10, Char. § 6-11"
58-1118 et seq.,Char. § 6-9
tit. 58.1,Char. § 6-6
,Char. § 6-8
,22-4
,26-32
,106-87
58.1-1 et seq.,Ch. 106
58.1-6 et seq.,Ch. 106
58.1-15,50-115
,106-234
58.1-400.2,26-62
58.1-520 et seq.,Ch. 106
58.1-600 et seq.,"Ch. 106, Art. IV"
,106-171
"58.1-603, 58.1-604",106-171
58.1-605,"Ch. 106, Art. V"
,106-172
58.1-605 et seq.,Ch. 106
58.1-622,106-171
58.1-628,106-171
58.1-814,106-391
58.1-1200 et seq.,106-232
,106-233
58.1-1201,106-231
58.1-1204,106-232
58.1-1205,106-231
58.1-1207,106-233
58.1-1208 et seq.,Ch. 106
58.1-1211,106-232
,106-233
58.1-1212,106-233
58.1-1718,106-411
58.1-1820 et seq.,Char. § 6-9
"58.1-1821, 58.1-1822",26-37
58.1-2901,106-352
,106-353
58.1-3000 et seq.,Ch. 106
58.1-3100 et seq.,106-5
58.1-3107,106-6
58.1-3111,106-7
58.1-3130,2-314
58.1-3137,2-170
58.1-3200 et seq.,"Ch. 106, Art. III"
58.1-3210,"Ch. 106, Art. III, Div. 3"
,106-107
58.1-3211,106-111
58.1-3213,106-111
58.1-3219,"Ch. 106, Art. III, Div. 4, Subdiv. II"
58.1-3222,106-70
58.1-3230,106-82
,106-83
,122-31
58.1-3230 et seq.,106-81
58.1-3233,106-83
58.1-3233(2),106-82
58.1-3234,106-82
58.1-3236,106-82
"58.1-3237, 58.1-3238","106-85, 106-86"
58.1-3240,106-83
58.1-3250 et seq.,106-61
58.1-3253,106-63
58.1-3292,106-69
,106-70
58.1-3370 et seq.,"Char. § 6-10, Char. § 6-11"
58.1-3373,106-14
58.1-3401,106-152
58.1-3505,106-4
58.1-3523,106-15
58.1-3600 et seq.,106-151
58.1-3605,106-138
58.1-3606 et seq.,106-138
58.1-3606(A)(1),106-151
"58.1-3606(A)(3), (A)(4), (A)(7)",106-151
58.1-3607(A)(2)—(A)(7),106-151
58.1-3609 et seq.,106-138
,106-151
58.1-3650 et seq.,106-138
,106-151
58.1-3651,106-138
58.1-3660,106-3
58.1-3700 et seq.,Ch. 26
,26-32
58.1-3700.1,26-32
58.1-3701,26-32
,26-35
"58.1-3703.1(A)(1), (2)",26-34
58.1-3703.1(A)(3)—58.1-3703.1(A)(6),26-35—26-38
58.1-3712,26-61
58.1-3712.1,26-61
58.1-3713,26-61
58.1-3714(D),26-32
58.1-3715,26-32
,"26-34, 26-35"
58.1-3717,98-15
58.1-3717 et seq.,"Ch. 26, Art. IV"
58.1-3719.1,26-61
58.1-3726,26-61
58.1-3800 et seq.,106-391
58.1-3805 et seq.,106-411
58.1-3812,106-348
58.1-3812 et seq.,"Ch. 106, Art. IX"
58.1-3813,106-362
58.1-3814,106-352
,106-353
58.1-3817,106-202
58.1-3830 et seq.,"Ch. 106, Art. XII"
58.1-3832,106-451
58.1-3840,"Ch. 106, Art. V"
,"Ch. 106, Art. VII, Ch. 106, Art. VIII"
,"Ch. 106, Art. XII"
58.1-3850,38-90
58.1-3895 et seq.,22-4
58.1-3900 et seq.,Ch. 26
,Ch. 106
58.1-3903,26-36
58.1-3910 et seq.,106-36
58.1-3916,26-34
58.1-3916.1,26-40
58.1-3940,22-4
,26-36
58.1-3940 et seq.,50-63
58.1-3965,22-142
58.1-3965(A),22-142
58.1-3965(F),107-5
58.1-3965 et seq.,50-63
,106-65
58.1-3965.1,106-65
,107-7
58.1-3970.1,22-142
58.1-3980 et seq.,Char. § 6-9
58.1-3984,26-36
,26-37
58.1-3986,26-35
58.1-3993,26-35
58.2-3231,"Ch. 106, Art. III, Div. 2"
59.1-68.6 et seq.,2-400
59.1-117,86-3
59.1-117—59.1-136,86-3
59.1-118,86-3
"59.1-120, 59.1-121",86-2
59.1-123,86-3
59.1-137 et seq.,Ch. 54
59.1-142 et seq.,Ch. 54
59.1-270 et seq.,38-61
59.1-279,38-81—38-84
59.1-280,38-81
59.1-282,38-84
59.1-467 et seq.,1-2
62.1-44.2 et seq.,50-102
,Ch. 114
62.1-44.15:24 et seq.,50-102
62.1-44.15:27,50-104
62.1-44.15:27 et seq.,50-101
62.1-44.15:35,50-106
62.1-44.15:40,50-111
62.1-44.15:46,50-113
62.1-44.15:67 et seq.,50-102
,50-103
62.1-44.26,50-112
62.1-44.32,114-292
62.1-255,122-33
tit. 63.1,Ch. 90
,90-33
,90-65
63.1-38 et seq.,90-32
63.1-43,90-32
,90-33
63.1-43.1,90-62—90-66
63.2-100,2-353
