Code of  Virginia  Section,powhatan_county
1-13.3,1-2
"1-13.6, 1-13.7",1-2
1-13.9,1-4
"1-13.15, 1-13.16",1-2
1-13.19,1-2
1-13.23,1-2
1-13.26,1-2
1-13.28,1-2
1-13.32,1-2
1-17.1,1-7
,Ch. 46
2.2-3700 et seq.,Ch. 2
,22-10
3.1-796.122 et seq.,Ch. 10
3.1-796.128,Ch. 10
3.2-6503,10-140
3.2-6528,10-73
,10-74
3.2-6532,10-77
3.2-6540,10-146
3.2-6540(E),10-140
3.2-6546,"10-97, 10-98"
3.2-6553,10-52
,10-139
3.2-6555,10-31
3.2-6556,10-140
3.2-6557,10-117
3.2-6562,"10-140, 10-141"
,10-153
4.1-100,70-122
,70-141
4.1-207,83-521
6.1-433,83-521
6.2-2200,83-521
8.01-386,1-1
9.1-400,70-90
9.1-400 et seq.,"Ch. 38, Art. II"
9.1-402,70-90
"tit. 10.1, ch. 22",83-521
10.1-604 et seq.,42-102
10.1-1100 et seq.,42-102
10.1-1135 et seq.,Ch. 46
10.1-1163(B),42-102
10.1-1400 et seq.,Ch. 66
10.1-1424,66-37
tit. 15.2,Ch. 2
"tit. 15.2, ch 22",68-102
15.2-106,2-1
15.2-901,Ch. 66
,66-52
15.2-903,Ch. 74
15.2-904,Ch. 74
,74-100
15.2-906,14-1
15.2-911,Ch. 38
15.2-915,58-1
15.2-917,83-521
15.2-919,Ch. 74
15.2-922,Ch. 46
,46-54
15.2-924,80-8.1
15.2-926,"58-1, Ch. 6"
15.2-927 et seq.,Ch. 66
15.2-940,Ch. 26
15.2-1200 et seq.,Ch. 2
15.2-1200,6-32
,15-1
,Ch. 50
15.2-1202,Ch. 70
15.2-1204,Ch. 26
15.2-1209,58-1
15.2-1217,1-2
,Ch. 50
15.2-1400,Ch. 34
15.2-1426,Ch. 18
15.2-1427,Ch. 18
15.2-1429,1-8
,46-46
15.2-1433,1-1
,1-11
15.2-1501,80.8.1
15.2-1600,Ch. 34
15.2-1616 et seq.,Ch. 54
15.2-1712,54-1
15.2-1716,74-3
15.2-1731 et seq.,54-2
15.2-1736,54-2
15.2-2019,15-1
15.2-2024,15-1
15.2-2027,15-1
15.2-2028,15-1
15.2-2108,Ch. 22
,74-73
15.2-2111,80-201
15.2-2126 et seq.,80-129
15.2-2157,"Ch. 50, Art. II"
15.2-2200 et seq.,Ch. 62
,83-101
15.2-2200—  15.2-2204,62-31
15.2-2204,68-105
15.2-2205,Ch. 62
15.2-2209,83-515
15.2-2210 et seq.,62-38
15.2-2212—  15.2-2239,62-31
15.2-2214 et seq.,62-38
15.2-2220,"Ch. 62, Art. II"
15.2-2223 et seq.,"Ch. 62, Art. II"
15.2-2230,"Ch. 62, Art. II"
15.2-2233 et seq.,"Ch. 62, Art. II"
15.2-2239,"Ch. 62, Art. II"
15.2-2240 et seq.,68-102
15.2-2242(1),68-145
15.2-2259,68-104
,68-155
,83-123
15.2-2259.A,83-123
15.2-2260,68-104
,68-155
15.2-2286,83-121
,83-514
15.2-2286(A)5,83-515
15.2-2291,83-521
15.2-2292,83-521
15.2-2296—  15.2-2303,83-123
15.2-2299,83-123
15.2-2301,83-123
15.2-2303,83-123
15.2-2306,83-123
15.2-2308 et seq.,83-121
15.2-2309,83-121
,83-123
15.2-2311,83-123
15.2-4900 et seq.,26-32
15.2-4903,26-32
15.2-4904,26-34
16.1-69.1 et seq.,Ch. 30
16.1-69.48:1,10-79
16.1-278 et seq.,74-1
17.1-275.7,10-79
17.1-279.1,30-81
17.1-281,"30-61, 30-62"
tit. 18.2,58-1
"18.2-11, 18.2-12",1-8
18.2-36.1,74-3
18.2-51.4,74-3
18.2-77 et seq.,Ch. 46
18.2-266,74-3
18.2-266 et seq.,74-1
18.2-266.1,74-3
18.2-403.1 et seq.,Ch. 10
19.2-265.2,1-1
22.1-214,83-521
24.2-217 et seq.,Ch. 34
24.2-305 et seq.,Ch. 34
27-1 et seq.,Ch. 46
27-23.3,46-17
27-23.6,46-1
27-30,46-42
27-34.2,46-42
27-34.2:1,46-42
27-36,46-42
27-37.1,46-43
27-94 et seq.,46-41
27-97,46-53
27-98,"46-41, 46-44"
29.1-738,74-3
29.1-738.02,74-3
tit. 32.1,83-521
32.1-162,83-521
tit. 33.1,Ch. 74
33.1-348,74-66
,83-521
33.2-354,74-123
36-70 et seq.,83-521
36-81,Ch. 14
36-85.3,70-52
36-98,"Ch. 14, Art. II"
,14-46
36-105,14-46
36-106,14-32
tit. 38.2,18-205
40.1-79.1,Ch. 46
40.1-103,46-31
42.1-70,"30-31, 30-32"
43-32—43-36,74-69
tit. 44,46-7
44-146.17,74-1
tit. 45.1,42-102
tit. 46.2,Ch. 74
,74-1
46.2-100,1-2
,18-131
,70-122
,70-331
,74-39
,74-100
,74-121
46.2-300 et seq.,74-3
46.2-341.24,74-3
46.2-600,70-141
46.2-698(B),74-100
46.2-730,74-33
,74-39
46.2-731,74-2
46.2-739(B),74-2
46.2-752 et seq.,"Ch. 74, Art. II"
,74-39
46.2-755,74-39
46.2-852 et seq.,74-3
46.2-894,74-3
46.2-916.2,74-121
46.2-1010 et seq.,74-125
46.2-1081,74-125
46.2-1200,74-66
,74-69
46.2-1200 et seq.,"Ch. 74, Art. III"
46.2-1201,74-67
46.2-1201—  46.2-1204,74-69
46.2-40 et seq.,74-2
46.2-1300 et seq.,Ch. 74
,74-1
"46.2-1301,  46.2-1302",Ch. 74
46.2-1304,Ch. 74
49-1,62-35
49-9,1-2
54.1,
54.1-400 et seq.,42-102
54.1-2200,42-102
54.1-4000,18-253
54.1-4000—  54.1-4014,18-253
54.1-4002,18-252
54.1-4010,18-251
54.1-4100 et seq.,18-221
"tit. 55, chs. 13 and 13.2",83-515
57-49,18-205
tit. 58.1,70-2
,70-83
58.1-15,70-244
58.1-600 et seq.,18-132
,18-137
,"Ch. 70, Art. V"
,70-161
"58.1-603,  58.1-604",70-161
58.1-605,18-132
,"70-161, 70-162"
58.1-1200 et seq.,"Ch. 70, Art. VII  70-242, 70-243"
58.1-1201,70-241
58.1-1204,70-242
58.1-1205,70-241
58.1-1207,70-243
58.1-1211,"70-242, 70-243"
58.1-1212,70-243
,
58.1-1314(J),70-192
58.1-1600 et seq.,70-142
58.1-2620 et seq.,18-158
58.1-2633,18-156
58.1-3000 et seq.,Ch. 70
58.1-3010,70-333
58.1-3100 et seq.,70-334
58.1-3200 et seq.,"Ch. 70, Art. II"
58.1-3210 et seq.,"Ch. 70, Art. II,  Div. 2"
58.1-3213—  58.1-3215,70-54
58.1-3217,70-51
,70-54
58.1-3218,70-52
58.1-3219.13 et seq.,70-90
58.1-3219.13—  58.13219.16,70-90
58.1-3219.14(B),70-90
58.1-3219.15,70-90
58.1-3230,70-77
58.1-3230 et seq.,"Ch. 70, Art. II,  Div. 3"
,70-76
58.1-3233,70-77
58.1-3236,70-77
58.1-3237,70-80
58.1-3292,70-31
58.1-3500 et seq.,70-101
,70-141
,70-334
58.1-3503,18-133
"58.1-3504,  58.1-3505","70-121, 70-122"
58.1-3506(A)(15),70-123
"58.1-3507,  58.1-3508","70-141, 70-142"
58.1-3509 et seq.,18-81
58.1-3510 et seq.,"Ch. 18, Art. II,  Div. 4"
58.1-3510.1,18-132
58.1-3518.1,70-331
58.1-3523 et seq.,70-104
58.1-3700,18-32
58.1-3700 et seq.,Ch. 18
58.1-3701,Ch. 18
58.1-3703,18-33
,83-445
58.1-3710,18-63
58.1-3714,Ch. 18
58.1-3715,18-108
58.1-3717,18-111
58.1-3719.1,18-112
58.1-3728,Ch. 18
58.1-3731,"Ch. 18, Art. III"
58.1-3732 et seq.,18-53
58.1-3800 et seq.,"Ch. 70, Art. VIII"
58.1-3805 et seq.,"Ch. 70, Art. IX"
58.1-3812 et seq.,"Ch. 70, Art. VI"
58.1-3813.1,"Ch. 70, Art. VI,  Div. 2"
58.1-3814 et seq.,70-192
58.1-3819,70-431
"tit. 58.1, ch. 39,  arts. 3, 4",14-1
,66-51
58.1-3900 et seq.,18-135
,70-334
58.1-3915,18-162
58.1-3916,"Ch. 70, Art. X"
,70-103
58.1-3921(3),18-64
58.1-3940 et seq.,14-1
,66-51
58.1-3965 et seq.,14-1
,66-51
58.1-3981,70-1
62.1-44.15:24 et seq.,68-185
62.1-44.15:28,42-103
62.1-44.15:51 et seq.,42-101
62.1-44.15:52,"42-103, 42-104"
,42-106
62.1-44.15:53,42-103
62.1-44.15:54,"42-101, 42-103"
62.1-44.15:55,"42-106, 42-107"
62.1-44.15:55(E),42-104
62.1-44.15:56,"42-104, 42-106"
,42-107
62.1-44.15:58,42-106
62.1-44.15:63(A),42-107
62.1-44.17.1,83-170
63.2-100,83-521
63.2-1700 et seq.,83-521
63.2-2200,83-445
