Code of  Virginia  Section,prince_edward_county
1-202  et seq.,ch. 1
2.2-1159,ch. 18
2.2-3100  et seq.,ch. 2
2.2-3700  et seq.,ch. 2
3.2-2600,10-2
3.2-5100  et seq.,"ch. 58, art. II"
3.2-5900  et seq.,ch. 10
3.2-5905,ch. 10
3.2-6003,ch. 10
3.2-6004,ch. 10
3.2-6011,ch. 10
3.2-6500  et seq.,10-1
,10-30
,10-82
,10-83
3.2-6500,10-2
3.2-6514,ch. 10
3.2-6521,10-61
3.2-6522,10-63
3.2-6524,10-50
3.2-6527,10-51
3.2-6528,10-52
3.2-6530,10-54
3.2-6531,10-58
3.2-6532,10-57
3.2-6533,10-55
,10-91
3.2-6534,10-90
3.2-6540,10-70
,10-100
,10-120
3.2-6542,10-100
3.2-6546,10-80
,10-83
3.2-6552,10-92
3.2-6554,10-20
,10-40
3.2-6555,10-2
,10-30
3.2-6556,10-30
,10-100
3.2-6562,10-100
,10-121
3.2-6587,10-41
,10-50
,10-60
,10-70
4.1-207,"app. B, § 6-200.1"
4.1-219,"app. B, § 6-200.1"
10.1-600  et seq.,ch. 54
10.1-604  et seq.,46-61
10.1-606.3,"app. B, § 4-102"
10.1-1100  et seq.,46-61
,46-123
10.1-1163,46-61
,46-123
10.1-1400  et seq.,ch. 66
10.1-1700  et seq.,ch. 34
15.2-106,ch. 2
15.2-300  et seq.,ch. 2
15.2-900,ch. 46
15.2-901,ch. 58
,ch. 66
,66-68
15.2-904,ch. 74
15.2-906,ch. 18
15.2-915,ch. 62
,"ch. 62, art. III"
15.2-921,ch. 18
15.2-922,ch. 50
15.2-926,ch. 6
15.2-927  et seq.,ch. 66
15.2-930,66-69
15.2-1200  et seq.,ch. 2
,46-103
15.2-1119,ch. 58
15.2-1211,42-46
15.2-1400  et seq.,ch. 2
15.2-1426,14-12
,74-5
15.2-1427,14-12
,74-6
15.2-1429,"app. B, § 1-11"
15.2-1613.1,38-36
15.2-1812,40-5
15.2-2200,46-103
,"app. B, § 1-100"
15.2-2200  et seq.,app. A
15.2-2201,"app. B, § 6-100"
15.2-2204,"app. B, §§ 2-707"
,5-120.1
,5-120.3
,5-120.5
,5-124.5
,5-128.1
,5-128.3
15.2-2209,"app. B, § 5-118"
15.2-2240  et seq.,app. A
,"app. A, § 2-2"
15.2-2241,"app. B, § 5-122"
15.2-2243.1,"app. A, § 4-3"
,"app. B, § 4-102"
15.2-2261,"app. B, § 4-108"
15.2-2280,app. B
,"app. B, §§ 1-100"
,6-100
15.2-2281,"app. B, § 1-100"
15.2-2283  et seq.,46-103
15.2-2285,"app. B, § 5-120.3"
15.2-2286,"app. B, § 5-116"
15.2-2291,"app. B, § 6-200.3"
15.3-2292.1,"app. B, § 4-400.9"
,"app. B, § 6-200.3"
15.2-2297,"app. B, § 5-122"
15.2-2298,"app. B, § 5-122"
15.2-2307,"app. B, § 5-100"
,"app. B, § 5-126.1"
15.2-2308,"app. B, § 5-128"
15.2-2311,"app. B, § 5-100"
15.2-2500  et seq.,ch. 2
15.2-2600  et seq.,ch. 2
15.2-2820  et seq.,ch. 46
15.2-4900  et seq.,ch. 34
15.2-4900  —  15.2-4920,34-32
,34-37
"tit. 15.2, ch. 51",34-71 et seq.
15.2-5113,34-76
15.2-5153,34-75
15.2-5157,34-72
15.2-5158,34-77
"tit. 15.2, ch. 64",34-46
16.1-123.1,ch. 38
16.1-226,62-49
16.1-253,40-4
16.1-253.1,40-4
16.1-253.4,40-4
16.1-278.2  —  16.1-278.6,40-4
16.1-278.8,40-4
16.1-278.14,40-4
16.1-278.15,40-4
16.1-279.1,40-4
17.1-279.1,38-34
17.1-281,38-31
title 18.2,40-2
,ch. 62
18.2-8,74-101
18.2-11,ch. 1
,1-11
,70-221
,82-31
18.2-12,1-11
18.2-51.4,74-6
18.2-266  et seq.,74-3
18.2-266,74-6
18.2-266.1,74-6
18.2-324,66-67
18.2-340.15  et seq.,ch. 6
18.2-403.1,10-11
,10-41
,10-50
18.2-403.2,10-11
,10-41
,10-50
18.2-403.3,10-11
,10-41
,10-50
18.2-422,62-66
18.2-510,ch. 10
19.2-152.8,40-4
19.2-152.9,40-4
19.2-152.10,40-4
19.2-260  et seq.,10-100
19.2-328  —  19.2-338,74-3
27-3,ch. 70
27-6.1  et seq.,ch. 50
27-23.1,"ch. 50, art. III"
27-30  et seq.,ch. 50
27-39  et seq.,ch. 50
27-97,ch. 50
29.1-501  et seq.,ch. 10
29.1-738,74-6
29.1-738.02,74-6
29.1-744  et seq.,ch. 82
33.2-801,66-67
33.2-802,66-67
35.1-9,"ch. 58, art. III"
36-1,ch. 34
36-55.24  et seq.,ch. 34
36-70  et seq.,ch. 18
,"app. B, § 3-100.3"
36-71.1,70-201
36-97  et seq.,ch. 18
,"app. B, § 3-100.3"
36-99.11,ch. 74
36-105,18-32
40.1-79.1,50-2
40.1-103,50-2
42.1-65,38-48
42.1-70,38-46
42.1-76  et seq.,ch. 2
tit. 45.1,46-123
45.1-222,"app. A, § 7-34"
45.1-225.1,"app. A, § 7-34"
title 46.2,74-3
46.2-100,70-2
,74-101
46.2-113,74-101
46.2-300  et seq.,74-6
"tit. 46.2, ch. 6",74-112
46.2-600  et seq.,2-2
46.2-752  et seq.,ch. 74
,"ch. 74, art. II"
46.2-852  et seq.,74-6
46.2-894,74-6
46.2-936,66-67
46.2-937,74-101
46.2-1200  et seq.,ch. 74
,"ch. 74, art. III"
46.2-1212,ch. 74
46.2-1213,74-110
46.2-1216,ch. 74
46.2-1220,ch. 74
,"ch. 74, art. III"
,74-111
46.2-1221,74-102
,74-112
46.2-1232,74-110
46.2-1239,74-103
46.2-1300  et seq.,ch. 74
46.2-1313,74-3
49-1,34-34
,34-51
53.1-120,38-32
,38-33
,38-35
54.1-400  et seq.,46-61
,46-126
54.1-1117,ch. 18
54.1-4100  et seq.,"ch. 22, art. III"
57-22  et seq.,ch. 26
57-26,26-1
,"app. B, § 3-100.5"
tit.  58.1,70-38
,70-105
,70-146
,70-181
58.1-6  et seq.,ch. 70
58.1-15,46-134
58.1-520  et seq.,ch. 70
58.1-605  et seq.,ch. 70
58.1-605,70-1
,70-2
58.1-1208  et seq.,ch. 70
58.1-2636,70-241
,70-242
58.1-2690,22-32
58.1-3000  et seq.,ch. 70
58.1-3210,70-200
58.1-3230  et seq.,"ch. 70, art. II"
,70-31
,70-32
58.1-3233,70-32
58.1-3236,70-32
58.1-3237,70-35
58.1-3330,70-32
58.1-3504,70-2
58.1-3507,70-241
58.1-3508.6,70-241
58.1-3523,70-4
58.1-3620,ch. 54
58.1-3660,70-3
,70-241
,70-242
,70-243
58.1-3700  et seq.,ch. 22
58.1-3701,ch. 22
58.1-3714,ch. 22
58.1-3728,6-31
,ch. 22
58.1-3731,22-32
"tit. 58.1, ch. 38",22-410
,22-411
,22-501
,22-601
58.1-3800  et seq.,"ch. 70, art. V"
58.1-3805,"ch. 70, art. VI"
58.1-3819,70-223
58.1-3823,70-223
58.1-3851.1,22-423
,22-502
,22-602
58.1-3900  et seq.,ch. 70
58.1-3906,70-221
58.1-3913,70-5
58.1-3916,70-1
62.1-44.2  et seq.,46-122
62.1-44.15:24  et seq.,46-121
,46-122
62.1-44.15:27,46-124
62.1-44.15:35,46-126
62.1-44.15:40,46-131
62.1-44.15:54  et seq.,ch. 46
62.1-44.19:3,46-102
,46-103
