Virginia,richmond
1-210,1-2
1-216,1-2
1-217,1-8
1-222,1-2
1-223,1-2
1-227,1-2
1-228,1-2
1-230,1-2
—,12-16
—,26-872
1-233,1-2
1-239,1-6
1-243,1-7
1-250,1-2
2.2-614.1(A),12-22
2.2-614.1(B),12-22
2.2-1132,21-68
2.2-2006,21-67
2.2-3100 et seq.,21-107
—,"21-274, 21-275"
—,22-10
2.2-3101,21-282
2.2-3112(A)(2)—(4),21-276
2.2-3112(B)(1)—(3),21-276
2.2-3115,2-772
2.2-3118,2-772
2.2-3700—2.2-3714,12-16
2.2-3700 et seq.,"Ch. 2, Art. VII, Div. 4"
—,2-796
—,2-825
—,2-896
—,2-1004
—,2-1160
—,2-1176
—,2-1192
—,2-1210
—,2-1308
—,16-84
—,21-5
—,21-305
—,21-307
2.2-3705.1—2.2-3705.8,2-794
2.2-3711,Char. § 5.05
—,2-794
2.2-3801,2-1308
2.2-3900(B),17-1
2.2-4000 et seq.,13-252
2.2-4300 et seq.,"Ch. 2, Art. IV, Div. 15"
—,Ch. 21
—,22-11
2.2-4301,21-4
2.2-4302.2,21-68
2.2-4303(A),21-41
2.2-4303(C),21-67
2.2-4303(D),21-67
2.2-4303(E),21-38
2.2-4303(F),21-39
2.2-4303(G),21-37
2.2-4303.2,21-73
2.2-4304,21-40
2.2-4305,21-42
2.2-4309,21-59
2.2-4311,21-70
2.2-4315,21-48
2.2-4316,21-49
2.2-4317,"21-45, 21-46"
2.2-4321,"Ch. 21, Art. IV"
2.2-4326,21-8
2.2-4328(A),21-56
2.2-4330,21-53
2.2-4333,21-60
2.2-4334,21-61
2.2-4335,21-62
2.2-4336,21-50
2.2-4337,21-63
2.2-4338,21-66
2.2-4339,21-51
2.2-4340,21-64
2.2-4341,21-65
2.2-4342,21-5
2.2-4343—2.2-4346,21-3
2.2-4343.1,21-43
2.2-4352,21-9
2.2-4365,"Ch. 21, Art. V"
2.2-4367,21-274
2.2-4367 et seq.,"Ch. 21, Art. VIII"
2.2-4368,21-275
2.2-4369,21-276
2.2-4370,21-278
2.2-4371(A),21-277
2.2-4371(B),21-279
2.2-4372,21-280
2.2-4373,21-281
2.2-4374,21-282
2.2-4375,21-283
2.2-4376,21-284
2.2-4377,21-285
2.2-4382 et seq.,21-44
2.2-4401,12-2
2.2-4500 et seq.,12-3
2.2-4600 et seq.,12-3
2.2-4700 et seq.,12-3
2.2-5200 et seq.,21-3
3.1-796.94,4-187
3.2-3900 et seq.,"Ch. 15, Art. III"
3.2-5100 et seq.,"Ch. 6, Art. VII"
—,"Ch. 6, Art. VII, Div. 2"
3.2-5105 et seq.,"Ch. 6, Art. VII, Div. 2, Subd. IV"
3.2-5106(A),6-341
3.2-5106(B),6-342
3.2-5106(C),6-344
3.2-5107(B),6-349
3.2-5108,6-350
3.2-5109,6-354
3.2-5110,6-345
3.2-5111,6-343
3.2-5112,6-346
3.2-5113,6-352
3.2-5114,6-353
3.2-5115,6-351
3.2-5118,6-355
3.2-5200 et seq.,"Ch. 6, Art. VII"
—,"Ch. 6, Art. VII, Div. 2"
3.2-5400 et seq.,"Ch. 6, Art. VII"
—,"Ch. 6, Art. VII, Div. 2"
3.2-5401,6-244
3.2-5406 et seq.,6-243
3.2-6500,4-1
—,4-96
—,19-82
3.2-6503,4-241
3.2-6503.1,4-127
3.2-6508 et seq.,"Ch. 4, Art. III, Div. 6"
3.2-6521,26-820
3.2-6521(A),4-365
—,4-366
3.2-6521(B),4-338
3.2-6521 et seq.,4-185
—,"Ch. 4, Art. IV"
3.2-6522,4-371
3.2-6526,26-819
3.2-6526 et seq.,26-788
3.2-6528,26-817
3.2-6530,26-818
3.2-6531,4-186
3.2-6532,26-821
3.2-6534,26-822
3.2-6534 et seq.,"Ch. 4, Art. III, Div. 2"
3.2-6536,26-824
3.2-6538,4-243
3.2-6540,4-1
—,4-241
3.2-6540.1,4-242
3.2-6542,4-241
3.2-6543(B),4-93
3.2-6544,4-91
—,4-92
3.2-6544 et seq.,4-53
3.2-6545,4-278
3.2-6545 et seq.,"Ch. 4, Art. III, Div. 5"
3.2-6552,4-94
3.2-6553,4-95
—,26-822
3.2-6554,4-248
3.2-6555,4-1
—,4-52
—,19-30
3.2-6555 et seq.,4-52
3.2-6556,4-241
3.2-6557(B)—(D),4-54
3.2-6558,4-1
3.2-6562,4-242
3.2-6564 et seq.,4-53
—,"Ch. 4, Art. III, Div. 5"
3.2-6570,4-96
3.2-6574,4-56
3.2-6574 et seq.,4-53
—,"Ch. 4, Art. III, Div. 5"
—,4-278
3.2-6579,4-57
3.2-6581 et seq.,"Ch. 4, Art. III, Div. 3"
3.2-6582,4-216
3.2-6585,4-2
3.5-6522,4-374
4-368,26-788
4.1-1 et seq.,26-939
4.1-100,26-1
—,26-872
—,26-954
4.1-100 et seq.,26-872
—,26-934
4.1-205,26-934
—,26-938
4.1-210,3-70
4.1-233,26-935—26-937
4.1-308,"19-3, 19-4"
4.1-309,19-3
—,19-5
5.1-158,19-59
6.2-18,30-1220
6.2-22,30-1220
8.01-43,11-134
8.01-316,Char. § 18.03
8.01-317,Char. § 18.03
8.01-319,Char. § 18.03
8.01-391,2-1324
8.01-581.1,19-59
9.1-101,3-73
9.1-138,3-73
9.1-138 et seq.,"Ch. 10, Art. II"
—,19-33
9.1-139,3-73
—,10-50
9.1-141,10-50
9.1-165 et seq.,12-103
9.1-173 et seq.,2-958
9.1-175,2-959
10.1-100 et seq.,Ch. 11 (note)
10.1-115,19-59
10.1-600 et seq.,Ch. 14 (note)
—,"Ch. 14, Art. II"
—,14-19
10.1-1100 et seq.,14-148
—,14-323
10.1-1105,14-181
10.1-1163(B),14-148
—,14-323
10.1-1400 et seq.,Ch. 23 (note)
—,"Ch. 23, Art. II"
—,23-47
10.1-1408.1,23-6
10.1-1414 et seq.,Ch. 23 (note)
13.1-301 et seq.,26-967
13.1-312 et seq.,26-873
15.2-102,28-1
15.2-105,7-6
—,12-119
15.2-106,12-4
—,28-67
15.2-200 et seq.,Ch. 2
15.2-900,5-151
—,11-109
—,14-124
—,30-100
15.2-900 et seq.,"Ch. 11, Art. III"
—,Ch. 15 (note)
—,"Ch. 15, Art. II"
15.2-901,"Ch. 11, Art. IV"
—,Ch. 23 (note)
—,"Ch. 23, Art. II"
15.2-901(A)(3),11-105
15.2-902,"Ch. 11, Art. IV"
15.2-904,27-330
—,27-332
15.2-904(A),27-327
—,27-328
15.2-906,5-151
—,30-100
15.2-907,"Ch. 11, Art. VI"
—,11-156
15.2-907.1,5-14
—,5-145
—,"Ch. 5, Art. V"
15.2-907.2,5-151
15.2-908,Tit. 58
15.2-908.1,"Ch. 11, Art. VII"
—,11-174
15.2-911,"Ch. 10, Art. II"
—,"Ch. 10, Art. III"
15.2-912,"Ch. 6, Art. IV"
15.2-912(B),6-90
15.2-912(C),6-91
15.2-912.3,"Ch. 3, Art. III"
15.2-913,"Ch. 6, Art. VIII"
15.2-915,19-335
15.2-915(E),19-335
15.2-915.2,19-334
15.2-926,"Ch. 19, Art. VIII"
—,19-111
15.2-926.2,"Ch. 19, Art. VI, Div. 2"
—,19-227
15.2-927,Ch. 23 (note)
—,"Ch. 23, Art. II"
15.2-928,Ch. 23 (note)
—,"Ch. 23, Art. II"
15.2-937,Ch. 23 (note)
—,"Ch. 23, Art. II"
15.2-943.1,"Ch. 6, Art. X"
—,6-509
15.2-955,10-78
15.2-956,2-305
15.2-958.1,8-68
15.2-958.1(A),8-68
15.2-958.2,2-1209
15.2-958.3,11-190
15.2-958.5,16-51
—,16-52
15.2-965,Char. § 2.04.1
—,2-1171
15.2-968.1,27-131
15.2-968.1(H),27-131
15.2-968.1(I),27-131
15.2-969,19-2
15.2-973,27-105
15.2-974,Ch. 13 (note)
15.2-1100 et seq.,Ch. 2
15.2-1104,Ch. 26 (note)
15.2-1109,"Ch. 6, Art. VII"
—,"Ch. 6, Art. VII, Div. 2"
15.2-1111,Ch. 7 (note)
15.2-1113,19-327
15.2-1115,"Ch. 15, Art. II"
—,30-100
15.2-1121,Char. § 5.05.1
—,Ch. 7 (note)
15.2-1124,Ch. 8 (note)
15.2-1127,5-14
15.2-1129,8-95
—,"8-148, 8-149"
15.2-1131,2-328
—,2-926
—,"2-1264, 2-1265"
15.2-1412,2-1324
15.2-1414.5,2-1224
15.2-1414.6,2-1224
15.2-1429,1-16
15.2-1430,1-16
15.2-1432,1-16
—,12-11
15.2-1433,Char. § 4.13
—,1-1
—,"1-14, 1-15"
15.2-1500 et seq.,"Ch. 2, Art. III"
15.2-1502,1-2
15.2-1503.1,2-330
15.2-1505,2-1204
15.2-1505.1,2-330
15.2-1507,2-927
15.2-1508.1,2-1226
15.2-1509,2-1294
15.2-1510,Ch. 22 (note)
15.2-1512,2-1205
15.2-1517 et seq.,2-57
15.2-1522 et seq.,Ch. 2
15.2-1527,2-1206
15.2-1530,2-1206
15.2-1532,2-1206
15.2-1603,19-59
15.2-1606,2-57
15.2-1613.1,12-114
15.2-1638 et seq.,Ch. 8 (note)
15.2-1705 et seq.,"Ch. 2, Art. IV, Div. 2"
15.2-1712,2-1208
15.2-1716,27-9
15.2-1717.1,19-83
15.2-1719,19-294
15.2-1720,19-294
15.2-1721,19-331
15.2-1722,1-18
15.2-1731,19-59
15.2-1731 et seq.,2-274
15.2-1733,19-59
15.2-1800 et seq.,Ch. 8 (note)
15.2-1806 et seq.,"Ch. 2, Art. IV, Div. 11"
15.2-1812,19-78
15.2-1812.1,19-78
15.2-1901 et seq.,Ch. 8 (note)
15.2-2000 et seq.,Ch. 24 (note)
15.2-2009 et seq.,"Ch. 24, Art. II"
15.2-2015,Ch. 29
15.2-2017,"Ch. 28, Art. VII, Div. 2"
15.2-2024,24-35
15.2-2100 et seq.,Ch. 8 (note)
15.2-2109 et seq.,"Ch. 28, Art. V"
—,28-54
15.2-2114,"Ch. 28, Art. VIII"
—,28-908
15.2-2119,"Ch. 28, Art. V, Div. 4"
—,"Ch. 28, Art. VI, Div. 2"
15.2-2119.2,"Ch. 28, Art. V, Div. 2"
—,28-271
15.2-2119.3,"Ch. 28, Art. V, Div. 3"
—,28-299
15.2-2119.4,28-54
15.2-2200 et seq.,Char. Ch. 17
—,"Ch. 2, Art. IV, Div. 10"
—,Ch. 30 (note)
15.2-2204,14-292
15.2-2223 et seq.,"Char. §§ 17.06, 17.07"
—,Char. § 17.09
15.2-2240 et seq.,Ch. 25 (note)
—,25-1
15.2-2241,30-691
15.2-2241(A)(1),"Ch. 25, Art. IV"
15.2-2241(A)(4),"Ch. 25, Art. III"
—,"Ch. 25, Art. IV, Div. 2"
15.2-2241(A)(7),25-253
15.2-2241(A)(8),25-294
15.2-2242,25-9
15.2-2260,25-8
—,25-293
15.2-2262,25-288
15.2-2270 et seq.,Ch. 8 (note)
15.2-2280 et seq.,Char. §§ 17.10—17.15
—,Ch. 30 (note)
—,30-100
15.2-2286,30-691
15.2-2286(a)(5),Char. § 17.26
15.2-2286(A)(8),14-262
15.2-2296,30-691
15.2-2298,30-691
15.2-2301,30-691
15.2-2303,30-691
15.2-2305,"Ch. 16, Art. II"
—,16-19
—,16-23
—,16-26
—,30-691
15.2-2306,5-150
15.2-2308 et seq.,Char. § 17.16
—,Char. §§ 17.19—17.24
15.2-2309,30-691
15.2-2400,26-1066
—,26-1089
—,26-1120
—,26-1152
—,26-1186
—,26-1209
—,26-1240
15.2-2400 et seq.,Char. § 2.03
—,"Ch. 26, Art. XVI"
15.2-2403,26-1067
—,26-1090
—,26-1121
—,26-1153
—,26-1187
—,26-1210
—,26-1241
15.2-2503 et seq.,Ch. 12 (note)
15.2-2505,Char. §6.16
15.2-2510,12-17
15.2-2511,12-17
15.2-2511.2,Char. § 4.19
—,2-214
15.2-2600 et seq.,Ch. 12 (note)
—,"Ch. 12, Art. III"
15.2-4900 et seq.,2-771
15.2-4904,2-771
15.2-4904(D),2-771
16.1-69.48(B),1-17
16.1-228,17-26
16.1-278.4,19-389
16.1-278.5,19-389
16.1-278 et seq.,19-408
—,19-437
—,27-2
16.1-309.2 et seq.,21-3
16.1-330.1(C),2-979
17.1-279.1,12-121
17.1-281,8-234
18.2-1 et seq.,Ch. 19 (note)
18.2-9,1-16
18.2-10,10-53
18.2-11,1-16
—,10-53
18.2-30 et seq.,"Ch. 19, Art. III"
18.2-46.1 et seq.,3-99
18.2-51.4,27-9
18.2-57,19-59
18.2-77 et seq.,"Ch. 19, Art. IV"
18.2-119,19-83
18.2-121,19-77
18.2-127,Ch. 7 (note)
18.2-137,"Ch. 11, Art. V"
—,"18-3, 18-4"
18.2-137 et seq.,19-78
18.2-138,19-79
18.2-146,19-80
18.2-147,19-81
18.2-160.3,29-189
18.2-175,19-31
—,19-33
18.2-212,"Ch. 10, Art. II"
—,"Ch. 10, Art. III"
—,19-32
18.2-216,6-149
18.2-216.1,6-150
18.2-217,6-151
18.2-218,6-152
18.2-220,6-154
18.2-223,"Ch. 6, Art. VI"
—,6-180
18.2-224,"Ch. 6, Art. VI"
—,6-177
18.2-247 et seq.,"Ch. 19, Art. VII"
—,19-408
18.2-255.2,"Ch. 19, Art. IX"
18.2-264,19-290
18.2-266,27-9
18.2-266 et seq.,27-2
—,29-46
18.2-279 et seq.,"Ch. 19, Art. VII, Div. 2"
18.2-280,19-327
18.2-286,19-328
18.2-288 et seq.,"Ch. 19, Art. VII, Div. 2"
18.2-299 et seq.,"Ch. 19, Art. VII, Div. 2"
18.2-307.1,19-332
18.2-307.1 et seq.,"Ch. 19, Art. VII, Div. 2"
18.2-308,19-34
—,19-332
18.2-308.03,19-332
18.2-308.1,19-59
18.2-308.2:2,19-336
18.2-309,19-333
18.2-319,19-291
18.2-322,19-1
18.2-325 et seq.,"Ch. 19, Art. VI"
18.2-340.15 et seq.,Char. § 2.05
18.2-346,19-206
—,19-437
18.2-347,"Ch. 11, Art. VII"
18.2-361,19-206
18.2-371.2(C),19-262
18.2-371.3,6-90
—,6-97
—,"Ch. 6, Art. IV"
18.2-372,19-228
18.2-372 et seq.,"Ch. 19, Art. VI, Div. 2"
18.2-373,19-229
18.2-374,19-230
18.2-375,19-231
18.2-376,19-232
18.2-377,19-233
18.2-378,19-234
18.2-379,19-235
18.2-380,19-241
18.2-382,19-236
18.2-383,19-240
18.2-386,19-237
18.2-387,19-238
18.2-388,19-3
18.2-390,19-261
18.2-390 et seq.,"Ch. 19, Art. VI, Div. 3"
18.2-391,19-262
18.2-391.1,19-263
18.2-404,19-110
18.2-404 et seq.,"Ch. 19, Art. V"
18.2-415,19-113
18.2-416,19-112
18.2-432,3-47
18.2-434 et seq.,"Ch. 19, Art. II"
18.2-438 et seq.,21-274
18.2-446 et seq.,21-274
18.2-460,19-30
18.2-460(C),19-30
18.2-462.1,19-35
18.2-463,19-29
18.2-498.1 et seq.,21-46
—,21-274
19.2-78,19-31
19.2-152.1,26-952
19.2-260 et seq.,4-241
—,4-242
19.2-303.3,2-959
19.2-387,1-18
19.2-389,2-330
19.2-392.1—19.2-392.4,1-18
21.1-111.1 et seq.,"Ch. 10, Art. IV"
22.1-28 et seq.,Char. § 20.01
22.1-94,Char. § 6.03
—,Char. § 6.14
22.1-129,8-56
—,12-42
—,12-45
23.1-100,26-518
23.1-105,26-518
24.2-100 et seq.,Ch. 9 (note)
24.2-222,9-3
24.2-222.1,Char. § 3.01
—,Char. § 20.01
—,9-3
24.2-233,Char. § 3.04.1
24.2-304.1 et seq.,"Ch. 9, Art. II"
24.2-305 et seq.,"Ch. 9, Art. III"
24.2-310,9-58
24.2-310.1,9-58
24.2-400 et seq.,Char. § 3.01.1
—,Char. § 3.04
24.2-405,9-1
24.2-444,9-1
24.2-451 et seq.,Char. § 3.01.1
—,Char. § 3.04
24.2-500 et seq.,Char. § 3.01.1
24.2-659,Char. § 3.04
24.2-681 et seq.,Char. § 3.06.1
24.2-700 et seq.,Char. § 3.01.1
—,Char. § 3.04
24.2-712,9-2
25.1-200—25.1-251,5-86
25.1-200 et seq.,Char. § 18.03
25.1-220,Char. § 18.03
25.1-226—25.1-230,Char. § 18.03
25.1-226,Char. § 18.03
25.1-227,Char. § 18.03
25.1-227.1,Char. § 18.03
25.1-227.2,Char. § 18.03
26-408.1—26-408.11,12-46
—,26-104
26-579—26-589,12-46
—,26-104
26-590—26-599,12-46
—,26-104
27-1 et seq.,Ch. 13 (note)
27-30,19-59
27-34.2,19-59
27-34.2:1,19-59
27-94 et seq.,13-138
—,20-39
27-97,"Ch. 13, Art. V, Div. 3"
28.2-1300,14-181
29.1-200,19-59
29.1-529,19-327
29.1-738,27-9
29.1-744,"Ch. 20, Art. II"
32.1-1 et seq.,Ch. 15 (note)
33.1-12,21-63
32.1-31,2-348
—,15-1
32.1-35 et seq.,15-4
32.1-247,"Ch. 15, Art. III"
32.1-249 et seq.,15-5
32.1-277 et seq.,Ch. 7 (note)
32.1-283,Ch. 7 (note)
33.2-208,21-63
33.2-208 et seq.,21-50
—,21-63
33.2-802,19-82
33.2-804,27-105
33.2-1216(1),7-28
33.2-1800,21-304
33.2-1800 et seq.,21-304
—,21-307
—,21-309—21-311
—,26-764
—,26-873
33.2-1803(C),21-310
35.1-1,26-671
35.1-1 et seq.,"Ch. 6, Art. II"
35.1-13,"Ch. 6, Art. II"
—,12-117
35.1-14,"Ch. 6, Art. VII, Div. 2"
—,12-117
35.1-16,12-117
35.1-17,12-117
36-1 et seq.,Ch. 16 (note)
—,23-46
36-3,5-87
36-11.1:1,2-770
36-27(B),5-86
36-49.1:1,"Ch. 5, Art. IV, Div. 2"
—,5-85
—,5-87
—,5-122
36-49.1:1(G),5-121
36-85.3,26-458
—,30-1220
36-96.1,17-19
36-96.1 et seq.,"Ch. 17, Art. II"
36-96.1:1,17-20
36-96.2,17-26
36-96.3,17-21
36-96.4,17-22
36-96.5,17-23
36-96.6,17-24
36-96.7,17-25
36-97 et seq.,Ch. 5
—,5-1
36-99.11,27-200
36-105,"5-4, 5-5"
—,"Ch. 5, Art. II"
36-106,5-3
37.2-100,21-3
38.2-1913(D),21-47
—,21-67
38.2-2400 et seq.,26-952
42.1-1 et seq.,Ch. 18 (note)
42.1-33 et seq.,Ch. 18 (note)
42.1-35,"Ch. 18, Art. II"
—,18-30
—,18-33
—,18-36
42.1-58,18-38
42.1-70,8-235
42.1-72,18-3
42.1-73,18-4
42.1-74,18-5
42.1-76—42.1-90.1,12-16
42.1-76 et seq.,"Ch. 2, Art. VII"
—,2-1319
42.1-77,2-1306
42.1-78,2-1307
—,2-1321
42.1-85,"Ch. 2, Art. VII, Div. 2"
42.1-86.1,2-1321
44-146.13 et seq.,2-376
—,Ch. 10 (note)
44-146.16,12-19
44-146.19,2-376
44-146.21,2-377
45.1-161.1 et seq.,14-323
46.2-100,24-125
—,"26-366, 26-367"
—,"27-127, 27-128"
—,27-197
46.2-100 et seq.,Ch. 27
—,27-2
46.2-113,27-42
—,27-220
46.2-217,19-59
46.2-341.20:5,27-41
46.2-371 et seq.,12-93
46.2-381,12-93
46.2-489 et seq.,27-40
46.2-600 et seq.,"Ch. 27, Art. IV"
—,27-196
46.2-617,27-332
46.2-653,27-357
46.2-662 et seq.,27-105
46.2-694,26-977
—,26-978
46.2-697,26-979
46.2-739(B),27-200
46.2-750 et seq.,26-976
46.2-752,26-977—26-979
46.2-755,26-977
—,26-978
—,26-979
46.2-801,27-7
46.2-818.2,27-41
46.2-827,27-126
46.2-828,27-126
46.2-831,27-73
46.2-844,27-10
46.2-844(A),27-10
46.2-852 et seq.,27-9
46.2-855,27-38
46.2-878.2,27-163
46.2-881,27-162
46.2-888 et seq.,"Ch. 27, Art. VI"
46.2-889,27-218
—,27-221
46.2-894,27-9
46.2-903 et seq.,"Ch. 27, Art. IX"
46.2-904,27-128
46.2-906.1,27-127
46.2-920(C),11-24
46.2-920.1(B),27-41
46.2-927,27-37
46.2-932,19-292
—,19-293
46.2-935,27-71
46.2-936,19-82
46.2-1029.2,27-41
46.2-1101 et seq.,"Ch. 27, Art. VIII"
46.2-1104,27-355
46.2-1122 et seq.,27-355
—,27-356
46.2-1123—46.2-1127,27-358
46.2-1135,27-359
46.2-1138.1,27-358
46.2-1139 et seq.,27-356
46.2-1156,23-2
46.2-1157,"Ch. 27, Art. IV"
46.2-1200,27-327
—,27-330
46.2-1200 et seq.,"Ch. 27, Art. VII"
46.2-1200.1,27-328
46.2-1202,27-327
—,27-331
46.2-1203,27-332
46.2-1205,27-333
46.2-1207,27-333
46.2-1209,27-330
46.2-1211,27-330
46.2-1213,27-327
—,27-330—27-332
46.2-1214,27-332
46.2-1215,27-198
—,"27-327, 27-328"
—,27-330
—,27-332
46.2-1216,27-330—27-332
46.2-1219.1,27-40
46.2-1220,27-196
—,"Ch. 27, Art. VI"
—,"Ch. 27, Art. VI, Div. 2"
46.2-1225,27-219
46.2-1239,27-197
46.2-1240 et seq.,27-200
46.2-1241,27-200
46.2-1245,27-201
46.2-1245(C),27-201
46.2-1300(A)(1),27-161
46.2-1313,27-2
46.2-1508 et seq.,26-980
46.2-1554,27-105
46.2-1555,27-105
46.2-1581,6-153
46.2-2000,26-460
46.2-2000.1,29-24
46.2-2000.1(2),29-24
46.2-2011.33,29-116
—,29-117
48-1 et seq.,"Ch. 11, Art. III"
48-5,11-109
49-1 et seq.,2-1205
49.1:1(C),5-119
49-12 et seq.,2-1206
51.1-143.1,22-178
51.1-800 et seq.,Ch. 22 (note)
51.1-801,Char. § 5B.02
51.1-801.1,22-178
51.1-803,21-3
51.1-803(B),22-11
51.1-803(c),22-266
51.5-40.1,26-817
51.5-44,4-245
—,7-26
—,8-346
—,8-477
51.5-98,26-671
—,26-873
53.1-120,12-113
53.1-128,8-13
54.1-100 et seq.,Ch. 6
54.1-400,21-73
54.1-400 et seq.,14-148
—,14-327
54.1-1100 et seq.,"Ch. 5, Art. III"
54.1-1117,5-63
54.1-2200,14-148
54.1-2300 et seq.,14-262
54.1-2967,19-34
54.1-3000,6-60
54.1-3007,6-66
54.1-3029,"Ch. 6, Art. III"
—,6-60
54.1-3401,11-155
—,19-290
—,30-100
—,30-1220
54.1-4000,30-1220
54.1-4000 et seq.,26-983
54.1-4100 et seq.,26-965
54.1-4300 et seq.,"Ch. 6, Art. VIII"
55-248.4,15-107
55-248.31,16-28
55-248.33,16-28
55-508 et seq.,30-691
55.1-1203(D),17-26
55.1-1900,26-873
55.1-1900 et seq.,27-330
55.1-2000,11-193
55.1-2000 et seq.,27-330
55.1-2500 et seq.,19-294
—,19-331
56-231.15 et seq.,26-764
56-265.14 et seq.,21-40
56-468.1,"Ch. 24, Art. II, Div. 3"
—,24-91
56-468.1(A),24-66
—,24-91
56-484.12,26-637
56-484.29,"Ch. 28, Art. VII, Div. 3"
56-575.1,21-304
56-575.1 et seq.,21-304
—,21-307
—,21-309
—,21-311
56-575.4(G),21-307
56-594,26-635
57-8,26-764
57-16,26-764
57-16.1,26-764
57-22 et seq.,Ch. 7 (note)
—,26-953
57-27,Ch. 7 (note)
58.1-1 et seq.,Ch. 26 (note)
—,26-28
—,26-29
—,26-872
58.1-3,12-21
—,2-1308
59.1-279 et seq.,26-394
58.1-400.2,26-871
58.1-439.7,26-1
58.1-600 et seq.,"Ch. 26, Art. XIV"
—,26-844
—,26-1256
—,26-1260
58.1-605,26-844
—,26-1257
58.1-609.10(10),26-1260
58.1-609.11,26-696
58.1-622,26-844
58.1-628,26-844
58.1-800 et seq.,26-758
58.1-801,26-758
58.1-801 et seq.,"Ch. 26, Art. XI"
58.1-803,26-759
58.1-804,26-760
58.1-807,26-761
58.1-808,26-762
58.1-809,26-765
58.1-810,26-763
58.1-811,26-764
58.1-812,26-766
—,26-767
58.1-814,"Ch. 26, Art. XI"
58.1-1100,26-1
58.1-1201,26-621
58.1-1204,26-622
58.1-1205,26-621
—,26-623
58.1-1207,26-623
58.1-1208,"Ch. 26, Art. VI"
—,26-622
58.1-1211,"26-622, 26-623"
58.1-1212,26-623
58.1-1216,26-624
58.1-1711 et seq.,"Ch. 26, Art. XII"
58.1-1712,26-788
58.1-1718,"Ch. 26, Art. XII"
—,26-788
58.1-1730,26-637
58.1-1821,26-904
58.1-1822,26-904
58.1-2201,26-437
—,26-872
58.1-2500 et seq.,26-873
58.1-2600 et seq.,26-637
—,26-959
58.1-2604,26-356
58.1-2652 et seq.,26-460
58.1-2900,26-959
58.1-3005 et seq.,Ch. 26 (note)
58.1-3200,26-264
58.1-3200 et seq.,"Ch. 26, Art. V, Div. 2"
58.1-3201,26-356
58.1-3203,26-393—26-395
—,26-604—26-606
58.1-3210 et seq.,26-364
—,26-365
58.1-3211.1,26-364
—,26-365
58.1-3217,2-1104
58.1-3219.4,"Ch. 26, Art. V, Div. 10"
58.1-3219.5,26-366
58.1-3220,26-388
58.1-3220 et seq.,"Ch. 26, Art. V, Div. 3"
58.1-3221,26-388
—,26-602
58.1-3222,26-105
58.1-3230,14-181
58.1-3250 et seq.,"Ch. 26, Art. III"
58.1-3280,26-123
58.1-3281,26-203
58.1-3300,26-147
58.1-3308,26-123
58.1-3321,Char. § 6.01
58.1-3330,26-122
58.1-3331,2-1129
58.1-3331(A),2-1129
58.1-3331(B),2-1129
58.1-3331(C),2-1129
58.1-3331(E),2-1129
58.1-3353,26-124
58.1-3360,26-367
58.1-3370 et seq.,"Ch. 2, Art. V, Div. 14"
58.1-3373,2-1126
—,2-1127
58.1-3373.1,2-1126
58.1-3374,2-1127
58.1-3375,2-1130
58.1-3376,2-1127
58.1-3378,2-1130
58.1-3379,2-1127
—,2-1129
58.1-3380,2-1128
58.1-3383,2-1127
58.1-3384,2-1127
58.1-3400,"12-103, 12-104"
58.1-3403,"12-103, 12-104"
58.1-3500 et seq.,"Ch. 26, Art. V, Div. 6"
58.1-3503,27-327
58.1-3503(A)(3),26-460
58.1-3503(A)(14),"26-366, 26-367"
58.1-3503(A)(18),26-458
58.1-3504,"26-366, 26-367"
—,26-458
58.1-3506,26-458
58.1-3507(A),26-1
58.1-3507(D),26-1
58.1-3510,26-1
—,26-1258
58.1-3510.4,26-1256
—,26-1261
58.1-3510.4 et seq.,"Ch. 26, Art. XVII"
58.1-3510.4(A),26-1256
58.1-3510.4(B),26-1256
—,26-1261
58.1-3510.4(B)(1),26-1257
58.1-3510.4(B)(2),26-1257
58.1-3510.5(C),26-1260
58.1-3510.6(A),26-1257
58.1-3510.6(B),26-1257
58.1-3510.6(C),26-1259
58.1-3510.6(E),26-1258
58.1-3511,26-1
58.1-3522,26-458
58.1-3523,26-495
58.1-3523 et seq.,"Ch. 26, Art. V, Div. 7"
—,"26-495, 26-496"
58.1-3606,26-550
58.1-3606.1,26-873
58.1-3606(A)(1),26-546
58.1-3606(A)(2),26-546
58.1-3610—58.1-3622,26-550
58.1-3650,26-550
58.1-3651,26-547
58.1-3651(B),"26-547, 26-548"
58.1-3660,26-518
58.1-3695 et seq.,11-156
—,11-174
58.1-3700 et seq.,Ch. 26 (note)
—,26-870
58.1-3700.1,26-872
—,26-874
58.1-3700 et seq.,"Ch. 26, Art. XV"
58.1-3701,26-870
—,26-872
58.1-3703,"Ch. 26, Art. XV"
—,26-873
58.1-3703(A),26-872
58.1-3703(D),26-874
58.1-3703.1(A)(5)—(A)(8),26-904
58.1-3706,26-871
—,"Ch. 26, Art. XV, Div. 2"
—,26-933
—,26-956
—,26-965
—,26-967
—,"26-969, 26-970"
—,"26-991, 26-992"
—,26-1000
58.1-3709,26-870
58.1-3710,26-878
58.1-3712,26-873
58.1-3713,26-873
58.1-3714(D),26-872
58.1-3714 et seq.,26-956
58.1-3715,"26-869, 26-870"
—,"26-872, 26-873"
—,26-956
58.1-3715(B),26-874
58.1-3716,26-967
—,26-971—26-974
58.1-3717,26-966
—,26-984—26-987
58.1-3719.1,26-871
—,26-971
58.1-3724,26-952
58.1-3728,"26-943, 26-944"
58.1-3730.1,26-962
58.1-3731,26-873
—,26-959
58.1-3732 et seq.,26-883
58.1-3732.2,26-933
58.1-3732.5,26-1000
58.1-3733,26-955
58.1-3800 et seq.,"Ch. 26, Art. XI"
58.1-3814,"Ch. 26, Art. VII"
58.1-3816.1,26-2
58.1-3830,"Ch. 26, Art. XVIII"
58.1-3832,"Ch. 26, Art. XVIII"
58.1-3849,"Ch. 26, Art. XVIII"
58.1-3840,"Ch. 26, Art. VIII"
—,26-669
—,"26-671, 26-672"
—,"Ch. 26, Art. IX"
—,"Ch. 26, Art. X"
58.1-3851,"Ch. 6, Art. XI"
—,6-581
58.1-3852,5-15
58.1-3903,26-433
—,26-900
58.1-3906,26-674
58.1-3910 et seq.,"Ch. 26, Art. V"
58.1-3911,26-361
58.1-3916,26-331
—,"26-361, 26-362"
—,"26-364, 26-365"
—,26-431
—,26-891
58.1-3919,26-332
—,26-437
58.1-3920.1,26-363
58.1-3940,26-357
58.1-3940 et seq.,"Ch. 26, Art. V"
58.1-3941,26-437
58.1-3958,26-332
58.1-3965 et seq.,26-369
58.1-3965.1,11-196
58.1-3980,26-48
—,26-332
—,26-901
58.1-3981,26-48
—,26-901
58.1-3983.1,26-1261
58.1-3984,26-904
58.1-3986,26-870
58.1-3990,26-48
—,26-298
—,26-901
58.1-3993,26-870
59.1-21.1 et seq.,"Ch. 6, Art. VIII"
59.1-68.6 et seq.,21-46
59.1-137 et seq.,20-39
59.1-140,20-39
59.1-196 et seq.,"Ch. 6, Art. IV, Div. 2"
59.1-198,6-153
59.1-206,6-153
59.1-207.40 et seq.,6-153
59.1-279 et seq.,26-601
59.1-364 et seq.,"Ch. 19, Art. XI"
59.1-365,19-466
59.1-403,19-467
59.1-493(a),2-1128
62.1-6 et seq.,Ch. 20 (note)
62.1-44.2 et seq.,14-323
—,28-773
—,28-780
62.1-44.15:24 et seq.,14-149
—,14-181
—,14-292
—,"Ch. 14, Art. V"
—,"14-322, 14-323"
62.1-44.15:27,14-325
62.1-44.15:44,14-333
62.1-44.15:45,14-333
62.1-44.15:48,14-335
62.1-44.15:51,14-148
—,14-262
62.1-44.15:51 et seq.,"Ch. 14, Art. III"
—,"14-147, 14-148"
—,14-181
—,14-292
62.1-44.15:52,14-149
62.1-44.15:54(G),14-154
62.1-44.15:55,14-150
62.1-44.15:56,14-150
62.1-44.15:62,14-155
62.1-44.15:63,14-154
62.1-44.15:67 et seq.,"Ch. 14, Art. IV"
—,14-179
—,14-181
—,14-323
62.1-44.15:68,14-181
62.1-44.15:73,14-180
62.1-44.15:74,"Ch. 14, Art. IV"
—,14-181
—,14-262
62.1-44.15:74(E),14-295
62.1-44.15:76,14-180
62.1-163,20-23
63.2-304,2-570
63.2-305,2-571
63.2-305(B),2-571
63.2-315,2-570
64.2-621 et seq.,26-764
64.2-779.1 et seq.,26-764
65.2-100 et seq.,22-202
—,22-239—22-241
—,22-299
—,22-317
—,26-956
5931,Char. § 21.01
