Code of  Virgina  Section,salem
1-10 et seq.,Ch. 1
1-13.3,1-2
1-13.3:1,1-2
"1-13.6, 1-13.7",1-2
1-13.9,1-6
1-13.13,1-2
"1-13.15, 1-13.16",1-2
1-13.19,1-2
1-13.23,1-2
1-13.28,1-2
1-13.32,1-2
1-16,1-9
1-17.1,1-3
2.1-21,2-36
2.1-340 et seq.,Ch. 2
2.1-344,Char. § 4.6
2.1-517,Ch. 18
2.1-639.1 et seq.,Ch. 2
,Char. § 4.10
2.1-639.14,2-88
2.2-3704,106-528.1
2.2-3707(F),106-528.1
3.1-365 et seq.,"Ch. 38, Art. II"
,"Ch. 38, Art. II,  Div. 2"
3.1-562.4,Ch. 22
3.1-796.66,14-3
3.1-796.66 et seq.,Ch. 14
,"Ch. 14, Art. IV"
"3.1-796.87,  3.1-796.88","14-131, 14-132"
3.1-796.90—  3.1-796.92,14-135—14-137
3.1-796.93,14-88
3.1-796.97:1,14-95
3.1-796.98,14-87
3.1-796.116,14-91
3.1-796.116 et seq.,14-1
3.1-796.121,14-93
3.1-796.122,14-3
3.1-796.127,14-90
3.1-796.128,Ch. 14
3.2-6500,14-106
3.2-6540(G),14-131
tit. 4,6-1
tit. 4.1 et seq.,22-82
4.1-100 et seq.,22-82
4-2,"6-1, 6-2"
4-45 et seq.,Ch. 6
4-78,6-2
4-96,Ch. 6
"4-98.1, 4-98.2",10-31
4-99,6-1
8.01-293,18-38
tit. 10.1,90-76
"tit. 10.1, ch. 6, art. 1.1",30-181
"tit. 10.1, ch. 11",30-133
10.1-560,30-117
10.1-560 et seq.,Ch. 30
,"Ch. 30, Art. III"
,30-86
10.1-561.1,30-87
10.1-566,"Ch. 30, Art. IV, Div. 4"
10.1-603.1 et seq.,30-131
,30-138
10.1-603.3,Ch. 30
10.1-604 et seq.,30-89
10.1-711,Ch. 102
10.1-1100 et seq.,30-133
10.1-1163,10-89
10.1-1163(B),30-133
10.1-1321,Ch. 30
,"Ch. 30, Art. II"
10.1-1412,Ch. 70
10.1-1425,Ch. 38
11-14,10-73
11-35 et seq.,Ch. 2
,Char. § 8.1
14.1-47.2,Char. § 4.5
14.1-66,Char. Chs. 1—12
tit. 15.2,Char. Chs. 1—12
,Char. § 2.4
15.2-1,Char. Chs. 1—12
15.2-7.3:1,Ch. 2
15.2-8,Ch. 2
15.2-11,30-4
,Ch. 70
15.2-11.02,Ch. 70
15.2-11.03,Ch. 86
15.2-11.2,Ch. 18
15.2-11.3,Ch. 102
15.2-11.4,Ch. 18
15.2-11.5,Ch. 70
15.2-11.5:01,Ch. 2
15.2-11.5:1—  15.2-11.5:3,Ch. 70
15.2-11.6,Ch. 22
15.2-13,1-7
,Ch. 2
15.2-13.2,Ch. 2
"15.2-14(1), (9)",Ch. 74
15.2-14(5),Ch. 30
,Ch. 38
15.2-15(1),Ch. 18
,18-3
15.2-16,Ch. 74
15.2-16.2,Ch. 74
15.2-18.3,Ch. 2
15.2-28,"Ch. 86, Art. XI"
"15.2-28.01,  15.2-28.02",Ch. 70
15.2-28.1,Ch. 70
15.2-28.2,58-11
15.2-28.3,Ch. 22
15.2-28.5,Ch. 14
15.2-29,Ch. 18
,"Ch. 18, Art. VI"
15.2-29.1:1,Ch. 14
15.2-29.4,Ch. 2
15.2-29.11,Ch. 18
15.2-29.15,Ch. 58
,"Ch. 58, Art. V"
15.2-29.21,Ch. 30
15.2-37 et seq.,Ch. 90
15.2-37.3,Ch. 1
,1-1
"15.2-37.3:1,  15.2-37.3:2",Ch. 22
15.2-37.3:3,Ch. 98
15.2-37.3:8,Ch. 42
"15.2-37.3:9,  15.2-37.3:12",Ch. 22
15.2-37.4,Ch. 26
15.2-38,Ch. 2
15.2-40.1,Ch. 26
15.2-48.1,Ch. 42
15.2-51 et seq.,Char. § 6.8
15.2-131 et seq.,Ch. 46
15.2-131.12,Ch. 38
15.2-132,Ch. 6
,86-96
15.2-133.01,Ch. 46
,46-6
,98-55
15.2-133.01:1,Ch. 46
,46-6
15.2-138,"46-3, 46-4"
15.2-159.8,Ch. 2
15.2-159.8 et seq.,Ch. 2
15.2-160,Char. § 8.3
15.2-227.1 et seq.,Ch. 2
15.2-243 et seq.,2-258
15.2-257 et seq.,Ch. 18
15.2-282,Ch. 70
15.2-291.4,Ch. 38
15.2-292,Ch. 30
,"Ch. 90, Art. III,  Div. 2, Ch. 90,  Art. III, Div. 3"
,90-79
15.2-292 et seq.,Ch. 90
15.2-307 et seq.,Ch. 22
15.2-317 et seq.,Ch. 90
,"Ch. 90, Art. III,  Div. 3"
15.2-318,Ch. 30
15.2-320 et seq.,"Ch. 90, Art. III,  Div. 3"
15.2-332.1 et seq.,Ch. 90
,"Ch. 90, Art. III,  Div. 2"
15.2-363 et seq.,Ch. 74
15.2-427 et seq.,Ch. 62
15.2-427.1 et seq.,62-36
15.2-437 et seq.,62-36
15.2-446.1 et seq.,62-1
15.2-458 et seq.,Ch. 74
15.2-501,Char. Chs. 1—12
15.2-796,Ch. 46
15.2-812,Ch. 2
15.2-833,Char. Chs. 1—12
15.2-833 et seq.,Char. Chs. 1—12
15.2-836.2,Char. Chs. 1—12
15.2-837,Char. Chs. 1—12
15.2-837—15.2-915,Char. § 2.2
15.2-839,Char. § 2.1
15.2-840,Char. Chs. 1—12
"15.2-865, 15.2-866",Ch. 22
15.2-867,74-8
15.2-900,66-5
15.2-901,Ch. 1
,1-7
15.2-901 et seq.,1-7
15.2-906,66-5
15.2-908—  15.2-915.2,Char. § 2.2
15.2-910,Ch. 22
15.2-912,Ch. 22
15.2-913,Ch. 22
15.2-914,Ch. 22
15.2-915.4,58-142
15.2-958,Ch. 22
15.2-1104,82-260
15.2-1113,Ch. 22
15.2-1114,Ch. 22
15.2-1115,66-5
15.2-1542,106-528.1
15.2-2015,86-480
15.2-2100 et seq.,Ch. 22
15.2-2201,106-528.1
15.2-2204,106-528.1
15.2-2209,106-518
15.2-2286(5),106-516
15.2-2306,18-652
15.2-2314,106-528.1
,106-528.9
16.1-253,58-112
16.1-253.1,46-4
,58-112
16.1-253.4,46-4
16.1-278.2—  16.1-278.6,58-112
16.1-278.8,58-112
16.1-278.14,58-112
16.1-278.15,58-112
16.1-279.1,46-4
,58-112
17.1-279.1,1-15
18.2-11,Ch. 1
,1-7
"18.2-27, 18.2-28","58-9, 58-10"
18.2-51 et seq.,58-8
"18.2-95, 18.2-96",58-26
18.2-103,58-29
"18.2-105, 18.2-106","58-30, 58-31"
"18.2-119, 18.2-120","58-112, 58-113"
18.2-121,58-117
18.2-125,58-115
18.2-128,58-116
18.2-130,58-114
18.2-132—18.2-136,58-112
18.2-146—18.2-148,58-35—58-37
18.2-174,46-9
18.2-179,58-33
18.2-212,58-7
18.2-212.1,86-348
"18.2-223, 18.2-224",Ch. 22
18.2-264,58-18
18.2-266 et seq.,86-96
18.2-268,Ch. 6
18.2-280,58-141
18.2-282,58-144
18.2-284,58-148
18.2-286,58-141
18.2-308,58-145
"18.2-308(C), (D)",58-145
18.2-309,58-147
18.2-310,46-6
18.2-311,58-146
18.2-318,Ch. 38
18.2-319,58-12
18.2-323,Ch. 14
18.2-324,70-4
"18.2-325, 18.2-326","58-61, 58-62"
18.2-329—18.2-331,58-63—58-65
18.2-334,58-66
18.2-336,58-67
18.2-340.1,10-66
,22-83.1
18.2-340.1 et seq.,Ch. 10
18.2-340.2,10-67
18.2-340.3,10-68
18.2-340.4,10-69
18.2-340.5,10-70
18.2-340.6,10-71
18.2-340.7,10-72
18.2-340.9,10-73
18.2-340.9A,10-77
18.2-340.10,10-74
18.2-340.11,10-75
18.2-340.12,10-76
18.2-340.13,10-77
18.2-340.14,10-78
18.2-344,"58-3, 58-4"
18.2-345,58-21
18.2-346—18.2-350,58-86—58-90
18.2-361,58-86
,58-88
18.2-365,58-2
"18.2-365, 18.2-366","58-4, 58-5"
18.2-387,58-17
18.2-388,58-27
18.2-389,Ch. 58
18.2-403.1 et seq.,Ch. 14
18.2-404 et seq.,"Ch. 58, Art. VI"
18.2-405—18.2-407,58-171—58-173
18.2-409,58-175
18.2-410,Ch. 46
18.2-410—18.2-412,58-176—58-178
18.2-415,"58-13, 58-14"
18.2-416,58-1
18.2-427,58-28
"18.2-432, 18.2-433",Ch. 10
18.2-460,58-25
18.2-461,58-15
18.2-463,46-8
18.2-477 et seq.,"Ch. 46, Art. II"
18.2-510,Ch. 14
19.2-59,86-9
19.2-152.1,Ch. 22
,22-1
19.2-232 et seq.,22-56
19.2-354 et seq.,1-7
19.2-393 et seq.,Ch. 38
20-61 et seq.,46-57
20-103,58-112
22.1-50,Char. § 11.2
22.1-53,Char. § 11.2
24.1-36,26-36
24.1-86 et seq.,Ch. 26
24.1-90 et seq.,Ch. 26
"tit. 25, ch. 1.1",Char. § 2.4
"tit. 27, ch. 3",34-42
27-34.2,34-38
27-36,34-38
27-97,34-63
27-98,34-61
29.1-526—29.1-528,Ch. 14
29.1-744,Ch. 102
29.1-744.1,Ch. 102
"tit. 31, ch. 4",2-328
32.1-48.1 et seq.,14-87
32.1-163 et seq.,Ch. 90
32.1-202,Ch. 38
32.1-276.2,82-263
tit. 33,Char. § 2.4
"tit. 33, ch. 1",Char. § 2.4
33-70.1,Char. § 2.4
33-70.3—33-70.11,Char. § 2.4
tit. 33.1,Char. § 2.4
33.1-119,Char. § 2.4
33.1-121—33.1-129,Char. § 2.4
33.1-224 et seq.,Ch. 74
33.1-346,70-2
33.1-348,30-41
,"Ch. 86, Art. XI"
,86-471
33.1-351 et seq.,Ch. 66
35.1-1 et seq.,"Ch. 38, Art. II"
,"Ch. 38, Art. II,  Div. 2"
,"Ch. 54, Art. II"
Title 36,106-600
36-70 et seq.,Ch. 18
36-85.11,Ch. 54
36-96.1 et seq.,"Ch. 42, Art. II"
36-96.2—36-96.5,42-37—42-40
36-96.7,42-41
36-96.9,42-42
36-96.18,42-42
36-96.21,Ch. 42
36-97 et seq.,Ch. 18
,18-36
36-99.1,Ch. 18
37.1-67.1,46-4
38.2-120,10-73
38.2-2400 et seq.,22-1
42.1-33 et seq.,Ch. 50
42.1-76 et seq.,Ch. 2
tit. 46.2,86-370
,86-425
"tit. 46.2, ch. 6",14-105
46.2-3.2—46.2-1215,86-259
46.2-100,82-176
,86-1
,86-93
,86-189
,86-190
46.2-103,86-9
46.2-111(A)—  46.2-111(C),86-301—86-303
46.2-113,86-5
,86-45
46.2-121,"86-246(16), (17)"
46.2-300,86-86
46.2-300 et seq.,86-89
46.2-300—46.2-363,86-122
"46.2-301, 46.2-302","86-87, 86-88"
46.2-303—46.2-309,86-86
46.2-304,86-87
46.2-310,Ch. 98
,"Ch. 98, Art. II,  Div. 3"
"46.2-349, 46.2-350",86-89
46.2-357,86-87
46.2-364 et seq.,86-373
46.2-368,86-185
46.2-389,86-123
"46.2-392, 46.2-393","86-122, 86-123"
46.2-398,86-118
,86-120
,"86-122, 86-123"
,86-373
46.2-472,98-38
46.2-600,86-250
46.2-600 et seq.,86-11
46.2-662 et seq.,86-396
46.2-731,86-246
46.2-739,86-425
46.2-739(B),86-247
46.2-752,86-429
46.2-752 et seq.,Ch. 86
46.2-752(G),86-426
46.2-752(H),86-425
46.2-755,86-425
46.2-800,86-3
46.2-801,86-2
46.2-802,86-161
"46.2-803, 46.2-804","86-163, 86-164"
46.2-807,86-162
46.2-811,86-92
46.2-816,86-172
46.2-817,86-120
46.2-820,86-180
46.2-825—46.2-827,86-181—86-183
46.2-829,86-184
46.2-830,"86-62, 86-63"
"46.2-831, 46.2-832","86-68, 86-69"
"46.2-833, 46.2-834","86-65, 86-66"
"46.2-837, 46.2-838","86-165, 86-166"
46.2-840—46.2-843,86-167—86-170
"46.2-845, 46.2-846","86-173, 86-174"
46.2-848—46.2-850,86-175—86-177
46.2-851,86-179
46.2-852,86-116
46.2-853—46.2-864,86-117
46.2-865,86-118
46.2-868,86-119
46.2-869,86-121
46.2-870,86-141
46.2-873,86-141
46.2-873—46.2-875,86-141
46.2-873—46.2-878,86-141
46.2-882,86-142
,86-185
46.2-884,86-94
46.2-885(B),86-95
46.2-888—46.2-891,86-252—86-255
46.2-894,86-366
46.2-894—46.2-897,86-373
46.2-895—46.2-902,86-367—86-374
46.2-903—46.2-908,86-188
46.2-909—46.2-911,86-93
46.2-920,86-183—86-185
"46.2-921, 46.2-922","86-186, 86-187"
"46.2-923, 46.2-924","86-321, 86-322"
46.2-926—46.2-928,86-323—86-325
46.2-929,86-328
46.2-931,86-17
46.2-932,86-326
"46.2-933, 46.2-934","86-346, 86-347"
46.2-935,86-327
46.2-936,86-41
46.2-940,"86-41, 86-42"
46.2-941,86-249
46.2-1015,86-482
46.2-1022—  46.2-1024,"86-184, 86-185"
46.2-1030,86-301
46.2-1047,86-395
"46.2-1049, 46.2-1050","86-393, 86-394"
46.2-1052(A),86-426
46.2-1060,86-392
46.2-1081,86-169
46.2-1090,86-117
46.2-1121,86-398
46.2-1155,86-397
46.2-1156,86-396
46.2-1158,86-10
"46.2-1172, 46.2-1173",86-10
46.2-1200 et seq.,Ch. 86
,86-261
46.2-1212,86-375
46.2-1213,86-261
46.2-1215,86-262
,86-263
46.2-1216,Ch. 86
46.2-1217,86-262
46.2-1220,Ch. 86
,86-4
46.2-1225,86-248
,86-249
46.2-1239,86-250
46.2-1241,86-247
46.2-1300,86-45
46.2-1300 et seq.,Ch. 86
46.2-1301,86-6
46.2-1302,86-391
46.2-1304,"Ch. 86, Art. IV,  Div. 6"
46.2-1309,86-64
46.2-1313,Ch. 6
,86-96
4935-1315,86-480
tit. 48,14-2
49-1,Ch. 2
53.1-120,1-13
53.1-128,"Ch. 46, Art. II,  Div. 2"
54.1-400 et seq.,30-86
,30-141
54.1-1117,Ch. 18
54.1-2100 et seq.,42-36
54.1-4000 et seq.,22-80
54.1-4111,Ch. 22
54.1-4200 et seq.,Ch. 22
55-202 et seq.,Ch. 14
55-248.49,Ch. 54
55-298.1 et seq.,14-168
55-336 et seq.,Ch. 78
56-257 et seq.,Ch. 74
56-291.3:1 et seq.,Ch. 98
56-412.1,86-453
56-414 et seq.,"86-451, 86-452"
tit. 58.1,"22-61, 22-62"
,22-66
,22-70
,22-72
,"22-79, 22-80"
,22-84
58.1-3.1,22-48
58.1-6 et seq.,Ch. 82
58.1-15,30-146
"tit. 58.1, ch. 31, art. I",82-110
58.1-520 et seq.,Ch. 82
58.1-600 et seq.,82-115
,82-176
,82-182
58.1-605,82-179
58.1-605 et seq.,Ch. 82
58.1-609.7(2),82-182
58.1-1208 et seq.,Ch. 82
58.1-3000,Ch. 82
58.1-3210 et seq.,"Ch. 82, Art. II"
58.1-3222,82-9
58.1-3310 et seq.,82-7
58.1-3370,Char. § 2.6
58.1-3370—58.1-3389,Char. § 2.6
58.1-3382,Char. § 2.6
58.1-3400 et seq.,82-7
58.1-3503,82-176
58.1-3510,82-176
58.1-3510.1,"Ch. 82, Art. VI"
,82-176
58.1-3510.2,82-183
58.1-3600 et seq.,82-6
,82-8
58.1-3605,82-6
,82-8
58.1-3606(A)(1),82-7
58.1-3700 et seq.,Ch. 22
,"Ch. 22, Art. II"
,22-39
58.1-3715,22-36
,22-43.1(3)
,22-64(b)
58.1-3716,22-69
58.1-3724,22-1
58.1-3726,22-62
58.1-3727,22-81
58.1-3733,22-65
58.1-3805 et seq.,82-2
58.1-3812,82-82
58.1-3812 et seq.,"Ch. 82, Art. III"
58.1-3813,82-10
58.1-3840,"Ch. 82, Art. IV,  Ch. 82, Art. V"
,"Ch. 82, Art. VII"
,82-115
,82-210
58.1-3900 et seq.,82-181
58.1-3906,82-107
58.1-3919,82-5.1
58.1-3982,Char. § 2.6
58.1-3984,Char. § 2.6
,82-7
"tit. 62.1, ch. 3.1, art. 2.3",30-131
62.1-44.2 et seq.,30-137
,Ch. 90
,"Ch. 90, Art. III,  Div. 2"
62.1-44.15:24 et seq.,30-137
62.1-44.15:35,30-141
62.1-44.15:40,30-148
62.1-44.15:58,30-148
62.1-155 et seq.,Ch. 102
