Code of Va.  Section,Section  This Code
1-3.9,1-3
1-13.3 et seq.,1-2
2.1-116.1,16-147
2.1-116.1 et seq.,16-147
2.1-340 et seq.,2-107(b)
2.1-344,2-44(6)
2.1-639.1 et seq.,23-3.6.2
2.2-4025 et seq.,19A-33
,19A-70
3.1-22.28,13A-26
3.1-501 et seq.,11.1-2
3.1-796.93:1,4-11(h)
3.2-300 et seq.,4-16
3.2-3800,21-27
3.2-6500—3.2-6509,Ch. 4
3.2-6500,4-1
3.2-6504,4-13
3.2-6522,4-62
,4-64—4-68
3.2-6524,4-40
3.2-6525,"Ch. 4, Art. V"
3.2-6526,4-45
3.2-6527,4-41
,4-45
3.2-6528,4-42
3.2-6529,4-45
3.2-6530,"4-42, 4-43"
,4-45
,4-52
3.2-6531,4-46
3.2-6532,4-48
3.2-6533,4-46
3.2-6534,4-21
3.2-6536,4-44
3.2-6538,4-10
,4-21
3.2-6540,"4-31, 4-32"
,Ch. 13
3.2-6543,Ch. 4
,4-10
,4-40
3.2-6546,4-4
,4-10
3.2-6552,4-23
3.2-6553,4-24
3.2-6554,4-25
3.2-6562,4-33
3.2-6585,4-15
3.2-6587,4-44
,4-47
,4-49
4.1-100,21-27
,21-251
4-97,14-1
5-585.10 et seq.,23-2.1.4
8.01-66.2,9-41
9.1-400,21-131
9.1-402,21-131
10-62,9-2
"Tit. 10.1, Ch. 6, Art. 2",8-4
"Tit. 10.1, Ch. 17",17A-22
"Tit. 10.1, Ch. 21",20-1.1.2
10.1-560,"6A-4,"
,6A-17
10.1-603.1 et seq.,6A-4
,6A-17
10.1-604,23-7.2A.2
10.1-605,23-7.2A.2
10.1-606,23-7.2A.2
10.1-606.2,23-7.2A.1
10.1-606.3,23-7.2A.1
10.1-1100 et seq.,8-4
10.1-1105,6A-4
10.1-1135,9-1
10.1-1163B,8-4
10.1-1400 et seq.,Ch. 19
10.1-1424,"12-17, 12-18"
10.1-1700 et seq.,17A-10
,17A-32
,"Ch. 17A, Exh. 1"
10.1-2100 et seq.,6A-3
,19A-5
10.1-2107,6A-4
11-14,3-85(c)
11-35 et seq.,"Ch. 2, Art. III"
14.1-5,16-85
14.1-7,16-85
14.1-45 et seq.,2-2
"Tit. 15.1, Ch. 11",20.1.1.2
,23-1.1.2
15.1-7.1,Ch. 16
,"Ch. 16, Art. VI"
15.1-7.2,"Ch. 16, Art. VI"
15.1-11,14-9
,19-5
15.1-11.2,5-4
15.1-11.4,"Ch. 5, Art. III"
,5-92
,5-95
,5-96(b)(1)
15.1-16.2,2-11
,12-22
15.1-19.3,"16-88, 16-89"
15.1-23.1,Ch. 6
,6-32
15.1-28,23-3
15.1-28.1,"Ch. 19, Art. II"
15.1-29.4,2-5
15.1-37.3,1-1
,"1-9, 1-10"
,Ch. 23
15.1-37.4—15.1-37.8  7-26,15.1-37.4—15.1-37.8  7-26
15.1-41 et seq.,2-1
15.1-133.01,2-9
15.1-292 et seq.,Ch. 22
15.1-295,22-137
,22-345
15.1-296,22-138
,22-346
15.1-427 et seq.,2-65
15.1-427.1,2-61
15.1-437,"2-63, 2-64"
15.1-486 et seq.,Ch. 23
15.1-489,23-1.1.1
15.1-491(d),23-3.5.2
,"Ch. 23, Art. 3"
,23-4.1.3
15.1-491(g),23-4.6.1
,23-7
,"Ch. 23, Art. 3"
,"Ch. 23, Art. 4, Div. 7"
15.1-492,"Ch. 23, Art. 4"
15.1-493,"Ch. 23, Art. 3"
,"Ch. 23, Art. 4, Div. 7"
15.1-494,23-3.6.2—  23-3.6.4
15.1-494 et seq.,"Ch. 23, Art. 3,"
,Div.6
15.1-496.2,"23-3.6.3,  23-3.6.4"
15.1-497,23-4.8.7
,23-4.9.5
15.1-503.2,23-4.3.8
15.1-504,5-4
15.1-505,"1-11, 12-3"
15.1-518,14-8
15.1-522,2-44
15.1-526,"Ch. 22, Art. III"
15.1-527 et seq.,"Ch. 2, Art. II, Div. 2"
15.1-539,2-44(2)
15.1-544,Ch. 21
15.1-571,7-26
15.1-571.1,7-26
15.1-810,2-44
"15.1-1376,  15.1-1377","2-81, 2-82"
Tit. 15.2,2-83
,20-1.1.2
"Tit. 15.2, Ch. 11",20-1.1.2
15.2-101(A),2-102—2-107
15.2-105,2-4
15.2-107,22-3(c)
15.2-904(A),12-20
15.2-922.1,9-2
15.2-930,19-26
15.2-955,9-5
,9-22
15.2-958.4,5-72
15.2-974,9-46
15.2-1200,3-27
,Ch. 13
15.2-1300,21-375
15.2-1411,2-102—2-107
15.2-1427,12-23
15.2-1433,Ch. 20
15.2-1502,1-2
15.2-1518,4-13
15.2-1529,2-1
15.2-1719,2-167
15.2-1737,1-13
,19-3(c)
15.2-2108.20,2-106
15.2-2119,22-128
,22-336
,22-337
,22-340
15.2-2121,22-128
,22-336
,22-337
,22-340
15.2-2122,22-128
,22-336
,22-337
,22-340
15.2-2204,6A-18(b)
,23-4.2.1
15.2-2232,23-4.6.3
15.2-2240 et seq.,Ch. 20
15.2-2241,"Ch. 20, Art. 1"
,20-4.1.1
,"Ch. 20, Art. 5"
,20-13.1.1
,20-14.1.1
15.2-2243,"Ch. 20, Art. 6"
15.2-2244,20-2.1.3
,20-14.1.1
15.2-2244.2,20-14.1.1
15.2-2253,"Ch. 20, Art. 10"
15.2-2254,20-4.6.3
,"Ch. 20, Art. 11"
15.2-2259,23-7.2A.3
15.2-2260,23-7.2A.3
15.2-2271,20-4.7.2
15.2-2272,"20-4.7.1, 20-4.7.2"
15.2-2275,20-4.7.1
15.2-2283,6A-3(a)
,23-7.3.1
,23-7.6.1
15.2-2284,23-4.6.1
,23-7.2A.1
,23-7.6.1
,"Ch. 23, Art. 4, Div. 6"
,23-4.6.1
15.2-2285,23-4.6.8
15.2-2286,23-5.9.2
,23-5.10.2
,23-5.11.2
15.2-2291,23-2.1.4
15.2-2293.1,23-7A.2.1
15.2-2294,23-7.7.1
,23-7.7.3
15.2-2299,23-4.6.8
15.2-2301,23-4.6.8
15.2-2303,23-4.6.3
15.2-2306,23-7.3.1
,23-7.3.2
,23-7.3.5
15.2-2307,20-2.1.3
15.2-2310,23-8.1.5
15.2-4300 et seq.,21-103
,21-315
15.2-4303,21-320(a)
,21-326
15.2-4307(1)(v),21-328(a)
15.2-4307(2),21-321
15.2-4309,21-322
15.2-4311,"21-328(a), (f)"
15.2-4312(B),21-328(c)
15.2-4900 et seq.,2-83
15.2-5152C,21-350
16.1-278 et seq.,12-86
17.1-227,20-14.1.1
18.1-271.2,12-92(a)
18.2-9,1-11
18.2-11,1-11
18.2-51.4,12-87
18.2-88,9-3
"18.2-146,  18.2-147",14-6
18.2-266,1-12(a)
,12-87
,12-90(b)
18.2-266 et seq.,12-86
18.2-324,12-18
18.2-346,11.1A-2
18.2-347—18.2-349,11.1A-2
18.2-355—18.2.358,11.1A-2
18.2-361,11.1A-2
18.2-368,11.1A-2
18.2-370,11.1A-2
18.2-370.1,11.1A-2
18.2-371,11.1A-2
18.2-386.1,11.1A-2
18.2-387,11.1A-2
18.2-388,1-12(b)
18.2-407,1-12(f)
18.2-415,14-7
18.2-510,4-14
19.2-12 et seq.,1-13
19.2-82,"1-12(a), 1-12(b)"
,1-12(d)
19.2-128,1-12(e)
19.2-260 et seq.,3-32(a)
,4-20
,4-33
19.2-387 et seq.,1-12(c)
19.2-390,1-12(c)
24.1-1 et seq.,Ch. 7
24.1-37—24.1-39,7-66
25.1-400,5-2.1
27-1 et seq.,Ch. 9
27-6.1,9-5
,9-37
27-8.1,9-5
27-15.1,9-1
"Tit. 27, Ch. 3",9-6
27-34.2,9-7
27-36,9-6
27-97,9-46
,9-71
27-97.2,9-48
28.2-1300,6A-4
29.1-571,22-247
29.1-738,12-87
,14-11
29.1-744,14-11
,14-13
32.1-111.1 et seq.  9-5,32.1-111.1 et seq.  9-5
,9-22
32.1-163—  32.1-166,Ch. 22
32.1-167,22-1
32.1-168—  32.1-176,Ch. 22
36-85.3,21-28
36-97 et seq.,5-26
36-99.1,"Ch. 5, Art. III"
36-99.10,5-26
36-105,"Ch. 5, Art. II, Div. 2"
36-106,5-2
40.1-79.1,9-15(a)
40.1-100,9-15(b)
40.1-103,9-15(b)
Tit. 42.1,Ch. 10
42.1-33 et seq.,Ch. 10
42.1-70,10-27—10-31
42.1-71,10-30
42.1-76 et seq.,20-13.3.2
42.1-82,20-4.6.1
ch. 43,23-2.1.4
44-75,16-90
44-78,16-90
44-146.21,9-2
Tit. 45.1,8-4
,19A-5
Tit. 46.2,1-12
,12-2
,12-227
,23-3
46.2-100,12-1
,12-20
,12-227
,18-11
,21-27
,21-132
,21-292
,23-3
46.2-102,12-24
46.2-113,12-3
,18-14
46.2-300 et seq.,12-87
46.2-388,1-14
46.2-644.01,12-227
46.2-644.02,12-227
46.2-644.03,12-227
46.2-731,12-119
46.2-739,12-55(b)
,12-119
46.2-746,12-56
46.2-752,12-47
,12-49
,12-50
46.2-755,12-53
46.2-755(B),12-55(b)
46.2-828,12-5
46.2-844,12-26
46.2-852,12-15
,12-87
46.2-863,12-15
46.2-881,12-15
46.2-894,12-87
46.2-918,12-7
46.2-920.1,12-231
46.2-1047,12-16
46.2-1209 et seq.,12-227
46.2-1212,12-4
46.2-1214,12-153
46.2-1215,12-146
46.2-1216,12-126
46.2-1217,12-226
46.2-1219,12-15
46.2-1220,12-116
,12-117
,12-119
,12-121
,12-125
46.2-1221,"Ch. 12, Art. IV"
,12-121
46.2-1224,12-118
46.2-1231,"Ch. 12, Art. V"
46.2-1234,"Ch. 12, Art. V"
46.2-1238,12-119
46.2-1242,12-119
46.2-1300,12-3
46.2-1300 et seq.,Ch. 12
46.2-1307,12-24
46.2-1313,"12-2, 12-86"
48-1 et seq.,Ch. 13
53.1-105 et seq.,"Ch. 2, Art. II, Div. 6"
,2-129
53.1-106,2-128
"Tit. 54, Ch. 7",5-96(b)(3)
54-44,16-175(e)
54-859.16,17-31
,17-35
54-859.17,17-34
54-859.18—  54-859.20,17-36—17-38
"54-859.21,  54-859.22",17-32
54-859.23A,17-56
54-859.23B,17-57
,17-59
54-859.23C,17-58
54-859.23D,"17-61, 17-62"
54-859.23E,17-33
54-859.24,17-29
54-859.25,17-30
,17-63
54-859.26,"Ch. 17, Art. II"
"54-859.27,  54-859.28","17-27, 17-28"
Tit. 54.1,20-2.1.3
"Tit. 54.1, Ch. 4, Art. 1",19A-32
54.1-400 et seq.,8-4
,19A-32
"Tit. 54.1, Ch. 22",19A-32
54.1-2200,8-4
54.1-2200 et seq.,19A-32
54.1-4000,17.1-1
54.1-4010,17.1-8
54.1-4100,17-26
55-210.1 et seq.,2-9(a)
55-310 et seq.,4-5
55-316,4-6
56-46.1,23-2.1.4
56-412.1,12-14
56-594,21-201
,23-2.1.4
57-27.1,23-4.6.2
57-48,21-201
Tit. 58.1,"2-4, 21-107"
"Tit. 58.1, art. 3",19-5
"Tit. 58.1, art. 4",19-5
58.1-1 et seq.,Ch. 21
58.1-15,19A-40
,21-160
58.1-600 et seq.,"21-136, 21-298"
"58.1-603,  58.1-604",21-136
58.1-605,"21-136, 21-138"
,21-291
58.1-608(9),21-137
58.1-609,21-137
58.1-628,21-138
58.1-811(a)(3),"Ch. 17A, Exh. 1"
58.1-811(c)(4),"Ch. 17A, Exh. 1"
58.1-1200 et seq.,21-157(a)
,21-158(a)
58.1-1201,21-156
58.1-1204,21-157(a)
58.1-1205,21-156
58.1-1207,"21-158(a),  21-158(b)"
,21-159
58.1-1210,21-157
58.1-1211,21-157(b)
,21-158(b)
58.1-1212,21-158(b)
58.1-1216,21-160
58.1-1821,11.1-7(c)
58.1-1822,11.1-7(c)
"Tit. 58.1, Ch. 26",21-310
58.1-2633,21-226(b)
58.1-3000 et seq.,Ch. 21
58.1-3013,2-10
"Tit. 58.1, Ch. 31, Art. 1",21-260
"Tit. 58.1, Ch. 32, Art. 4",21-107
58.1-3200 et seq.,"Ch. 21, Art. III"
58.1-3210,"Ch. 21, Art. III, Div. 2"
,21-80
58.1-3210—  58.1-3212,21-77
58.1-3213,"21-78, 21-79"
58.1-3215,21-80—21-82
58.1-3217,21-76
58.1-3219.13—  58.1-3219.16,21-131
58.1-3219.15,21-132
58.1-3221.2,21-3.1
,21-3.1.3
,21-3.1.4
58.1-3229 et seq.,21-326
58.1-3230,"6A-4,"
,21-103
58.1-3231,21-326
58.1-3235,21-104
58.1-3237,21-106(b)
,21-328(a)
58.1-3238,21-107(b)
58.1-3241,21-106(c)
58.1-3250 et seq.,21-56
58.1-3330,21-102
58.1-3370,"21-112, 21-113"
58.1-3374,21-113
58.1-3378,21-116
"Tit. 58.1, Ch. 35",24-8
,24-28
58.1-3500 et seq.,"Ch. 21, Art. II"
58.1-3503,21-76
,21-132
,21-294
58.1-3504,"21-26, 21-27"
,21-76
,21-132
58.1-3505,"21-26, 21-27"
58.1-3506,21-27.1
58.1-3510.1,21-291
58.1-3516,21-34
58.1-3521,21-29
"58.1-3660,  58.1-3661",21-2
58.1-3700 et seq.,Ch. 11
58.1-3701,11.1-2
58.1-3703,11.1-4(b)
58.1-3709,11.1-5(b)
58.1-3712,11.1-10
58.1-3712.1,11.1-10
58.1-3713,11.1-10
58.1-3714.B,11.1-2
58.1-3715,11.1-2
,11.1-3(a)
,11.1-5(a)(1)
58.1-3717,11.1-3(a)
58.1-3718,11.1-3(a)
58.1-3719.1,11.1-10
58.1-3728,11.1-3(a)
58.1-3731,11.1-3
,21-226
"Tit. 58.1, Ch. 38","24-1, 24-2"
,"24-21, 24-22"
58.1-3812,21-202
58.1-3813,21-310
58.1-3814,21-202
58.1-3819,"21-177, 21-178"
58.1-3826,21-178
58.1-3830 et seq.,21-375
58.1-3833,21-252
"Tit. 58.1, Ch. 39, Arts. 3, 4","5-4, 14-9, 19-5"
58.1-3903,11.1-6(b)
,21-35
58.1-3906,21-264
58.1-3915,21-230
58.1-3916,11.1-3(i)
,21-30—21-35
,"21-57, 21-58"
,21-62
,21-106
58.1-3918,21-230
58.1-3940,11.1-6(c)
58.1-3958,11.1-13
,21-4
58.1-3984,11.1-6(c)
,11.1-7(c)
58.1-3990,21-5
59.1-142 et seq.,"Ch. 9, Art. II"
59.1-296,23-3
"Tit. 62.1, Ch. 3.1",19A-10
"Tit. 62.1, Ch. 3.1, Art. 2.4  Ch. 8","Tit. 62.1, Ch. 3.1, Art. 2.4  Ch. 8"
,8-3
62.1-13.2,6A-4
62.1-44.2 et seq.,19A-10
62.1-44.15,8-5
,"8-16, 8-17"
,"8-30, 8-31"
,8-41
,8-63
62.1-44.15:24 et seq.  19A-10,62.1-44.15:24 et seq.  19A-10
,19A-70
62.1-44.15:27  19A-70,62.1-44.15:27  19A-70
62.1-44.15:27.3A et seq.  19A-1,62.1-44.15:27.3A et seq.  19A-1
62.1-44.15:34  19A-10,62.1-44.15:34  19A-10
,19A-32
,19A-34
62.1-44.15:48  19A-70,62.1-44.15:48  19A-70
62.1-44.15:67 et seq.  19A-10,62.1-44.15:67 et seq.  19A-10
62.1-44.19:3,22-433
62.1-44.19:3.I,22-441
62.1-44.19:3.G,22-442
63.1-195,23-2.1.4
,23-5.4.2
