0,1,2
Code of Va.  Section,Section  this Code,
1-202,1-2,
1-202—1-257  1-2,1-202—1-257  1-2,
1-220,15-136,
"Tit. 2.2, Ch. 31, Art. 7",2-102,
2.2-3115,2-97—101,
2.2-3115(A),2-97,
2.2-3115(B),2-97,
2.2-3115(G),2-97  2-98,
2.2-3117,2-98,
2.2-3118,2-98,
2.2-3124,2-99,
2.2-4300 et seq.,20-1—20-3,
3.1-796.66 et seq.  Ch. 5,3.1-796.66 et seq.  Ch. 5,
3.1-796.94,Ch. 5,
Tit. 3.2,5-7,
3.2-2600,5-1,
3.2-302,16-6,
3.2-3558,5-1,
3.2-6500,5-1,
3.2-6503,5-6,
,5-57,
3.2-6503.1,5-18,
3.2-6504,5-12,
3.2-6509,5-10,
3.2-6522,5-69,
3.2-6538,5-28,
3.2-6540,5-57,
3.2-6540.1,5-58,
3.2-6544,5-9,
,5-11,
,5-19,
3.2-6546,5-3,
,5-9,
,5-28,
,5-52,
,5-68  5-69,
3.2-6546(A),5-69,
3.2-6552,5-30,
3.2-6553,5-31,
3.2-6555,5-1  5-2,
3.2-6556,5-57,
3.2-6562,5-57  5-58,
3.2-6569,5-13  5-14,
3.2-6570,5-7,
3.2-6584,5-31,
4.1-100,28-25,
4.1-207(5),28-25,
4.1-208(A)(2),28-25,
4.1-219,28-25,
4.2,28-25,
4-2(2),23-141,
Tit. 8.01,11-7,
9.1-901 et seq.  4-87,9.1-901 et seq.  4-87,
10-17.9:1 et seq.,28-201,
10.1-560,28-62,
10.1-560 et seq.,11-7  11-8,
,11-10,
,11-14  11-15,
,11-17,
10.1-560—10.1-571  Ch. 11,10.1-560—10.1-571  Ch. 11,
,11-3  11-4,
10.1-561,11-35,
10.1-562,Ch. 11,
,11-16,
10.1-563,11-31,
,11-35  11-36,
10.1-604 et seq.,11-2,
10.1-606.2,21.5-6,
,21.5-9,
10.1-606.3,21.5-6,
10.1-1009,28-356,
10.1-1100 et seq.,11-2,
,21.5-3,
10.1-1105,27B-2,
10.1-1135,12-43,
10.1-1142,12-52,
,12-54,
10.1-1163(B),11-2,
,21.5-3,
10.1-1408.1B,21-10,
10.1-1414,"Ch. 21, Art. V",
10.1-1417,12-62,
10.1-1418.2,12-62,
10.1-1700 et seq.  22A-8,10.1-1700 et seq.  22A-8,
10.1-1700,22-4,
,28-25,
10.1-2107,28-25,
10.1-2109,28-25,
Ch. 11,11-2,
11-14,4-95,
14.1-143,23-32,
"Tit. 15.1, Ch. 11, Art. 7",22-3,
,22-7,
"Tit. 15.1, Ch. 11, Art. 8",28-2,
15.1-11.2,6-1,
15.1-11.4,"Ch. 6, Art. III",
,6-32,
,6-35  6-36,
15.1-23.1,Ch. 7,
,7-2,
,7-22  7-23,
15.1-37.3,Ch. 28,
15.1-37.3:1,Ch. 18,
15.1-37.3:2,Ch. 18,
15.1-133.01,"Ch. 2, Art. IV",
15.1-293.1,Ch. 25,
15.1-341,Ch. 25,
15.1-427,28-2,
15.1-442,2-21,
15.1-456,28-292,
15.1-465,Ch. 21,
15.1-466,25-72.1,
15.1-473(c),22-43,
15.1-486,Ch. 28,
15.1-491,28-312,
15.1-492,28-4,
15.1-499,28-312,
15.1-499.1,28-314,
15.1-503.2,28-58,
15.1-504,2-27,
15.1-517,5-4,
15.1-544,Ch. 23,
"Tit. 15.2, Ch. 25  23-185","Tit. 15.2, Ch. 25  23-185",
15.2-106,2-2,
15.2-900,16-1  16-2,
,16-4,
15.2-901,21-51,
,24-17,
,24-19  24-20,
15.2-901.1,24-19,
,24-20,
15.2-912.3,"Ch. 4, Art. III",
,4-67—4-70,
15.2-915.4,26-4,
15.2-916,26-5,
15.2-917,16-1  16-2,
,16-6—16-8,
,16-14,
15.2-919,16-6,
15.2-922,12-62,
15.2-931(A),21-10,
15.2-1200,4-21,
,16-1  16-2,
,16-4,
,16-6  16-7,
15.2-1209,26-16  26-17,
15.2-1211,9-11,
15.2-1215,24-18  24-19,
15.2-1218,5-20,
15.2-1400,1-13,
,9-11,
15.2-1426,15-4.1,
15.2-1427,15-4.1,
15.2-1429,1-11,
,12-56,
,26-20,
15.2-1433,1-1,
,1-9  1-10,
15.2-1502,1-2,
15.2-1503.1,2-4,
15.2-1540,2-1,
15.2-1716,15-137,
15.2-1720,2-140,
15.2-2200 et seq.  15-55,15.2-2200 et seq.  15-55,
,28-57,
15.2-2204,27B-14,
,28-39,
,28-147,
,28-165,
,28-185,
,28-203,
,28-333,
,28-351,
15.2-2210,2-16,
15.2-2212,2-17—2-20,
15.2-2222.1(B),28-185,
,28-203,
15.2-2222.1(C),22-57,
,28-248,
15.2-2223 et seq.  22-4,15.2-2223 et seq.  22-4,
,28-25,
15.2-2232,25-22,
,25-23,
15.2-2241—15.2-2245  13-2,15.2-2241—15.2-2245  13-2,
15.2-2241,22-131,
,22-4,
15.2-2242,22-4,
15.2-2244,28-25,
15.2-2244.1,28-25,
15.2-2245,22-131,
15.2-2258,22-4,
15.2-2262,22-4,
15.2-2264,22-4,
15.2-2271,22-106,
15.2-2272,22-106,
15.2-2280,28-59,
,28-67,
15.2-2283,28-59,
,28-67,
15.2-2284,28-59,
,28-67,
15.2-2285,28-59,
,28-67,
15.2-2286,22-4,
15.2-2286.1,28-25,
15.2-2288.3,16-1  16-2,
,16-4,
15.2-2289,28-185,
,28-203,
,28-348,
15.2-2291,28-25,
15.2-2294,28-64,
15.2-2298,28-165,
15.2-2298(A),28-161,
15.2-2299,28-164,
15.2-2300,28-163,
15.2-2302,28-165,
15.2-2302.2,28-163,
15.2-2303,28-161—28-165,
15.2-2306,28-65,
15.2-2316.1,28-354,
15.2-2316.2,28-354,
15.2-2317 et seq.  13.5-1,15.2-2317 et seq.  13.5-1,
,13.5-3,
15.2-2318,13.5-2,
15.2-2319,13.5-3,
15.2-2320,13.5-4,
15.2-2322,13.5-5,
15.2-2323,13.5-3,
,13.5-5  13.5-6,
,13.5-11,
15.2-2324,13.5-7,
15.2-2325,13.5-12,
15.2-2326,13.5-9,
15.2-2327,13.5-10,
15.2-2511.1,23-16,
15.2-5152,23-228,
15.2-5702,24-1,
"Tit. 16.1, Ch. 11, Art. 9  15-136","Tit. 16.1, Ch. 11, Art. 9  15-136",
17-59,22-7,
17.1-279.1,1-12.4,
17.1-281,1-12.1,
"Tit. 18.2, Ch. 7, Art. 2",15-136,
18.2-9,1-11,
18.2-11,1-11,
18.2-12,27-17,
18.2-27,17-1,
18.2-51.4,15-137,
18.2-57,17-5,
18.2-77,28-273,
18.2-80,28-273,
18.2-103—18.2-106  17-13,18.2-103—18.2-106  17-13,
18.2-119,17-18,
18.2-120,17-19,
18.2-121,17-21,
18.2-127,17-17,
18.2-128,17-22,
18.2-130,17-20,
18.2-137,17-15,
18.2-140,24-1,
18.2-144,5-10,
18.2-146—18.2-148  17-16,18.2-146—18.2-148  17-16,
18.2-174,17-2,
18.2-175,17-3,
18.2-179,17-14,
18.2-212,17-4,
18.2-266,15-137,
,17-35,
18.2-266.1,15-137,
18.2-267,17-36,
18.2-268.1—18.2-268.11  17-37,18.2-268.1—18.2-268.11  17-37,
18.2-268.3,17-37,
18.2-269A(1)—(3)  17-38,18.2-269A(1)—(3)  17-38,
18.2-280,26-3,
18.2-287.1,26-2,
18.2-308,26-1,
18.2-316,17-25,
18.2-317,17-26,
18.2-319,17-24,
18.2-325,13-1,
18.2-326,13-2,
18.2-329,13-3,
18.2-330,13-4,
18.2-331,13-5,
18.2-332,13-7,
18.2-333,13-8,
18.2-334,13-9,
18.2-334.2,13-10,
18.2-336,13-6,
18.2-337,13-11,
18.2-339,13-12,
18.2-340,Ch. 13,
18.2-340.1,13-10,
18.2-346,17-41,
18.2-372,3-6,
18.2-374,3-6,
18.2-387,3-6,
,17-9,
18.2-388,17-10  17-11,
18.2-389,17-9—17-11,
18.2-404,17-7,
18.2-415,17-8,
18.2-416,17-6,
18.2-510,5-15,
19.2-260 et seq.,5-57. 5-58,
23-232,26-1,
Tit. 24.1,Ch. 9,
Tit. 24.2,Ch. 9,
24.2-306—24.2-310  9-34,24.2-306—24.2-310  9-34,
24.2-310E,28-122,
24.2-712,"Ch. 9, Art. IV",
,9-60,
"Tit. 25, Ch. 1.1",24-26,
"Tit. 27, Ch. 9",12-62,
27-23.1,23-225,
27-34 et seq.,12-21,
27-40.1,12-10,
27-40.1:1,12-10,
27-97,12-62,
27-98,12-21,
28.2,27-32,
,27-34,
28.2-1300,22-4,
,22A-3,
,27B-2,
,28-25,
28.2-1300 et seq.  27-16,28.2-1300 et seq.  27-16,
,27-25,
28.2-1301,27-25,
28.2-1303,27-17,
,27A-2,
28.2-1308,27-25,
28.2-1400 et seq.  27A-10,28.2-1400 et seq.  27A-10,
28.2-1401,27A-10,
28.2-1408,27A-10,
Tit. 29.1,5-7,
29.1-529,26-19,
29.1-700,15-55,
29.1-712,17-35,
29.1-738,15-137,
29.1-738.02,15-137,
29.1-743,17-32,
29.1-744 et seq.,17-31,
29.2-1320(A),27-35,
29.2-1320(B),27-35,
29-24,26-1,
32.1-163,Ch. 25,
32.1-163.5,22-87,
32.1-167,Ch. 25,
32.1-177,Ch. 21,
32.1-203,28-25,
33.1-70.3,22-190,
33.1-346,"Ch. 21, Art. V",
33.2-1219,28-273,
36-70 et seq.,28-25,
36-70,28-2,
36-71,28-25,
36-97,6-16,
36-99.1,"Ch. 6, Art. III",
,6-36,
36-99.11,15-51,
36-106,6-17,
Tit. 38.1,18-2,
38.1-639—38.1-657  5.5-6,38.1-639—38.1-657  5.5-6,
"Ch. 40.1, Tit. 2.1, Art. VII  2-102","Ch. 40.1, Tit. 2.1, Art. VII  2-102",
40.1-103,12-11,
42.1-70,1-12,
Tit. 44,12-5,
44-146.13,Ch. 10,
44-146.16(6),10-8,
44-146.19,10-1,
,10-3  10-4,
,10-7,
44-146.21,10-8  10-9,
44-146.24,10-2,
Tit. 45.1,21.5-3,
"Tit. 46, Ch. 6",5-8,
46.1-179.01,15-69,
Tit. 46.2,15-4,
"Tit. 46.2, Ch. 6",5-8,
"Tit. 46.2, Ch. 16  14.5-1","Tit. 46.2, Ch. 16  14.5-1",
,14.5-4,
46.2-100,5-1,
,14.5-1,
,15-3,
,15-55,
,15-101,
,15-103,
,15-166,
,23-171,
46.2-100 et seq.  15-21,46.2-100 et seq.  15-21,
46.2-113,15-2,
,15-51,
,15-126,
46.2-116,15-160,
,15-162,
,15-164,
46.2-117,15-164,
46.2-118,15-160,
,15-162,
46.2-118(A),15-162,
46.2-118(B),15-162,
46.2-119,15-160,
,15-162,
46.2-300 et seq.  15-137,46.2-300 et seq.  15-137,
46.2-341.4,15-55,
46.2-600 et seq.,15-52,
46.2-633,19-54,
46.2-636 et seq.,19-54,
46.2-637,19-54,
46.2-644.01,15-169,
46.2-731,15-51,
,15-53,
46.2-739,15-51,
,15-53,
46.2-739(B),15-51,
46.2-752,15-23,
46.2-752E.,15-32,
46.2-752(J),15-31,
,15-51,
46.2-852 et seq.  15-137,46.2-852 et seq.  15-137,
46.2-852(J),15-51,
46.2-894,15-137,
46.2-921,15-51,
46.2-941,15-51,
46.2-1200 et seq.,15-58,
46.2-1206,14.5-4,
46.2-1213,15-51  15-52,
,15-58,
46.2-1216,15-52,
46.2-1217,15-51,
,15-147,
,15-160,
,15-162,
46.2-1219,15-51,
46.2-1220,15-51,
46.2-1221,15-52,
46.2-1222.1,15-55,
46.2-1224,15-51,
,15-55,
46.2-1225,15-51,
46.2-1231,15-160,
,15-162,
,15-167,
,15-169—15-173,
46.2-1231—46.2-1233.2  15-51,46.2-1231—46.2-1233.2  15-51,
46.2-1232,15-165—15-174,
46.2-1233,15-169,
,15-172—15-174,
,15-176,
46.2-1233.1,15-160,
,15-162,
,15-169,
,15-172,
46.2-1233.2,15-169,
,15-172,
46.2-1237,15-51,
46.2-1238,15-51,
46.2-1239,15-51,
46.2-1240—46.2-1242  15-51,46.2-1240—46.2-1242  15-51,
46.2-1241,15-51,
,15-53,
46.2-1300,15-2,
,15-126,
46.2-1300 et seq.  15-3,46.2-1300 et seq.  15-3,
46.2-1300—46.2-1313  Ch. 15,46.2-1300—46.2-1313  Ch. 15,46.2-1300—46.2-1313  Ch. 15
46.2-1306,15-51,
46.2-1307,15-3,
,15-55,
46.2-1313,15-4  15-136,
46.2-1600,14.5-1,
46.2-1608,14.5-2,
46.2-1608.1,14.5-2—14.5-4,
51.5-400 et seq.,11-2,
53-39,26-1,
54-113,6-36,
54-825,Ch. 14,
,14-1,
54-826,14-30  14-32,
54-827,14-7  14-26,
54-828,14-9,
54-829,14-8,
54-830,14-4,
54-832,14-13,
54-833,14-5,
54-834,14-14,
54-859.15,19-16,
54-859.16,19-20  19-24,
54-859.17,19-23,
54-859.18,19-25,
54-859.19,19-26,
54-859.20,19-27,
54-859.21,19-21,
54-859.22,19-21,
54-859.23A,19-36,
54-859.23B,19-37  19-39,
54-859.23C,19-38,
54-859.23D,19-40  19-41,
54-859.23E,19-22,
54-859.24,19-18,
54-859.25,19-19  19-42,
54-859.26,"Ch. 19, Art. II",
54-859.27,19-17,
54-859.28,19-17.1,
54.1-400 et seq.,21.5-6,
54.1-3401,28-25,
54.1-3300 et seq.,28-25,
54.1-4000 et seq.  19-50,54.1-4000 et seq.  19-50,
54.1-4001,19-45,
,19-61,
"Tit. 55, Ch. 4.2",22-4,
,28-5,
55-248.13,12-62,
55-248.16,12-62,
55-310,5-5,
56-236.1,23-77,
57-26,28-25,
,28-35,
57-26(1),28-39,
Tit. 58.1,Ch. 23,
,23-40,
"Tit. 58.1, Ch. 6",23-171,
,23-173,
58.1-605,23-172,
58.1-608,23-173,
58.1-3000,Ch. 23,
"Tit. 58.1, Ch. 31, Art. I",23-150,
58.1-3210,"Ch. 23, Art. III",
58.1-3222,23-6,
58.1-3229,23-26,
58.1-3230,23-27,
,27B-2,
,28-25,
58.1-3231,"Ch. 23, Art. II",
58.1-3233,23-29,
58.1-3234,23-28,
,23-30—23-32,
,23-34,
58.1-3235,23-35,
58.1-3236,23-33,
58.1-3237,23-37,
58.1-3238,23-31,
,23-36,
58.1-3239,23-42  23-43,
58.1-3240,27-7,
58.1-3241,23-39,
58.1-3242,23-38,
58.1-3243,23-40,
58.1-3244,23-41,
58.1-3292,23-5,
58.1-3330,23-28,
58.1-3503,23-183,
58.1-3510,23-179,
58.1-3510.1,23-172,
,23-179,
58.1-3523,23-184,
"Tit. 58.1, Ch. 36",23-12,
58.1-3605,23-12,
58.1-3606 et seq.  23-12,58.1-3606 et seq.  23-12,
58.1-3609 et seq.  23-12,58.1-3609 et seq.  23-12,
58.1-3650 et seq.  23-12,58.1-3650 et seq.  23-12,
58.1-3651,23-12,
58.1-3651(B)(8),23-14,
58.1-3706C,23-179,
58.1-3812,23-77,
58.1-3813,23-77,
58.1-3813.1,23-77,
58.1-3814,23-77,
58.1-3850,23A-1,
,23A-6,
58.1-3906,23-150,
58.1-3916,23-2—23-4,
,23-7—23-9,
58.1-3917,23-7,
58.1-3958,23-10,
58.1-3980,23-2.4,
59.1-136.1,14.5-1,
59.1-196 et seq.,19-61,
59.1-200,19-61,
59.1-479 et seq.  1-2,59.1-479 et seq.  1-2,
"Tit. 62.1, Ch. 3.1  25-192","Tit. 62.1, Ch. 3.1  25-192",
62.1-44.2 et seq.,21.5-2,
62.1-44.15:24 et seq.,21.5-2,
,27B-2,
,27B-8,
,27B-12,
62.1-44.15:27 et seq.,21.5-1,
,21.5-4,
62.1-44.15:34 et seq.,21.5-2,
62.1-44.15:37 et seq.,21.5-13,
62.1-44.15:51 et seq.,27B-2,
,27B-12,
62.1-44.15:67 et seq.,27B-1  27B-2,
62.1-44.15:72,27B-2,
62.1-44.15:74,22-4,
,27B-2,
,28-25,
62.1-44.15:350 et seq.  21.5-6,62.1-44.15:350 et seq.  21.5-6,
62.1-182,17-29,
63.2-100,28-25,
63.2-1700 et seq.  28-25,63.2-1700 et seq.  28-25,
