Virginia,strasburg
1-13 et seq.,1-2
1-13.9,1-4
1-13.19,1-2
1-13.25,2-1
,2-219
1-13.32,1-2
1-15,1-2
1-220,82-3
2.1-116.10 et seq.,Ch. 62
2.1-234.3,2-362
2.1-340 et seq.,Char. § 10  Ch. 2
,2-31
,2-222
2.1-446,54-288
2.1-517,Ch. 22
2.1-639.1 et seq.,Ch. 2
3.1-73.6,18-61
3.1-562.4,Ch. 26
3.1-723 et seq.,Ch. 18
,"Ch. 18, Art. III"
3.1-796.66,18-61
3.1-796.66 et seq.,Ch. 18
,"Ch. 18, Art. II"
3.1-796.93,18-31
3.1-796.93:1,18-32
3.1-796.94:1(B),Ch. 18
3.1-796.104:1,18-32
3.1-796.119,18-32
3.1-796.122,18-1
3.1-796.122 et seq.,Ch. 18
3.1-796.127,Ch. 18
3.1-796.128,Ch. 18
tit. 4.1,Ch. 10
4.1-100,50-95
4.1-200(1)—(5),10-1
4.1-200(1)—(7),10-1
4.1-304,10-1
4.1-305,10-1
4.1-306,10-4
4.1-308,10-2
4.1-309(A)—(C),10-3
4.1-335,38-112
4.1-338,10-1
,10-4
6.2-301,38-113
,54-96
10-277,18-33
10.1-560 et seq.,Ch. 38
10.1-603.3,Ch. 38
10.1-1127.1,Ch. 90
10.1-1135,54-35
,54-411
10.1-1321,Ch. 38
10.1-1400 et seq.,Ch. 70
11-35 et seq.,Ch. 2
13.1-501 et seq.,26-81
15.1-11,18-33
15.1-14,18-33
tit. 15.2,Char. § 1
,Char. § 13  Ch. 2
"tit. 15.2, ch. 25",78-29
15.2-200,Char. §§ 1—22
15.2-900,Ch. 38
,38-112
,54-96
15.2-901,38-113
,Ch. 70
,Ch. 90
15.2-902,Ch. 70
,Ch. 90
15.2-904,82-238
,82-266
15.2-906 et seq.,Ch. 22
15.2-911,Ch. 34
15.2-911(C),34-26
15.2-913,Ch. 58
15.2-915.4,54-317
15.2-922,Ch. 42
15.2-926,54-251
15.2-927 et seq.,Ch. 70
15.2-930,Ch. 70
15.2-932,Ch. 70
15.2-933,Ch. 70
15.2-944,Ch. 46
15.2-953,42-28
15.2-953 et seq.,Ch. 42
15.2-967,Ch. 82
15.2-1100 et seq.,Char. § 13
15.2-1104,Ch. 78
15.2-1107,"Ch. 2, Art. II"
15.2-1110,Ch. 86
15.2-1113,Ch. 42
,"Ch. 42, Art. IV"
15.2-1114,Ch. 58
15.2-1115,Ch. 38
,"Ch. 38, Art. III"
,38-106
,54-96
15.2-1116,Ch. 42
15.2-1117,Ch. 22
15.2-1118,Ch. 42
15.2-1129.1,78-268
15.2-1400 et seq.,"Ch. 2, Art. II"
15.2-1401,Char. § 10
15.2-1415—15.2-1418,Char. § 10
15.2-1423,Char. § 11
15.2-1425,Char. § 11
15.2-1429,1-14
15.2-1430,1-14
15.2-1432,1-14
15.2-1433,1-1
,1-10
,1-11
15.2-1500 et seq.,Ch. 62
15.2-1502,1-2
15.2-1522,2-126
15.2-1538,2-216
15.2-1540,"Ch. 2, Art. III, Div. 2"
15.2-1700 et seq.,Ch. 50
15.2-1704,Ch. 50
,50-90
15.2-1719,50-128
,50-129
15.2-1720,50-128
15.2-1722(B),50-28
15.2-1731,50-88
15.2-1734,50-88
15.2-1737,50-88
15.2-1812,54-156
15.2-2000 et seq.,Ch. 74
15.2-2006,74-5
15.2-2008,74-5
15.2-2015,Ch. 94
15.2-2026,Ch. 82
15.2-2028,Ch. 82
15.2-2029,Ch. 82
15.2-2109 et seq.,Ch. 86
,"Ch. 86, Art. III"
15.2-2122 et seq.,Ch. 86
,"Ch. 86, Art. III"
15.2-2134 et seq.,Ch. 86
,"Ch. 86, Art. II"
15.2-2279,Ch. 22
15.2-2503 et seq.,"Ch. 2, Art. V"
15.2-2600 et seq.,"Ch. 2, Art. V"
,Char. § 16
15.2-2610,"Ch. 2, Art. V"
15.2-2611,"Ch. 2, Art. V"
15.2-3200 et seq.,Char. § 2
15.2-3509,"Ch. 2, Art. III"
15.2-5702,90-1
tit. 16.1,"Char. §§ 6, 7"
16.1-253,54-121
16.1-253.1,54-121
16.1-253.4,54-121
16.1-278.2—16.1-278.6,54-121
16.1-278.8,54-121
16.1-278.9(D),10-1
16.1-278.14,54-121
16.1-278.15,54-121
16.1-279.1,54-121
17.1-238,Ch. 74
tit. 18.2,Ch. 54
18.2-9(2),1-14
18.2-11,1-14
,50-106
,82-41
18.2-23,54-123
18.2-27,54-1
18.2-57,54-66
18.2-95(iii),54-191
18.2-96,54-191
18.2-103,54-192
18.2-105,54-193
18.2-106,54-194
18.2-119,54-121
18.2-120,54-122
"18.2-127(A), (C)",54-157
18.2-130,54-124
18.2-132—18.2-136,54-121
18.2-137,54-156
18.2-138,54-158
18.2-139 et seq.,Ch. 90
18.2-140,90-1
18.2-145,18-65
18.2-146—18.2-148,54-159—54-161
18.2-159,54-125
18.2-160,54-126
18.2-174,54-34
18.2-174.1,54-35
18.2-175,54-36
18.2-179,54-221
18.2-181,54-195
18.2-204.2,54-222
18.2-212,34-152
,Ch. 42
,54-223
18.2-223,Ch. 26
18.2-224,Ch. 26
18.2-250.1,54-286
18.2-258.01,38-112
18.2-266 et seq.,82-3
,82-41
18.2-267 et seq.,Ch. 10
18.2-271.1(E),10-1
18.2-280,54-316
18.2-282,54-322
"18.2-308(A)—(C), (N)",54-319
18.2-308(D),54-319
18.2-308(J1),54-319
18.2-308(P),54-319
18.2-308.1,54-66
,54-323
18.2-309,54-320
18.2-310,54-319
18.2-311,54-321
18.2-319,54-287
18.2-323,Ch. 18
18.2-324,54-288
18.2-325 et seq.,54-351
18.2-340.15 et seq.,Ch. 14
18.2-346—18.2-350,54-381—54-385
18.2-361,54-381
,54-383
18.2-372,38-72
18.2-373,54-353
18.2-375,54-353
18.2-377,54-353
18.2-387,54-352
18.2-388,54-255
18.2-389,Ch. 54
18.2-403.1 et seq.,Ch. 18
18.2-404,54-252
18.2-405—18.2-407,54-256—54-258
18.2-410,Ch. 50
18.2-415,54-253
18.2-416,54-254
18.2-424,54-443
18.2-425,54-444
18.2-426,54-411
18.2-427,54-412
18.2-428,54-441
18.2-429,54-442
18.2-432,Ch. 14
18.2-433,Ch. 14
18.2-460,54-32
18.2-461,50-101
18.2-463,54-33
18.2-510,Ch. 18
tit. 19.2,Char. § 7
19.2-8,Ch. 22
19.2-76.2,Ch. 70
19.2-78,54-36
19.2-152.1,Ch. 26
19.2-152.8—19.2-152.10,54-121
19.2-389,Ch. 62
20-103,54-121
23-232 et seq.,54-319
tit. 24.2,Char. § 3-a
,Char. § 4
,Char. § 18
,Ch. 30
24.2-200 et seq.,Char. § 18
24.2-308,30-1
25-46.3(g),1-2
tit. 25.1,54-96
tit. 27,Ch. 42
27-1,"Ch. 42, Art. II"
27-1 et seq.,Ch. 42
27-6.1 et seq.,Ch. 42
,"Ch. 42, Art. II"
27-14,Ch. 42
,"Ch. 42, Art. II"
27-30 et seq.,Ch. 42
27-39 et seq.,Ch. 42
27-97,42-56
,42-61
,42-63
,42-65
tit. 29.1,Ch. 18
29.1-200 et seq.,54-319
29.1-527,Ch. 18
32.1-163 et seq.,Ch. 86
32.1-167,86-101
32.1-167 et seq.,Ch. 86
33.1-25 et seq.,Ch. 74
33.1-224 et seq.,Ch. 74
33.1-346,70-3
33.1-351 et seq.,Ch. 6
36-49.1:1,54-96
36-49.1:1 et seq.,54-96
36-70 et seq.,Ch. 22
36-97 et seq.,Ch. 22
,22-31
36-98,Ch. 22
36-99,Ch. 22
36-99.11,Ch. 82
36-105,Ch. 22
36-106,22-31
,22-68
tit. 38.2,58-28
tit. 40.1,Ch. 62
40.1-2.1,Ch. 62
40.1-100,Ch. 14
40.1-117 et seq.,Ch. 22
42.1-76 et seq.,Ch. 2
43-32—43-36,82-272
44-152 et seq.,Ch. 42
tit. 46.2,82-3
,82-41
46.2-100,1-2
,82-6
,82-238
46.2-100 et seq.,Ch. 82
46.2-113,82-2
46.2-300 et seq.,Ch. 82
46.2-310,Ch. 94
,"Ch. 94, Art. II, Div. 3"
46.2-617,82-271
46.2-711,Ch. 94
46.2-752,82-101
46.2-752 et seq.,Ch. 82
,"Ch. 82, Art. IV"
46.2-752(C),82-103
46.2-752(J),82-107
46.2-755,82-105
46.2-800 et seq.,Ch. 82
46.2-904,82-8
46.2-932,82-8
46.2-936,70-3
46.2-1037,82-142
46.2-1200,82-266
,82-272
46.2-1200 et seq.,Ch. 82
,82-236
46.2-1200—46.2-1208,82-267
46.2-1201—46.2-1206,82-269—82-274
46.2-1208,82-266
46.2-1212,Ch. 82
,82-143
46.2-1213,42-66
,82-236
46.2-1215,82-237
46.2-1216,Ch. 82
46.2-1217,82-237
,82-239
46.2-1219,Ch. 82
46.2-1220,Ch. 82
46.2-1220,"Ch. 82, Art. V, Div. 2"
,82-36
46.2-1300,82-2
46.2-1300 et seq.,Ch. 82
46.2-1301,82-37
46.2-1304,82-6
46.2-1313,Ch. 10
,82-3
,82-41
46.2-2013 et seq.,Ch. 94
46.2-2016,94-191
46.2-2016 et seq.,Ch. 94
46.2-2028,94-163
46.2-2030,94-163
tit. 48,"Ch. 38, Art. III"
,38-112
49-1,2-126
49-1 et seq.,2-126
51.1-124.2 et seq.,Ch. 62
53.1-1,54-286
53.1-29,54-319
tit. 54.1,Ch. 26
54.1-1100 et seq.,Ch. 22
54.1-1117,Ch. 22
54.1-3400 et seq.,54-286
54.1-4111,Ch. 26
54.1-4200 et seq.,Ch. 26
55-202 et seq.,Ch. 18
,18-62
55-210.1 et seq.,50-128
56-257 et seq.,Ch. 74
56-594,78-156
56-468.1,74-4
57-49,58-28
57-53,58-28
57-60,58-28
57-63,58-28
,58-57
tit. 58.1,26-81
58.1-1 et seq.,Ch. 78
58.1-6 et seq.,Ch. 78
58.1-15,78-94
58.1-520 et seq.,Ch. 78
58.1-605 et seq.,Ch. 78
58.1-1200 et seq.,78-92
,78-93
58.1-1201,78-91
58.1-1204,78-92
58.1-1205,78-91
58.1-1207,78-93
58.1-1208 et seq.,Ch. 78
58.1-1209,"Ch. 78, Art. III"
,78-92
58.1-1211,78-92
,78-93
58.1-1212,78-93
58.1-1216,78-94
58.1-1821,26-86
58.1-1822,26-86
58.1-2620 et seq.,26-51
,26-52
58.1-2628,26-51
58.1-2901,78-159
58.1-3000 et seq.,Ch. 78
58.1-3005,Ch. 78
58.1-3200 et seq.,"Ch. 78, Art. II"
58.1-3210 et seq.,"Ch. 78, Art. II, Div. 2"
58.1-3213(D),78-58
58.1-3214,78-56
58.1-3220,78-71
58.1-3221,78-71
58.1-3523,78-29
58.1-3650 et seq.,78-158
58.1-3700 et seq.,Char. § 17-a
,Ch. 26
,26-81
58.1-3700.1,26-81
58.1-3701,26-81
,26-84
"58.1-3703.1(A)1, 2",26-83
58.1-3703.1(A)3—6,26-84—26-87
58.1-3712,26-89
58.1-3712.1,26-89
58.1-3713,26-89
58.1-3714(D),26-81
58.1-3715,26-81
,26-83
,26-84
58.1-3717 et seq.,Ch. 58
58.1-3719.1,26-89
58.1-3731,26-52
58.1-3732,26-88
58.1-3812 et seq.,"Ch. 78, Art. IV"
58.1-3813,78-158
58.1-3813.1,78-158
58.1-3814,78-157
,78-158
"58.1-3814(F), (G)",78-159
58.1-3840,"Ch. 78, Art. V"
58.1-3851,78-268
58.1-3900 et seq.,Ch. 26
,Ch. 78
58.1-3903,26-85
58.1-3906,78-196
58.1-3916,26-83
,78-28
58.1-3940,26-85
58.1-3940 et seq.,38-113
,54-96
58.1-3965 et seq.,38-113
,54-96
58.1-3984,26-85
,26-86
58.1-3986,26-84
58.1-3993,26-84
59.1-137 et seq.,Ch. 42
59.1-142,42-92
59.1-142 et seq.,Ch. 42
59.1-142—59.1-148,"Ch. 42, Art. IV"
59.1-143,42-93
59.1-144,42-94
59.1-146,42-91
59.1-147,42-91
59.1-148,"Ch. 42, Art. IV"
,42-92
59.1-501 et seq.,1-2
62.1-44.2 et seq.,Ch. 86
