Virginia,victoria
1-200,Ch. 1
1-210,1-5
1-216,1-5
1-220,1-16
1-227,1-5
1-250,1-5
2.2-3100 et seq.,Ch. 2
3.2-5900 et seq.,Ch. 4
3.2-6000 et seq.,Ch. 4
3.2-6531,4-51
3.2-6543,Ch. 4
3.2-6554,4-51
3.2-6570 et seq.,Ch. 4
3.2-6585,Ch. 4
8.01-386,Ch. 1
10.1-1135 et seq.,Ch. 16
13.1-501 et seq.,8-59
tit. 15.2,34-533
—,34-657
15.2-900,14-22
15.2-906,Ch. 6
15.2-908,Ch. 6
15.2-1100 et seq.,Char. Sec. 3
15.2-1104,Ch. 26
15.2-1113,Ch. 16
15.2-1115,14-22
—,Ch. 20
15.2-1121,8-66
—,18-4
15.2-1400 et seq.,Ch. 2
15.2-1401,Ch. 2
15.2-1409,Ch. 2
15.2-1428,Ch. 2
15.2-1429,1-18
15.2-1430,1-18
15.2-1432,1-18
15.2-1433,1-19
—,Ch. 1
15.2-1500 et seq.,2-88
15.2-1503,Ch. 2
15.2-1511,2-257
15.2-1525,Ch. 2
15.2-1704,"Ch. 2, Art. IV"
15.2-1716,30-56
15.2-2001 et seq.,Ch. 22
15.2-2006,Ch. 22
15.2-2010,Ch. 16
15.2-2017,Ch. 22
15.2-2114,Ch. 32
—,32-27
15.2-2200 et seq.,"Ch. 2, Art. IV"
15.2-2200—15.2-2329,34-1
15.2-2200,34-1
15.2-2201,34-504
—,34-553
15.2-2204,34-504
—,34-509
—,34-583
—,34-614
—,34-615
15.2-2210—15.2-2222,"Ch. 2, Art. IV"
15.2-2212,2-228
15.2-2240,Ch. 24
15.2-2241,Ch. 24
—,34-653
15.2-2242,Ch. 24
15.2-2253,Ch. 24
"15.2-2280, 15.2-2281",34-22
15.2-2285,34-511
—,34-611
15.2-2286,34-611
15.2-2286(15),34-411
15.2-2292,34-3
15.2-2297 et seq.,34-651
15.2-2304,34-534
15.2-2308,34-531
15.2-2309,34-551
15.2-2314,34-587
15.2-2503 et seq.,Ch. 2
15.2-4900 et seq.,2-278
"title 16.1, ch. 11, art. 4",18-3
"title 16.1, ch. 11, art. 5",18-3
16.1-246 et seq.,18-3
16.1-259 et seq.,18-3
18.2-9,1-18
18.2-11,1-18
—,30-202
18.2-27,18-1
18.2-51.4,30-56
18.2-127,8-66
18.2-254,18-4
18.2-266 et seq.,30-1
18.2-266.1,30-56
18.2-323,Ch. 4
18.2-388,18-4
18.2-403.1 et seq.,Ch. 4
22.1-214,34-3
24.2-222,Ch. 2
24.2-230 et seq.,Ch. 2
27-1 et seq.,Ch. 16
27-6.1 et seq.,Ch. 16
27-30 et seq.,Ch. 16
27-51 et seq.,Ch. 16
27-94 et seq.,Ch. 16
title 29.1,Ch. 4
29.1-738.02,30-56
33-288.1,22-1
36-97 et seq.,Ch. 6
3800 et seq.,26-91
42.1-76 et seq.,Ch. 24
46.1-1313,30-1
title 46.2,30-1
46.2-800 et seq.,34-3
art. 1 of ch. 3 of title 46.2,30-56
art. 7 of ch. 8 of title 46.2,30-56
46.2-100,14-21
—,30-202
46.2-113,30-202
46.2-300 et seq.,30-56
46.2-341.20,30-202
46.2-752,Ch. 30
46.2-752 et seq.,30-117
46.2-755,Ch. 30
46.2-852 et seq.,30-56
46.2-894,30-56
46.2-903,22-3
46.2-1037,30-86
46.2-1212,30-55
46.2-1300,"Ch. 30, Art. VI"
46.2-1304,30-202
46.2-1313,1-16
—,30-1
48-5,14-22
55-202 et seq.,Ch. 4
56-14,Ch. 22
56-257—56-260.1,Ch. 22
56-594,26-90
58-963,26-4
title 58.1,8-59
58.1-1 et seq.,Ch. 26
"title 58.1, ch. 12",26-46
58.1-1201,26-46
58.1-1204,26-46
58.1-1205,26-46
58.1-1207,26-46
58.1-1209,26-46
58.1-1211,26-46
58.1-1212,26-46
58.1-1821,8-63
58.1-1822,8-63
58.1-2901,26-91
58.1-3000 et seq.,Ch. 2
58.1-3220,26-200
58.1-3221,26-168
58.1-3504,26-2
"title 58.1, ch. 37",8-59
58.1-3700 et seq.,Ch. 8
58.1-3700.1,8-59
58.1-3701,8-59
58.1-3706,"Ch. 8, Art. III"
58.1-3709,8-61
58.1-3712,8-66
—,"Ch. 8, Art. III"
58.1-3713,8-66
—,"Ch. 8, Art. III"
58.1-3714.B,8-59
58.1-3715,8-59
—,8-60
—,8-61
58.1-3717,8-60
58.1-3718,8-60
58.1-3728,8-60
58.1-3731,8-60
—,"Ch. 8, Art. III"
58.1-3814,26-91
58.1-3814(F),26-91
58.1-3814(G),26-91
58.1-3840,26-91
58.1-3903,8-62
58.1-3906,26-6
58.1-3916,8-60
58.1-3940,8-62
58.1-3940 et seq.,6-139
58.1-3984,8-62
—,8-63
59.1-137 et seq.,Ch. 16
63.2-100,34-3
63.2-1700 et seq.,34-3
63.2-1704,34-3
